trace,fixture,config,waste,h,issued,useful,useful_miss,share_issued,share_useful_miss,total_issued,total_useful_miss,scored_misses
awkhash,coarse,coarse/best-ev-w0.05,0.050,1,48720,34466,344,0.175548,0.274541,277531,1253,56090
awkhash,coarse,coarse/best-ev-w0.05,0.050,2,47465,30623,279,0.171026,0.222666,277531,1253,56090
awkhash,coarse,coarse/best-ev-w0.05,0.050,4,46850,27767,323,0.168810,0.257781,277531,1253,56090
awkhash,coarse,coarse/best-ev-w0.05,0.050,8,45577,27735,139,0.164223,0.110934,277531,1253,56090
awkhash,coarse,coarse/best-ev-w0.05,0.050,16,44834,26701,154,0.161546,0.122905,277531,1253,56090
awkhash,coarse,coarse/best-ev-w0.05,0.050,32,44085,28054,14,0.158847,0.011173,277531,1253,56090
awkhash,coarse,coarse/best-ev-w0.25,0.250,1,20340,14156,328,0.182572,0.316602,111408,1036,56090
awkhash,coarse,coarse/best-ev-w0.25,0.250,2,19302,12358,205,0.173255,0.197876,111408,1036,56090
awkhash,coarse,coarse/best-ev-w0.25,0.250,4,18789,11002,216,0.168650,0.208494,111408,1036,56090
awkhash,coarse,coarse/best-ev-w0.25,0.250,8,18123,10772,128,0.162672,0.123552,111408,1036,56090
awkhash,coarse,coarse/best-ev-w0.25,0.250,16,17686,10318,144,0.158750,0.138996,111408,1036,56090
awkhash,coarse,coarse/best-ev-w0.25,0.250,32,17168,10866,15,0.154100,0.014479,111408,1036,56090
awkhash,coarse,coarse/uniform-random-w0.01,0.010,1,86798,62470,137,0.166834,0.182423,520266,751,56090
awkhash,coarse,coarse/uniform-random-w0.01,0.010,2,86629,57640,131,0.166509,0.174434,520266,751,56090
awkhash,coarse,coarse/uniform-random-w0.01,0.010,4,85025,51940,172,0.163426,0.229028,520266,751,56090
awkhash,coarse,coarse/uniform-random-w0.01,0.010,8,86024,54075,127,0.165346,0.169108,520266,751,56090
awkhash,coarse,coarse/uniform-random-w0.01,0.010,16,87184,53421,138,0.167576,0.183755,520266,751,56090
awkhash,coarse,coarse/uniform-random-w0.01,0.010,32,88606,58155,46,0.170309,0.061252,520266,751,56090
awkhash,coarse,coarse/uniform-random-w0.02,0.020,1,69545,49861,134,0.167022,0.186111,416382,720,56090
awkhash,coarse,coarse/uniform-random-w0.02,0.020,2,69290,45621,122,0.166410,0.169444,416382,720,56090
awkhash,coarse,coarse/uniform-random-w0.02,0.020,4,68126,41003,161,0.163614,0.223611,416382,720,56090
awkhash,coarse,coarse/uniform-random-w0.02,0.020,8,68934,42668,124,0.165555,0.172222,416382,720,56090
awkhash,coarse,coarse/uniform-random-w0.02,0.020,16,69752,42237,136,0.167519,0.188889,416382,720,56090
awkhash,coarse,coarse/uniform-random-w0.02,0.020,32,70735,46099,43,0.169880,0.059722,416382,720,56090
awkhash,coarse,coarse/uniform-random-w0.05,0.050,1,46793,33271,131,0.167552,0.191801,279274,683,56090
awkhash,coarse,coarse/uniform-random-w0.05,0.050,2,46578,30206,118,0.166782,0.172767,279274,683,56090
awkhash,coarse,coarse/uniform-random-w0.05,0.050,4,45666,26961,144,0.163517,0.210835,279274,683,56090
awkhash,coarse,coarse/uniform-random-w0.05,0.050,8,46277,28074,117,0.165705,0.171303,279274,683,56090
awkhash,coarse,coarse/uniform-random-w0.05,0.050,16,46719,27830,130,0.167287,0.190337,279274,683,56090
awkhash,coarse,coarse/uniform-random-w0.05,0.050,32,47241,30438,43,0.169156,0.062958,279274,683,56090
awkhash,coarse,coarse/uniform-random-w0.10,0.100,1,31290,22154,123,0.167914,0.191291,186345,643,56090
awkhash,coarse,coarse/uniform-random-w0.10,0.100,2,31040,19972,109,0.166573,0.169518,186345,643,56090
awkhash,coarse,coarse/uniform-random-w0.10,0.100,4,30607,17901,132,0.164249,0.205288,186345,643,56090
awkhash,coarse,coarse/uniform-random-w0.10,0.100,8,30917,18512,112,0.165913,0.174184,186345,643,56090
awkhash,coarse,coarse/uniform-random-w0.10,0.100,16,31142,18356,126,0.167120,0.195956,186345,643,56090
awkhash,coarse,coarse/uniform-random-w0.10,0.100,32,31349,20047,41,0.168231,0.063764,186345,643,56090
awkhash,coarse,coarse/uniform-random-w0.25,0.250,1,18376,12930,121,0.167971,0.210435,109400,575,56090
awkhash,coarse,coarse/uniform-random-w0.25,0.250,2,18151,11616,84,0.165914,0.146087,109400,575,56090
awkhash,coarse,coarse/uniform-random-w0.25,0.250,4,18067,10544,101,0.165146,0.175652,109400,575,56090
awkhash,coarse,coarse/uniform-random-w0.25,0.250,8,18153,10747,104,0.165932,0.180870,109400,575,56090
awkhash,coarse,coarse/uniform-random-w0.25,0.250,16,18314,10656,126,0.167404,0.219130,109400,575,56090
awkhash,coarse,coarse/uniform-random-w0.25,0.250,32,18339,11640,39,0.167633,0.067826,109400,575,56090
awkhash,coarse,coarse/pooled-w0.05,0.050,1,15557,11726,736,0.164848,0.162796,94372,4521,56090
awkhash,coarse,coarse/pooled-w0.05,0.050,2,15807,11964,759,0.167497,0.167883,94372,4521,56090
awkhash,coarse,coarse/pooled-w0.05,0.050,4,15852,12043,788,0.167974,0.174298,94372,4521,56090
awkhash,coarse,coarse/pooled-w0.05,0.050,8,15863,11903,763,0.168090,0.168768,94372,4521,56090
awkhash,coarse,coarse/pooled-w0.05,0.050,16,15641,11751,720,0.165738,0.159257,94372,4521,56090
awkhash,coarse,coarse/pooled-w0.05,0.050,32,15652,11797,755,0.165854,0.166998,94372,4521,56090
awkhash,coarse,coarse/pooled-w0.25,0.250,1,5428,4050,240,0.162403,0.160858,33423,1492,56090
awkhash,coarse,coarse/pooled-w0.25,0.250,2,5607,4226,251,0.167759,0.168231,33423,1492,56090
awkhash,coarse,coarse/pooled-w0.25,0.250,4,5583,4196,260,0.167041,0.174263,33423,1492,56090
awkhash,coarse,coarse/pooled-w0.25,0.250,8,5650,4276,258,0.169045,0.172922,33423,1492,56090
awkhash,coarse,coarse/pooled-w0.25,0.250,16,5627,4199,238,0.168357,0.159517,33423,1492,56090
awkhash,coarse,coarse/pooled-w0.25,0.250,32,5528,4151,245,0.165395,0.164209,33423,1492,56090
awkhash,coarse,coarse/best-ev-tested-w0.05,0.050,1,74292,51968,850,0.261542,0.701899,284054,1211,56090
awkhash,coarse,coarse/best-ev-tested-w0.05,0.050,2,53633,34796,179,0.188813,0.147812,284054,1211,56090
awkhash,coarse,coarse/best-ev-tested-w0.05,0.050,4,45322,27229,163,0.159554,0.134600,284054,1211,56090
awkhash,coarse,coarse/best-ev-tested-w0.05,0.050,8,39876,25026,13,0.140382,0.010735,284054,1211,56090
awkhash,coarse,coarse/best-ev-tested-w0.05,0.050,16,36659,22583,5,0.129056,0.004129,284054,1211,56090
awkhash,coarse,coarse/best-ev-tested-w0.05,0.050,32,34272,22436,1,0.120653,0.000826,284054,1211,56090
awkhash,coarse,coarse/best-ev-tested-w0.25,0.250,1,25093,17275,530,0.223580,0.528942,112233,1002,56090
awkhash,coarse,coarse/best-ev-tested-w0.25,0.250,2,20921,13309,203,0.186407,0.202595,112233,1002,56090
awkhash,coarse,coarse/best-ev-tested-w0.25,0.250,4,18618,10995,148,0.165887,0.147705,112233,1002,56090
awkhash,coarse,coarse/best-ev-tested-w0.25,0.250,8,16851,10152,45,0.150143,0.044910,112233,1002,56090
awkhash,coarse,coarse/best-ev-tested-w0.25,0.250,16,15803,9348,72,0.140805,0.071856,112233,1002,56090
awkhash,coarse,coarse/best-ev-tested-w0.25,0.250,32,14947,9563,4,0.133178,0.003992,112233,1002,56090
awkhash,h16,h16/best-ev-w0.05,0.050,1,35191,25124,258,0.068373,0.093174,514692,2769,56090
awkhash,h16,h16/best-ev-w0.05,0.050,2,34354,22652,198,0.066747,0.071506,514692,2769,56090
awkhash,h16,h16/best-ev-w0.05,0.050,3,33876,20653,237,0.065818,0.085590,514692,2769,56090
awkhash,h16,h16/best-ev-w0.05,0.050,4,33422,20409,210,0.064936,0.075840,514692,2769,56090
awkhash,h16,h16/best-ev-w0.05,0.050,5,33167,19623,199,0.064440,0.071867,514692,2769,56090
awkhash,h16,h16/best-ev-w0.05,0.050,6,32424,20303,85,0.062997,0.030697,514692,2769,56090
awkhash,h16,h16/best-ev-w0.05,0.050,7,32180,20438,151,0.062523,0.054532,514692,2769,56090
awkhash,h16,h16/best-ev-w0.05,0.050,8,31509,19868,22,0.061219,0.007945,514692,2769,56090
awkhash,h16,h16/best-ev-w0.05,0.050,9,31553,19475,94,0.061305,0.033947,514692,2769,56090
awkhash,h16,h16/best-ev-w0.05,0.050,10,32842,20780,583,0.063809,0.210545,514692,2769,56090
awkhash,h16,h16/best-ev-w0.05,0.050,11,30900,18984,59,0.060036,0.021307,514692,2769,56090
awkhash,h16,h16/best-ev-w0.05,0.050,12,30612,19242,13,0.059476,0.004695,514692,2769,56090
awkhash,h16,h16/best-ev-w0.05,0.050,13,32752,20671,622,0.063634,0.224630,514692,2769,56090
awkhash,h16,h16/best-ev-w0.05,0.050,14,30104,19155,2,0.058489,0.000722,514692,2769,56090
awkhash,h16,h16/best-ev-w0.05,0.050,15,29988,18757,8,0.058264,0.002889,514692,2769,56090
awkhash,h16,h16/best-ev-w0.05,0.050,16,29818,18360,28,0.057934,0.010112,514692,2769,56090
awkhash,h16,h16/best-ev-w0.25,0.250,1,16651,11634,242,0.073783,0.147471,225674,1641,56090
awkhash,h16,h16/best-ev-w0.25,0.250,2,15893,10133,138,0.070425,0.084095,225674,1641,56090
awkhash,h16,h16/best-ev-w0.25,0.250,3,15579,9240,228,0.069033,0.138940,225674,1641,56090
awkhash,h16,h16/best-ev-w0.25,0.250,4,15007,8772,110,0.066499,0.067032,225674,1641,56090
awkhash,h16,h16/best-ev-w0.25,0.250,5,14630,8431,70,0.064828,0.042657,225674,1641,56090
awkhash,h16,h16/best-ev-w0.25,0.250,6,14545,8599,102,0.064451,0.062157,225674,1641,56090
awkhash,h16,h16/best-ev-w0.25,0.250,7,14097,8687,73,0.062466,0.044485,225674,1641,56090
awkhash,h16,h16/best-ev-w0.25,0.250,8,13743,8210,11,0.060898,0.006703,225674,1641,56090
awkhash,h16,h16/best-ev-w0.25,0.250,9,13764,8159,107,0.060991,0.065204,225674,1641,56090
awkhash,h16,h16/best-ev-w0.25,0.250,10,13966,8450,213,0.061886,0.129799,225674,1641,56090
awkhash,h16,h16/best-ev-w0.25,0.250,11,13272,7812,42,0.058810,0.025594,225674,1641,56090
awkhash,h16,h16/best-ev-w0.25,0.250,12,13016,7858,5,0.057676,0.003047,225674,1641,56090
awkhash,h16,h16/best-ev-w0.25,0.250,13,13701,8467,267,0.060711,0.162706,225674,1641,56090
awkhash,h16,h16/best-ev-w0.25,0.250,14,12736,7783,4,0.056435,0.002438,225674,1641,56090
awkhash,h16,h16/best-ev-w0.25,0.250,15,12589,7658,3,0.055784,0.001828,225674,1641,56090
awkhash,h16,h16/best-ev-w0.25,0.250,16,12485,7424,26,0.055323,0.015844,225674,1641,56090
awkhash,h16,h16/uniform-random-w0.01,0.010,1,58643,42796,58,0.063892,0.055081,917842,1053,56090
awkhash,h16,h16/uniform-random-w0.01,0.010,2,57676,39645,58,0.062839,0.055081,917842,1053,56090
awkhash,h16,h16/uniform-random-w0.01,0.010,3,55875,34710,61,0.060876,0.057930,917842,1053,56090
awkhash,h16,h16/uniform-random-w0.01,0.010,4,55048,34615,80,0.059975,0.075973,917842,1053,56090
awkhash,h16,h16/uniform-random-w0.01,0.010,5,54445,32663,82,0.059318,0.077873,917842,1053,56090
awkhash,h16,h16/uniform-random-w0.01,0.010,6,55158,35069,81,0.060095,0.076923,917842,1053,56090
awkhash,h16,h16/uniform-random-w0.01,0.010,7,55428,35165,56,0.060389,0.053181,917842,1053,56090
awkhash,h16,h16/uniform-random-w0.01,0.010,8,55894,36120,49,0.060897,0.046534,917842,1053,56090
awkhash,h16,h16/uniform-random-w0.01,0.010,9,56246,35147,44,0.061281,0.041785,917842,1053,56090
awkhash,h16,h16/uniform-random-w0.01,0.010,10,57253,37915,117,0.062378,0.111111,917842,1053,56090
awkhash,h16,h16/uniform-random-w0.01,0.010,11,57671,36470,50,0.062833,0.047483,917842,1053,56090
awkhash,h16,h16/uniform-random-w0.01,0.010,12,58228,37832,40,0.063440,0.037987,917842,1053,56090
awkhash,h16,h16/uniform-random-w0.01,0.010,13,58854,39230,121,0.064122,0.114910,917842,1053,56090
awkhash,h16,h16/uniform-random-w0.01,0.010,14,60129,39535,46,0.065511,0.043685,917842,1053,56090
awkhash,h16,h16/uniform-random-w0.01,0.010,15,60168,39071,61,0.065554,0.057930,917842,1053,56090
awkhash,h16,h16/uniform-random-w0.01,0.010,16,61126,39191,49,0.066598,0.046534,917842,1053,56090
awkhash,h16,h16/uniform-random-w0.02,0.020,1,47916,34838,53,0.063540,0.053213,754110,996,56090
awkhash,h16,h16/uniform-random-w0.02,0.020,2,47483,32245,58,0.062966,0.058233,754110,996,56090
awkhash,h16,h16/uniform-random-w0.02,0.020,3,46072,28334,60,0.061095,0.060241,754110,996,56090
awkhash,h16,h16/uniform-random-w0.02,0.020,4,45572,28371,70,0.060432,0.070281,754110,996,56090
awkhash,h16,h16/uniform-random-w0.02,0.020,5,44989,26831,77,0.059658,0.077309,754110,996,56090
awkhash,h16,h16/uniform-random-w0.02,0.020,6,45326,28543,62,0.060105,0.062249,754110,996,56090
awkhash,h16,h16/uniform-random-w0.02,0.020,7,45704,28927,51,0.060607,0.051205,754110,996,56090
awkhash,h16,h16/uniform-random-w0.02,0.020,8,46130,29525,48,0.061171,0.048193,754110,996,56090
awkhash,h16,h16/uniform-random-w0.02,0.020,9,46192,28662,41,0.061254,0.041165,754110,996,56090
awkhash,h16,h16/uniform-random-w0.02,0.020,10,47175,31031,117,0.062557,0.117470,754110,996,56090
awkhash,h16,h16/uniform-random-w0.02,0.020,11,47395,29644,49,0.062849,0.049197,754110,996,56090
awkhash,h16,h16/uniform-random-w0.02,0.020,12,47837,30752,39,0.063435,0.039157,754110,996,56090
awkhash,h16,h16/uniform-random-w0.02,0.020,13,48201,31949,120,0.063918,0.120482,754110,996,56090
awkhash,h16,h16/uniform-random-w0.02,0.020,14,49233,32049,45,0.065286,0.045181,754110,996,56090
awkhash,h16,h16/uniform-random-w0.02,0.020,15,49035,31548,59,0.065024,0.059237,754110,996,56090
awkhash,h16,h16/uniform-random-w0.02,0.020,16,49850,31613,47,0.066104,0.047189,754110,996,56090
awkhash,h16,h16/uniform-random-w0.05,0.050,1,33290,24031,52,0.063246,0.055260,526355,941,56090
awkhash,h16,h16/uniform-random-w0.05,0.050,2,33042,21992,50,0.062775,0.053135,526355,941,56090
awkhash,h16,h16/uniform-random-w0.05,0.050,3,32207,19456,55,0.061189,0.058448,526355,941,56090
awkhash,h16,h16/uniform-random-w0.05,0.050,4,32078,19475,58,0.060944,0.061637,526355,941,56090
awkhash,h16,h16/uniform-random-w0.05,0.050,5,31599,18434,75,0.060034,0.079702,526355,941,56090
awkhash,h16,h16/uniform-random-w0.05,0.050,6,31681,19455,54,0.060189,0.057386,526355,941,56090
awkhash,h16,h16/uniform-random-w0.05,0.050,7,32131,20097,49,0.061044,0.052072,526355,941,56090
awkhash,h16,h16/uniform-random-w0.05,0.050,8,32390,20171,46,0.061536,0.048884,526355,941,56090
awkhash,h16,h16/uniform-random-w0.05,0.050,9,32328,19704,40,0.061419,0.042508,526355,941,56090
awkhash,h16,h16/uniform-random-w0.05,0.050,10,32977,21270,114,0.062652,0.121148,526355,941,56090
awkhash,h16,h16/uniform-random-w0.05,0.050,11,32989,20234,49,0.062674,0.052072,526355,941,56090
awkhash,h16,h16/uniform-random-w0.05,0.050,12,33392,20985,39,0.063440,0.041445,526355,941,56090
awkhash,h16,h16/uniform-random-w0.05,0.050,13,33650,22043,117,0.063930,0.124336,526355,941,56090
awkhash,h16,h16/uniform-random-w0.05,0.050,14,34135,21753,43,0.064852,0.045696,526355,941,56090
awkhash,h16,h16/uniform-random-w0.05,0.050,15,33965,21400,54,0.064529,0.057386,526355,941,56090
awkhash,h16,h16/uniform-random-w0.05,0.050,16,34501,21421,46,0.065547,0.048884,526355,941,56090
awkhash,h16,h16/uniform-random-w0.10,0.100,1,22946,16451,51,0.063165,0.056983,363268,895,56090
awkhash,h16,h16/uniform-random-w0.10,0.100,2,22784,14862,48,0.062720,0.053631,363268,895,56090
awkhash,h16,h16/uniform-random-w0.10,0.100,3,22281,13312,55,0.061335,0.061453,363268,895,56090
awkhash,h16,h16/uniform-random-w0.10,0.100,4,22182,13153,51,0.061062,0.056983,363268,895,56090
awkhash,h16,h16/uniform-random-w0.10,0.100,5,21953,12605,71,0.060432,0.079330,363268,895,56090
awkhash,h16,h16/uniform-random-w0.10,0.100,6,22011,13185,46,0.060592,0.051397,363268,895,56090
awkhash,h16,h16/uniform-random-w0.10,0.100,7,22292,13792,46,0.061365,0.051397,363268,895,56090
awkhash,h16,h16/uniform-random-w0.10,0.100,8,22385,13611,43,0.061621,0.048045,363268,895,56090
awkhash,h16,h16/uniform-random-w0.10,0.100,9,22374,13423,39,0.061591,0.043575,363268,895,56090
awkhash,h16,h16/uniform-random-w0.10,0.100,10,22852,14408,112,0.062907,0.125140,363268,895,56090
awkhash,h16,h16/uniform-random-w0.10,0.100,11,22697,13669,46,0.062480,0.051397,363268,895,56090
awkhash,h16,h16/uniform-random-w0.10,0.100,12,22982,14206,38,0.063265,0.042458,363268,895,56090
awkhash,h16,h16/uniform-random-w0.10,0.100,13,23313,15053,114,0.064176,0.127374,363268,895,56090
awkhash,h16,h16/uniform-random-w0.10,0.100,14,23364,14579,41,0.064316,0.045810,363268,895,56090
awkhash,h16,h16/uniform-random-w0.10,0.100,15,23282,14388,51,0.064090,0.056983,363268,895,56090
awkhash,h16,h16/uniform-random-w0.10,0.100,16,23570,14342,43,0.064883,0.048045,363268,895,56090
awkhash,h16,h16/uniform-random-w0.25,0.250,1,14054,10023,51,0.063193,0.066929,222397,762,56090
awkhash,h16,h16/uniform-random-w0.25,0.250,2,13881,8954,42,0.062415,0.055118,222397,762,56090
awkhash,h16,h16/uniform-random-w0.25,0.250,3,13724,8169,44,0.061709,0.057743,222397,762,56090
awkhash,h16,h16/uniform-random-w0.25,0.250,4,13560,7917,39,0.060972,0.051181,222397,762,56090
awkhash,h16,h16/uniform-random-w0.25,0.250,5,13531,7724,50,0.060842,0.065617,222397,762,56090
awkhash,h16,h16/uniform-random-w0.25,0.250,6,13572,8002,42,0.061026,0.055118,222397,762,56090
awkhash,h16,h16/uniform-random-w0.25,0.250,7,13733,8436,29,0.061750,0.038058,222397,762,56090
awkhash,h16,h16/uniform-random-w0.25,0.250,8,13719,8184,38,0.061687,0.049869,222397,762,56090
awkhash,h16,h16/uniform-random-w0.25,0.250,9,13749,8158,35,0.061822,0.045932,222397,762,56090
awkhash,h16,h16/uniform-random-w0.25,0.250,10,14055,8680,91,0.063198,0.119423,222397,762,56090
awkhash,h16,h16/uniform-random-w0.25,0.250,11,13874,8266,44,0.062384,0.057743,222397,762,56090
awkhash,h16,h16/uniform-random-w0.25,0.250,12,14026,8543,36,0.063067,0.047244,222397,762,56090
awkhash,h16,h16/uniform-random-w0.25,0.250,13,14257,9036,92,0.064106,0.120735,222397,762,56090
awkhash,h16,h16/uniform-random-w0.25,0.250,14,14216,8704,40,0.063922,0.052493,222397,762,56090
awkhash,h16,h16/uniform-random-w0.25,0.250,15,14106,8581,47,0.063427,0.061680,222397,762,56090
awkhash,h16,h16/uniform-random-w0.25,0.250,16,14340,8587,42,0.064479,0.055118,222397,762,56090
awkhash,h16,h16/pooled-w0.05,0.050,1,5206,3700,129,0.063327,0.061370,82208,2102,56090
awkhash,h16,h16/pooled-w0.05,0.050,2,5072,3622,137,0.061697,0.065176,82208,2102,56090
awkhash,h16,h16/pooled-w0.05,0.050,3,5074,3538,127,0.061721,0.060419,82208,2102,56090
awkhash,h16,h16/pooled-w0.05,0.050,4,5234,3672,138,0.063668,0.065652,82208,2102,56090
awkhash,h16,h16/pooled-w0.05,0.050,5,5256,3708,133,0.063935,0.063273,82208,2102,56090
awkhash,h16,h16/pooled-w0.05,0.050,6,5174,3595,116,0.062938,0.055186,82208,2102,56090
awkhash,h16,h16/pooled-w0.05,0.050,7,5064,3638,144,0.061600,0.068506,82208,2102,56090
awkhash,h16,h16/pooled-w0.05,0.050,8,5186,3656,149,0.063084,0.070885,82208,2102,56090
awkhash,h16,h16/pooled-w0.05,0.050,9,5113,3663,145,0.062196,0.068982,82208,2102,56090
awkhash,h16,h16/pooled-w0.05,0.050,10,5129,3663,120,0.062391,0.057088,82208,2102,56090
awkhash,h16,h16/pooled-w0.05,0.050,11,5146,3693,138,0.062597,0.065652,82208,2102,56090
awkhash,h16,h16/pooled-w0.05,0.050,12,5012,3521,138,0.060967,0.065652,82208,2102,56090
awkhash,h16,h16/pooled-w0.05,0.050,13,5201,3707,123,0.063266,0.058516,82208,2102,56090
awkhash,h16,h16/pooled-w0.05,0.050,14,5115,3616,115,0.062220,0.054710,82208,2102,56090
awkhash,h16,h16/pooled-w0.05,0.050,15,5120,3580,123,0.062281,0.058516,82208,2102,56090
awkhash,h16,h16/pooled-w0.05,0.050,16,5106,3590,127,0.062111,0.060419,82208,2102,56090
awkhash,h16,h16/pooled-w0.25,0.250,1,1847,1284,26,0.062956,0.059091,29338,440,56090
awkhash,h16,h16/pooled-w0.25,0.250,2,1813,1265,31,0.061797,0.070455,29338,440,56090
awkhash,h16,h16/pooled-w0.25,0.250,3,1794,1272,20,0.061149,0.045455,29338,440,56090
awkhash,h16,h16/pooled-w0.25,0.250,4,1909,1320,29,0.065069,0.065909,29338,440,56090
awkhash,h16,h16/pooled-w0.25,0.250,5,1847,1302,26,0.062956,0.059091,29338,440,56090
awkhash,h16,h16/pooled-w0.25,0.250,6,1790,1244,23,0.061013,0.052273,29338,440,56090
awkhash,h16,h16/pooled-w0.25,0.250,7,1797,1255,31,0.061252,0.070455,29338,440,56090
awkhash,h16,h16/pooled-w0.25,0.250,8,1844,1287,22,0.062854,0.050000,29338,440,56090
awkhash,h16,h16/pooled-w0.25,0.250,9,1821,1258,30,0.062070,0.068182,29338,440,56090
awkhash,h16,h16/pooled-w0.25,0.250,10,1871,1323,31,0.063774,0.070455,29338,440,56090
awkhash,h16,h16/pooled-w0.25,0.250,11,1866,1314,28,0.063604,0.063636,29338,440,56090
awkhash,h16,h16/pooled-w0.25,0.250,12,1837,1290,33,0.062615,0.075000,29338,440,56090
awkhash,h16,h16/pooled-w0.25,0.250,13,1822,1282,24,0.062104,0.054545,29338,440,56090
awkhash,h16,h16/pooled-w0.25,0.250,14,1852,1291,32,0.063126,0.072727,29338,440,56090
awkhash,h16,h16/pooled-w0.25,0.250,15,1800,1246,25,0.061354,0.056818,29338,440,56090
awkhash,h16,h16/pooled-w0.25,0.250,16,1828,1251,29,0.062308,0.065909,29338,440,56090
awkhash,h16,h16/best-ev-tested-w0.05,0.050,1,73538,51263,834,0.138325,0.394699,531633,2113,56090
awkhash,h16,h16/best-ev-tested-w0.05,0.050,2,52328,33558,180,0.098429,0.085187,531633,2113,56090
awkhash,h16,h16/best-ev-tested-w0.05,0.050,3,43454,26154,77,0.081737,0.036441,531633,2113,56090
awkhash,h16,h16/best-ev-tested-w0.05,0.050,4,39042,23336,129,0.073438,0.061051,531633,2113,56090
awkhash,h16,h16/best-ev-tested-w0.05,0.050,5,35960,21165,173,0.067641,0.081874,531633,2113,56090
awkhash,h16,h16/best-ev-tested-w0.05,0.050,6,32505,20706,16,0.061142,0.007572,531633,2113,56090
awkhash,h16,h16/best-ev-tested-w0.05,0.050,7,30682,19804,81,0.057713,0.038334,531633,2113,56090
awkhash,h16,h16/best-ev-tested-w0.05,0.050,8,28803,18728,11,0.054178,0.005206,531633,2113,56090
awkhash,h16,h16/best-ev-tested-w0.05,0.050,9,27496,17544,33,0.051720,0.015618,531633,2113,56090
awkhash,h16,h16/best-ev-tested-w0.05,0.050,10,27841,18398,501,0.052369,0.237104,531633,2113,56090
awkhash,h16,h16/best-ev-tested-w0.05,0.050,11,25179,16293,3,0.047362,0.001420,531633,2113,56090
awkhash,h16,h16/best-ev-tested-w0.05,0.050,12,24421,16294,3,0.045936,0.001420,531633,2113,56090
awkhash,h16,h16/best-ev-tested-w0.05,0.050,13,23907,16115,67,0.044969,0.031708,531633,2113,56090
awkhash,h16,h16/best-ev-tested-w0.05,0.050,14,22819,15521,0,0.042922,0.000000,531633,2113,56090
awkhash,h16,h16/best-ev-tested-w0.05,0.050,15,22121,14714,1,0.041610,0.000473,531633,2113,56090
awkhash,h16,h16/best-ev-tested-w0.05,0.050,16,21537,14236,4,0.040511,0.001893,531633,2113,56090
awkhash,h16,h16/best-ev-tested-w0.25,0.250,1,24947,17121,560,0.109264,0.338778,228318,1653,56090
awkhash,h16,h16/best-ev-tested-w0.25,0.250,2,20521,12908,204,0.089879,0.123412,228318,1653,56090
awkhash,h16,h16/best-ev-tested-w0.25,0.250,3,18120,10697,131,0.079363,0.079250,228318,1653,56090
awkhash,h16,h16/best-ev-tested-w0.25,0.250,4,16439,9548,95,0.072000,0.057471,228318,1653,56090
awkhash,h16,h16/best-ev-tested-w0.25,0.250,5,15247,8765,45,0.066780,0.027223,228318,1653,56090
awkhash,h16,h16/best-ev-tested-w0.25,0.250,6,14520,8702,86,0.063596,0.052027,228318,1653,56090
awkhash,h16,h16/best-ev-tested-w0.25,0.250,7,13583,8565,45,0.059492,0.027223,228318,1653,56090
awkhash,h16,h16/best-ev-tested-w0.25,0.250,8,12922,7890,8,0.056597,0.004840,228318,1653,56090
awkhash,h16,h16/best-ev-tested-w0.25,0.250,9,12516,7597,33,0.054818,0.019964,228318,1653,56090
awkhash,h16,h16/best-ev-tested-w0.25,0.250,10,12652,7815,190,0.055414,0.114943,228318,1653,56090
awkhash,h16,h16/best-ev-tested-w0.25,0.250,11,11761,7057,24,0.051511,0.014519,228318,1653,56090
awkhash,h16,h16/best-ev-tested-w0.25,0.250,12,11351,7035,2,0.049716,0.001210,228318,1653,56090
awkhash,h16,h16/best-ev-tested-w0.25,0.250,13,11868,7527,226,0.051980,0.136721,228318,1653,56090
awkhash,h16,h16/best-ev-tested-w0.25,0.250,14,10858,6796,2,0.047556,0.001210,228318,1653,56090
awkhash,h16,h16/best-ev-tested-w0.25,0.250,15,10612,6629,0,0.046479,0.000000,228318,1653,56090
awkhash,h16,h16/best-ev-tested-w0.25,0.250,16,10401,6369,2,0.045555,0.001210,228318,1653,56090
awkhash,h32,h32/best-ev-w0.05,0.050,1,26880,18983,254,0.036690,0.106588,732615,2383,56090
awkhash,h32,h32/best-ev-w0.05,0.050,2,25981,17114,188,0.035463,0.078892,732615,2383,56090
awkhash,h32,h32/best-ev-w0.05,0.050,3,25544,15627,208,0.034867,0.087285,732615,2383,56090
awkhash,h32,h32/best-ev-w0.05,0.050,4,25368,15641,220,0.034627,0.092321,732615,2383,56090
awkhash,h32,h32/best-ev-w0.05,0.050,5,25143,14860,212,0.034320,0.088963,732615,2383,56090
awkhash,h32,h32/best-ev-w0.05,0.050,6,24313,15373,37,0.033187,0.015527,732615,2383,56090
awkhash,h32,h32/best-ev-w0.05,0.050,7,24442,15320,178,0.033363,0.074696,732615,2383,56090
awkhash,h32,h32/best-ev-w0.05,0.050,8,23710,15115,24,0.032364,0.010071,732615,2383,56090
awkhash,h32,h32/best-ev-w0.05,0.050,9,23759,14685,93,0.032430,0.039026,732615,2383,56090
awkhash,h32,h32/best-ev-w0.05,0.050,10,24988,15720,542,0.034108,0.227444,732615,2383,56090
awkhash,h32,h32/best-ev-w0.05,0.050,11,23233,14284,42,0.031712,0.017625,732615,2383,56090
awkhash,h32,h32/best-ev-w0.05,0.050,12,23072,14380,26,0.031493,0.010911,732615,2383,56090
awkhash,h32,h32/best-ev-w0.05,0.050,13,23877,15118,282,0.032591,0.118338,732615,2383,56090
awkhash,h32,h32/best-ev-w0.05,0.050,14,22684,14359,9,0.030963,0.003777,732615,2383,56090
awkhash,h32,h32/best-ev-w0.05,0.050,15,22522,13939,4,0.030742,0.001679,732615,2383,56090
awkhash,h32,h32/best-ev-w0.05,0.050,16,22428,13626,28,0.030614,0.011750,732615,2383,56090
awkhash,h32,h32/best-ev-w0.05,0.050,17,22261,13590,1,0.030386,0.000420,732615,2383,56090
awkhash,h32,h32/best-ev-w0.05,0.050,18,22183,13775,2,0.030279,0.000839,732615,2383,56090
awkhash,h32,h32/best-ev-w0.05,0.050,19,22051,13930,2,0.030099,0.000839,732615,2383,56090
awkhash,h32,h32/best-ev-w0.05,0.050,20,21975,13757,4,0.029995,0.001679,732615,2383,56090
awkhash,h32,h32/best-ev-w0.05,0.050,21,21865,13791,4,0.029845,0.001679,732615,2383,56090
awkhash,h32,h32/best-ev-w0.05,0.050,22,21774,13606,5,0.029721,0.002098,732615,2383,56090
awkhash,h32,h32/best-ev-w0.05,0.050,23,21654,13613,1,0.029557,0.000420,732615,2383,56090
awkhash,h32,h32/best-ev-w0.05,0.050,24,21538,13490,1,0.029399,0.000420,732615,2383,56090
awkhash,h32,h32/best-ev-w0.05,0.050,25,21456,13585,3,0.029287,0.001259,732615,2383,56090
awkhash,h32,h32/best-ev-w0.05,0.050,26,21347,13631,0,0.029138,0.000000,732615,2383,56090
awkhash,h32,h32/best-ev-w0.05,0.050,27,21284,13625,2,0.029052,0.000839,732615,2383,56090
awkhash,h32,h32/best-ev-w0.05,0.050,28,21227,13488,4,0.028974,0.001679,732615,2383,56090
awkhash,h32,h32/best-ev-w0.05,0.050,29,21125,13101,2,0.028835,0.000839,732615,2383,56090
awkhash,h32,h32/best-ev-w0.05,0.050,30,21065,13338,4,0.028753,0.001679,732615,2383,56090
awkhash,h32,h32/best-ev-w0.05,0.050,31,20959,13251,0,0.028608,0.000000,732615,2383,56090
awkhash,h32,h32/best-ev-w0.05,0.050,32,20907,13547,1,0.028537,0.000420,732615,2383,56090
awkhash,h32,h32/best-ev-w0.25,0.250,1,14417,10078,245,0.040892,0.169550,352559,1445,56090
awkhash,h32,h32/best-ev-w0.25,0.250,2,13672,8707,142,0.038779,0.098270,352559,1445,56090
awkhash,h32,h32/best-ev-w0.25,0.250,3,13341,7938,217,0.037840,0.150173,352559,1445,56090
awkhash,h32,h32/best-ev-w0.25,0.250,4,12895,7522,116,0.036575,0.080277,352559,1445,56090
awkhash,h32,h32/best-ev-w0.25,0.250,5,12563,7204,84,0.035634,0.058131,352559,1445,56090
awkhash,h32,h32/best-ev-w0.25,0.250,6,12269,7315,40,0.034800,0.027682,352559,1445,56090
awkhash,h32,h32/best-ev-w0.25,0.250,7,12232,7459,136,0.034695,0.094118,352559,1445,56090
awkhash,h32,h32/best-ev-w0.25,0.250,8,11756,7033,19,0.033345,0.013149,352559,1445,56090
awkhash,h32,h32/best-ev-w0.25,0.250,9,11663,6914,68,0.033081,0.047059,352559,1445,56090
awkhash,h32,h32/best-ev-w0.25,0.250,10,11993,7298,201,0.034017,0.139100,352559,1445,56090
awkhash,h32,h32/best-ev-w0.25,0.250,11,11347,6665,41,0.032185,0.028374,352559,1445,56090
awkhash,h32,h32/best-ev-w0.25,0.250,12,11138,6685,4,0.031592,0.002768,352559,1445,56090
awkhash,h32,h32/best-ev-w0.25,0.250,13,11237,7000,81,0.031873,0.056055,352559,1445,56090
awkhash,h32,h32/best-ev-w0.25,0.250,14,10875,6582,3,0.030846,0.002076,352559,1445,56090
awkhash,h32,h32/best-ev-w0.25,0.250,15,10754,6433,3,0.030503,0.002076,352559,1445,56090
awkhash,h32,h32/best-ev-w0.25,0.250,16,10695,6271,27,0.030335,0.018685,352559,1445,56090
awkhash,h32,h32/best-ev-w0.25,0.250,17,10563,6241,0,0.029961,0.000000,352559,1445,56090
awkhash,h32,h32/best-ev-w0.25,0.250,18,10500,6345,1,0.029782,0.000692,352559,1445,56090
awkhash,h32,h32/best-ev-w0.25,0.250,19,10420,6409,3,0.029555,0.002076,352559,1445,56090
awkhash,h32,h32/best-ev-w0.25,0.250,20,10293,6274,2,0.029195,0.001384,352559,1445,56090
awkhash,h32,h32/best-ev-w0.25,0.250,21,10220,6241,1,0.028988,0.000692,352559,1445,56090
awkhash,h32,h32/best-ev-w0.25,0.250,22,10159,6118,2,0.028815,0.001384,352559,1445,56090
awkhash,h32,h32/best-ev-w0.25,0.250,23,10077,6154,1,0.028582,0.000692,352559,1445,56090
awkhash,h32,h32/best-ev-w0.25,0.250,24,9996,6050,0,0.028353,0.000000,352559,1445,56090
awkhash,h32,h32/best-ev-w0.25,0.250,25,9904,6113,0,0.028092,0.000000,352559,1445,56090
awkhash,h32,h32/best-ev-w0.25,0.250,26,9835,6134,0,0.027896,0.000000,352559,1445,56090
awkhash,h32,h32/best-ev-w0.25,0.250,27,9762,6112,0,0.027689,0.000000,352559,1445,56090
awkhash,h32,h32/best-ev-w0.25,0.250,28,9703,6088,2,0.027522,0.001384,352559,1445,56090
awkhash,h32,h32/best-ev-w0.25,0.250,29,9665,5863,5,0.027414,0.003460,352559,1445,56090
awkhash,h32,h32/best-ev-w0.25,0.250,30,9587,5973,0,0.027193,0.000000,352559,1445,56090
awkhash,h32,h32/best-ev-w0.25,0.250,31,9536,5871,0,0.027048,0.000000,352559,1445,56090
awkhash,h32,h32/best-ev-w0.25,0.250,32,9492,6027,1,0.026923,0.000692,352559,1445,56090
awkhash,h32,h32/uniform-random-w0.01,0.010,1,42723,31437,28,0.034408,0.035488,1241643,789,56090
awkhash,h32,h32/uniform-random-w0.01,0.010,2,41293,28791,31,0.033257,0.039290,1241643,789,56090
awkhash,h32,h32/uniform-random-w0.01,0.010,3,39210,24327,31,0.031579,0.039290,1241643,789,56090
awkhash,h32,h32/uniform-random-w0.01,0.010,4,37707,23681,41,0.030369,0.051965,1241643,789,56090
awkhash,h32,h32/uniform-random-w0.01,0.010,5,37104,21568,47,0.029883,0.059569,1241643,789,56090
awkhash,h32,h32/uniform-random-w0.01,0.010,6,36675,22911,45,0.029537,0.057034,1241643,789,56090
awkhash,h32,h32/uniform-random-w0.01,0.010,7,37027,22740,39,0.029821,0.049430,1241643,789,56090
awkhash,h32,h32/uniform-random-w0.01,0.010,8,36477,22725,33,0.029378,0.041825,1241643,789,56090
awkhash,h32,h32/uniform-random-w0.01,0.010,9,36702,22057,13,0.029559,0.016477,1241643,789,56090
awkhash,h32,h32/uniform-random-w0.01,0.010,10,36868,23278,62,0.029693,0.078580,1241643,789,56090
awkhash,h32,h32/uniform-random-w0.01,0.010,11,37077,22236,25,0.029861,0.031686,1241643,789,56090
awkhash,h32,h32/uniform-random-w0.01,0.010,12,37083,22760,12,0.029866,0.015209,1241643,789,56090
awkhash,h32,h32/uniform-random-w0.01,0.010,13,36982,23136,58,0.029785,0.073511,1241643,789,56090
awkhash,h32,h32/uniform-random-w0.01,0.010,14,37647,23357,27,0.030320,0.034221,1241643,789,56090
awkhash,h32,h32/uniform-random-w0.01,0.010,15,37646,22729,24,0.030320,0.030418,1241643,789,56090
awkhash,h32,h32/uniform-random-w0.01,0.010,16,37734,22416,17,0.030390,0.021546,1241643,789,56090
awkhash,h32,h32/uniform-random-w0.01,0.010,17,38459,23265,25,0.030974,0.031686,1241643,789,56090
awkhash,h32,h32/uniform-random-w0.01,0.010,18,38198,23306,25,0.030764,0.031686,1241643,789,56090
awkhash,h32,h32/uniform-random-w0.01,0.010,19,38551,24249,13,0.031048,0.016477,1241643,789,56090
awkhash,h32,h32/uniform-random-w0.01,0.010,20,38412,23741,25,0.030936,0.031686,1241643,789,56090
awkhash,h32,h32/uniform-random-w0.01,0.010,21,38746,24188,10,0.031205,0.012674,1241643,789,56090
awkhash,h32,h32/uniform-random-w0.01,0.010,22,39027,24268,18,0.031432,0.022814,1241643,789,56090
awkhash,h32,h32/uniform-random-w0.01,0.010,23,39037,24408,16,0.031440,0.020279,1241643,789,56090
awkhash,h32,h32/uniform-random-w0.01,0.010,24,38962,24388,17,0.031379,0.021546,1241643,789,56090
awkhash,h32,h32/uniform-random-w0.01,0.010,25,39204,24568,14,0.031574,0.017744,1241643,789,56090
awkhash,h32,h32/uniform-random-w0.01,0.010,26,39644,25160,13,0.031929,0.016477,1241643,789,56090
awkhash,h32,h32/uniform-random-w0.01,0.010,27,39967,25683,18,0.032189,0.022814,1241643,789,56090
awkhash,h32,h32/uniform-random-w0.01,0.010,28,40221,25847,12,0.032393,0.015209,1241643,789,56090
awkhash,h32,h32/uniform-random-w0.01,0.010,29,40360,25557,12,0.032505,0.015209,1241643,789,56090
awkhash,h32,h32/uniform-random-w0.01,0.010,30,41517,27015,17,0.033437,0.021546,1241643,789,56090
awkhash,h32,h32/uniform-random-w0.01,0.010,31,42149,27120,12,0.033946,0.015209,1241643,789,56090
awkhash,h32,h32/uniform-random-w0.01,0.010,32,43234,28803,9,0.034820,0.011407,1241643,789,56090
awkhash,h32,h32/uniform-random-w0.02,0.020,1,35843,26218,28,0.033689,0.036458,1063927,768,56090
awkhash,h32,h32/uniform-random-w0.02,0.020,2,34748,24032,30,0.032660,0.039062,1063927,768,56090
awkhash,h32,h32/uniform-random-w0.02,0.020,3,33342,20637,31,0.031339,0.040365,1063927,768,56090
awkhash,h32,h32/uniform-random-w0.02,0.020,4,32185,20113,39,0.030251,0.050781,1063927,768,56090
awkhash,h32,h32/uniform-random-w0.02,0.020,5,31847,18626,43,0.029933,0.055990,1063927,768,56090
awkhash,h32,h32/uniform-random-w0.02,0.020,6,31629,19718,43,0.029729,0.055990,1063927,768,56090
awkhash,h32,h32/uniform-random-w0.02,0.020,7,32084,19791,38,0.030156,0.049479,1063927,768,56090
awkhash,h32,h32/uniform-random-w0.02,0.020,8,31461,19736,33,0.029571,0.042969,1063927,768,56090
awkhash,h32,h32/uniform-random-w0.02,0.020,9,31905,19361,14,0.029988,0.018229,1063927,768,56090
awkhash,h32,h32/uniform-random-w0.02,0.020,10,31982,20421,62,0.030060,0.080729,1063927,768,56090
awkhash,h32,h32/uniform-random-w0.02,0.020,11,32163,19485,24,0.030230,0.031250,1063927,768,56090
awkhash,h32,h32/uniform-random-w0.02,0.020,12,32027,19890,12,0.030103,0.015625,1063927,768,56090
awkhash,h32,h32/uniform-random-w0.02,0.020,13,32273,20509,58,0.030334,0.075521,1063927,768,56090
awkhash,h32,h32/uniform-random-w0.02,0.020,14,32685,20512,24,0.030721,0.031250,1063927,768,56090
awkhash,h32,h32/uniform-random-w0.02,0.020,15,32624,20015,22,0.030664,0.028646,1063927,768,56090
awkhash,h32,h32/uniform-random-w0.02,0.020,16,32597,19576,17,0.030638,0.022135,1063927,768,56090
awkhash,h32,h32/uniform-random-w0.02,0.020,17,32931,20081,23,0.030952,0.029948,1063927,768,56090
awkhash,h32,h32/uniform-random-w0.02,0.020,18,32760,20223,25,0.030792,0.032552,1063927,768,56090
awkhash,h32,h32/uniform-random-w0.02,0.020,19,32967,20946,14,0.030986,0.018229,1063927,768,56090
awkhash,h32,h32/uniform-random-w0.02,0.020,20,32991,20557,24,0.031009,0.031250,1063927,768,56090
awkhash,h32,h32/uniform-random-w0.02,0.020,21,33306,21012,10,0.031305,0.013021,1063927,768,56090
awkhash,h32,h32/uniform-random-w0.02,0.020,22,33509,20978,18,0.031496,0.023438,1063927,768,56090
awkhash,h32,h32/uniform-random-w0.02,0.020,23,33437,21038,16,0.031428,0.020833,1063927,768,56090
awkhash,h32,h32/uniform-random-w0.02,0.020,24,33303,20952,16,0.031302,0.020833,1063927,768,56090
awkhash,h32,h32/uniform-random-w0.02,0.020,25,33551,21102,14,0.031535,0.018229,1063927,768,56090
awkhash,h32,h32/uniform-random-w0.02,0.020,26,33788,21535,13,0.031758,0.016927,1063927,768,56090
awkhash,h32,h32/uniform-random-w0.02,0.020,27,33976,21867,16,0.031935,0.020833,1063927,768,56090
awkhash,h32,h32/uniform-random-w0.02,0.020,28,34265,22083,12,0.032206,0.015625,1063927,768,56090
awkhash,h32,h32/uniform-random-w0.02,0.020,29,34439,21829,11,0.032370,0.014323,1063927,768,56090
awkhash,h32,h32/uniform-random-w0.02,0.020,30,35254,22891,17,0.033136,0.022135,1063927,768,56090
awkhash,h32,h32/uniform-random-w0.02,0.020,31,35586,22890,12,0.033448,0.015625,1063927,768,56090
awkhash,h32,h32/uniform-random-w0.02,0.020,32,36469,24279,9,0.034278,0.011719,1063927,768,56090
awkhash,h32,h32/uniform-random-w0.05,0.050,1,25557,18575,26,0.032616,0.036212,783562,718,56090
awkhash,h32,h32/uniform-random-w0.05,0.050,2,25214,17161,28,0.032179,0.038997,783562,718,56090
awkhash,h32,h32/uniform-random-w0.05,0.050,3,24435,15024,30,0.031185,0.041783,783562,718,56090
awkhash,h32,h32/uniform-random-w0.05,0.050,4,23961,14862,33,0.030580,0.045961,783562,718,56090
awkhash,h32,h32/uniform-random-w0.05,0.050,5,23583,13901,39,0.030097,0.054318,783562,718,56090
awkhash,h32,h32/uniform-random-w0.05,0.050,6,23537,14650,33,0.030038,0.045961,783562,718,56090
awkhash,h32,h32/uniform-random-w0.05,0.050,7,23887,14939,27,0.030485,0.037604,783562,718,56090
awkhash,h32,h32/uniform-random-w0.05,0.050,8,23697,14939,33,0.030243,0.045961,783562,718,56090
awkhash,h32,h32/uniform-random-w0.05,0.050,9,23819,14544,13,0.030398,0.018106,783562,718,56090
awkhash,h32,h32/uniform-random-w0.05,0.050,10,23989,15406,63,0.030615,0.087744,783562,718,56090
awkhash,h32,h32/uniform-random-w0.05,0.050,11,23972,14555,22,0.030594,0.030641,783562,718,56090
awkhash,h32,h32/uniform-random-w0.05,0.050,12,23763,14772,11,0.030327,0.015320,783562,718,56090
awkhash,h32,h32/uniform-random-w0.05,0.050,13,24007,15413,57,0.030638,0.079387,783562,718,56090
awkhash,h32,h32/uniform-random-w0.05,0.050,14,24129,15102,24,0.030794,0.033426,783562,718,56090
awkhash,h32,h32/uniform-random-w0.05,0.050,15,23999,14790,22,0.030628,0.030641,783562,718,56090
awkhash,h32,h32/uniform-random-w0.05,0.050,16,23966,14427,16,0.030586,0.022284,783562,718,56090
awkhash,h32,h32/uniform-random-w0.05,0.050,17,24306,14850,22,0.031020,0.030641,783562,718,56090
awkhash,h32,h32/uniform-random-w0.05,0.050,18,24253,15068,25,0.030952,0.034819,783562,718,56090
awkhash,h32,h32/uniform-random-w0.05,0.050,19,24398,15559,12,0.031137,0.016713,783562,718,56090
awkhash,h32,h32/uniform-random-w0.05,0.050,20,24392,15342,23,0.031130,0.032033,783562,718,56090
awkhash,h32,h32/uniform-random-w0.05,0.050,21,24602,15604,9,0.031398,0.012535,783562,718,56090
awkhash,h32,h32/uniform-random-w0.05,0.050,22,24599,15427,16,0.031394,0.022284,783562,718,56090
awkhash,h32,h32/uniform-random-w0.05,0.050,23,24517,15424,15,0.031289,0.020891,783562,718,56090
awkhash,h32,h32/uniform-random-w0.05,0.050,24,24482,15333,16,0.031244,0.022284,783562,718,56090
awkhash,h32,h32/uniform-random-w0.05,0.050,25,24520,15446,14,0.031293,0.019499,783562,718,56090
awkhash,h32,h32/uniform-random-w0.05,0.050,26,24784,15759,13,0.031630,0.018106,783562,718,56090
awkhash,h32,h32/uniform-random-w0.05,0.050,27,24939,16061,17,0.031828,0.023677,783562,718,56090
awkhash,h32,h32/uniform-random-w0.05,0.050,28,25168,16179,12,0.032120,0.016713,783562,718,56090
awkhash,h32,h32/uniform-random-w0.05,0.050,29,25281,15975,11,0.032264,0.015320,783562,718,56090
awkhash,h32,h32/uniform-random-w0.05,0.050,30,25790,16653,17,0.032914,0.023677,783562,718,56090
awkhash,h32,h32/uniform-random-w0.05,0.050,31,25737,16528,11,0.032846,0.015320,783562,718,56090
awkhash,h32,h32/uniform-random-w0.05,0.050,32,26279,17414,8,0.033538,0.011142,783562,718,56090
awkhash,h32,h32/uniform-random-w0.10,0.100,1,17923,12953,25,0.032051,0.036711,559207,681,56090
awkhash,h32,h32/uniform-random-w0.10,0.100,2,17872,11934,24,0.031960,0.035242,559207,681,56090
awkhash,h32,h32/uniform-random-w0.10,0.100,3,17382,10518,29,0.031083,0.042584,559207,681,56090
awkhash,h32,h32/uniform-random-w0.10,0.100,4,17208,10483,26,0.030772,0.038179,559207,681,56090
awkhash,h32,h32/uniform-random-w0.10,0.100,5,16894,9841,38,0.030211,0.055800,559207,681,56090
awkhash,h32,h32/uniform-random-w0.10,0.100,6,16930,10351,31,0.030275,0.045521,559207,681,56090
awkhash,h32,h32/uniform-random-w0.10,0.100,7,17099,10670,24,0.030577,0.035242,559207,681,56090
awkhash,h32,h32/uniform-random-w0.10,0.100,8,17099,10594,33,0.030577,0.048458,559207,681,56090
awkhash,h32,h32/uniform-random-w0.10,0.100,9,17005,10261,11,0.030409,0.016153,559207,681,56090
awkhash,h32,h32/uniform-random-w0.10,0.100,10,17351,11061,63,0.031028,0.092511,559207,681,56090
awkhash,h32,h32/uniform-random-w0.10,0.100,11,17199,10339,21,0.030756,0.030837,559207,681,56090
awkhash,h32,h32/uniform-random-w0.10,0.100,12,17110,10523,11,0.030597,0.016153,559207,681,56090
awkhash,h32,h32/uniform-random-w0.10,0.100,13,17190,11011,54,0.030740,0.079295,559207,681,56090
awkhash,h32,h32/uniform-random-w0.10,0.100,14,17292,10731,22,0.030922,0.032305,559207,681,56090
awkhash,h32,h32/uniform-random-w0.10,0.100,15,17153,10439,20,0.030674,0.029369,559207,681,56090
awkhash,h32,h32/uniform-random-w0.10,0.100,16,17161,10239,15,0.030688,0.022026,559207,681,56090
awkhash,h32,h32/uniform-random-w0.10,0.100,17,17457,10556,24,0.031217,0.035242,559207,681,56090
awkhash,h32,h32/uniform-random-w0.10,0.100,18,17426,10754,25,0.031162,0.036711,559207,681,56090
awkhash,h32,h32/uniform-random-w0.10,0.100,19,17517,11061,12,0.031325,0.017621,559207,681,56090
awkhash,h32,h32/uniform-random-w0.10,0.100,20,17472,10880,22,0.031244,0.032305,559207,681,56090
awkhash,h32,h32/uniform-random-w0.10,0.100,21,17558,11005,8,0.031398,0.011747,559207,681,56090
awkhash,h32,h32/uniform-random-w0.10,0.100,22,17541,10871,14,0.031368,0.020558,559207,681,56090
awkhash,h32,h32/uniform-random-w0.10,0.100,23,17485,10851,15,0.031267,0.022026,559207,681,56090
awkhash,h32,h32/uniform-random-w0.10,0.100,24,17393,10686,16,0.031103,0.023495,559207,681,56090
awkhash,h32,h32/uniform-random-w0.10,0.100,25,17416,10847,14,0.031144,0.020558,559207,681,56090
awkhash,h32,h32/uniform-random-w0.10,0.100,26,17687,11123,13,0.031629,0.019090,559207,681,56090
awkhash,h32,h32/uniform-random-w0.10,0.100,27,17761,11347,16,0.031761,0.023495,559207,681,56090
awkhash,h32,h32/uniform-random-w0.10,0.100,28,17887,11410,12,0.031986,0.017621,559207,681,56090
awkhash,h32,h32/uniform-random-w0.10,0.100,29,17979,11197,12,0.032151,0.017621,559207,681,56090
awkhash,h32,h32/uniform-random-w0.10,0.100,30,18183,11578,14,0.032516,0.020558,559207,681,56090
awkhash,h32,h32/uniform-random-w0.10,0.100,31,18120,11544,10,0.032403,0.014684,559207,681,56090
awkhash,h32,h32/uniform-random-w0.10,0.100,32,18457,12078,7,0.033006,0.010279,559207,681,56090
awkhash,h32,h32/uniform-random-w0.25,0.250,1,11280,8068,25,0.031855,0.040128,354110,623,56090
awkhash,h32,h32/uniform-random-w0.25,0.250,2,11264,7355,21,0.031809,0.033708,354110,623,56090
awkhash,h32,h32/uniform-random-w0.25,0.250,3,11029,6602,30,0.031146,0.048154,354110,623,56090
awkhash,h32,h32/uniform-random-w0.25,0.250,4,10946,6510,23,0.030911,0.036918,354110,623,56090
awkhash,h32,h32/uniform-random-w0.25,0.250,5,10740,6204,32,0.030330,0.051364,354110,623,56090
awkhash,h32,h32/uniform-random-w0.25,0.250,6,10778,6434,27,0.030437,0.043339,354110,623,56090
awkhash,h32,h32/uniform-random-w0.25,0.250,7,10866,6737,22,0.030685,0.035313,354110,623,56090
awkhash,h32,h32/uniform-random-w0.25,0.250,8,10895,6580,31,0.030767,0.049759,354110,623,56090
awkhash,h32,h32/uniform-random-w0.25,0.250,9,10760,6381,8,0.030386,0.012841,354110,623,56090
awkhash,h32,h32/uniform-random-w0.25,0.250,10,11062,6919,53,0.031239,0.085072,354110,623,56090
awkhash,h32,h32/uniform-random-w0.25,0.250,11,10908,6453,21,0.030804,0.033708,354110,623,56090
awkhash,h32,h32/uniform-random-w0.25,0.250,12,10866,6593,10,0.030685,0.016051,354110,623,56090
awkhash,h32,h32/uniform-random-w0.25,0.250,13,11005,6971,51,0.031078,0.081862,354110,623,56090
awkhash,h32,h32/uniform-random-w0.25,0.250,14,11014,6734,21,0.031103,0.033708,354110,623,56090
awkhash,h32,h32/uniform-random-w0.25,0.250,15,10936,6576,19,0.030883,0.030498,354110,623,56090
awkhash,h32,h32/uniform-random-w0.25,0.250,16,10923,6432,15,0.030846,0.024077,354110,623,56090
awkhash,h32,h32/uniform-random-w0.25,0.250,17,11065,6560,19,0.031247,0.030498,354110,623,56090
awkhash,h32,h32/uniform-random-w0.25,0.250,18,11040,6703,24,0.031177,0.038523,354110,623,56090
awkhash,h32,h32/uniform-random-w0.25,0.250,19,11091,6900,11,0.031321,0.017657,354110,623,56090
awkhash,h32,h32/uniform-random-w0.25,0.250,20,11059,6771,21,0.031230,0.033708,354110,623,56090
awkhash,h32,h32/uniform-random-w0.25,0.250,21,11095,6821,9,0.031332,0.014446,354110,623,56090
awkhash,h32,h32/uniform-random-w0.25,0.250,22,11122,6772,13,0.031408,0.020867,354110,623,56090
awkhash,h32,h32/uniform-random-w0.25,0.250,23,11097,6766,14,0.031338,0.022472,354110,623,56090
awkhash,h32,h32/uniform-random-w0.25,0.250,24,11008,6664,15,0.031086,0.024077,354110,623,56090
awkhash,h32,h32/uniform-random-w0.25,0.250,25,11032,6750,11,0.031154,0.017657,354110,623,56090
awkhash,h32,h32/uniform-random-w0.25,0.250,26,11228,6982,12,0.031708,0.019262,354110,623,56090
awkhash,h32,h32/uniform-random-w0.25,0.250,27,11195,7041,15,0.031614,0.024077,354110,623,56090
awkhash,h32,h32/uniform-random-w0.25,0.250,28,11261,7095,11,0.031801,0.017657,354110,623,56090
awkhash,h32,h32/uniform-random-w0.25,0.250,29,11337,6966,11,0.032015,0.017657,354110,623,56090
awkhash,h32,h32/uniform-random-w0.25,0.250,30,11402,7157,13,0.032199,0.020867,354110,623,56090
awkhash,h32,h32/uniform-random-w0.25,0.250,31,11344,7127,10,0.032035,0.016051,354110,623,56090
awkhash,h32,h32/uniform-random-w0.25,0.250,32,11462,7392,5,0.032368,0.008026,354110,623,56090
awkhash,h32,h32/pooled-w0.05,0.050,1,2251,1581,19,0.030207,0.030844,74518,616,56090
awkhash,h32,h32/pooled-w0.05,0.050,2,2400,1725,14,0.032207,0.022727,74518,616,56090
awkhash,h32,h32/pooled-w0.05,0.050,3,2277,1642,17,0.030556,0.027597,74518,616,56090
awkhash,h32,h32/pooled-w0.05,0.050,4,2322,1671,18,0.031160,0.029221,74518,616,56090
awkhash,h32,h32/pooled-w0.05,0.050,5,2414,1722,22,0.032395,0.035714,74518,616,56090
awkhash,h32,h32/pooled-w0.05,0.050,6,2325,1646,16,0.031201,0.025974,74518,616,56090
awkhash,h32,h32/pooled-w0.05,0.050,7,2329,1650,18,0.031254,0.029221,74518,616,56090
awkhash,h32,h32/pooled-w0.05,0.050,8,2343,1673,20,0.031442,0.032468,74518,616,56090
awkhash,h32,h32/pooled-w0.05,0.050,9,2326,1660,18,0.031214,0.029221,74518,616,56090
awkhash,h32,h32/pooled-w0.05,0.050,10,2314,1685,20,0.031053,0.032468,74518,616,56090
awkhash,h32,h32/pooled-w0.05,0.050,11,2385,1683,16,0.032006,0.025974,74518,616,56090
awkhash,h32,h32/pooled-w0.05,0.050,12,2345,1679,24,0.031469,0.038961,74518,616,56090
awkhash,h32,h32/pooled-w0.05,0.050,13,2246,1623,17,0.030140,0.027597,74518,616,56090
awkhash,h32,h32/pooled-w0.05,0.050,14,2294,1667,15,0.030785,0.024351,74518,616,56090
awkhash,h32,h32/pooled-w0.05,0.050,15,2319,1638,22,0.031120,0.035714,74518,616,56090
awkhash,h32,h32/pooled-w0.05,0.050,16,2319,1673,16,0.031120,0.025974,74518,616,56090
awkhash,h32,h32/pooled-w0.05,0.050,17,2332,1672,28,0.031294,0.045455,74518,616,56090
awkhash,h32,h32/pooled-w0.05,0.050,18,2298,1590,17,0.030838,0.027597,74518,616,56090
awkhash,h32,h32/pooled-w0.05,0.050,19,2337,1685,17,0.031362,0.027597,74518,616,56090
awkhash,h32,h32/pooled-w0.05,0.050,20,2348,1688,24,0.031509,0.038961,74518,616,56090
awkhash,h32,h32/pooled-w0.05,0.050,21,2344,1658,22,0.031455,0.035714,74518,616,56090
awkhash,h32,h32/pooled-w0.05,0.050,22,2277,1605,17,0.030556,0.027597,74518,616,56090
awkhash,h32,h32/pooled-w0.05,0.050,23,2275,1597,22,0.030530,0.035714,74518,616,56090
awkhash,h32,h32/pooled-w0.05,0.050,24,2471,1758,13,0.033160,0.021104,74518,616,56090
awkhash,h32,h32/pooled-w0.05,0.050,25,2347,1697,15,0.031496,0.024351,74518,616,56090
awkhash,h32,h32/pooled-w0.05,0.050,26,2364,1679,17,0.031724,0.027597,74518,616,56090
awkhash,h32,h32/pooled-w0.05,0.050,27,2347,1698,27,0.031496,0.043831,74518,616,56090
awkhash,h32,h32/pooled-w0.05,0.050,28,2273,1612,23,0.030503,0.037338,74518,616,56090
awkhash,h32,h32/pooled-w0.05,0.050,29,2368,1706,20,0.031778,0.032468,74518,616,56090
awkhash,h32,h32/pooled-w0.05,0.050,30,2311,1642,15,0.031013,0.024351,74518,616,56090
awkhash,h32,h32/pooled-w0.05,0.050,31,2298,1638,17,0.030838,0.027597,74518,616,56090
awkhash,h32,h32/pooled-w0.05,0.050,32,2319,1688,30,0.031120,0.048701,74518,616,56090
awkhash,h32,h32/pooled-w0.25,0.250,1,890,609,6,0.031444,0.025641,28304,234,56090
awkhash,h32,h32/pooled-w0.25,0.250,2,858,605,6,0.030314,0.025641,28304,234,56090
awkhash,h32,h32/pooled-w0.25,0.250,3,894,598,6,0.031586,0.025641,28304,234,56090
awkhash,h32,h32/pooled-w0.25,0.250,4,971,648,14,0.034306,0.059829,28304,234,56090
awkhash,h32,h32/pooled-w0.25,0.250,5,864,617,6,0.030526,0.025641,28304,234,56090
awkhash,h32,h32/pooled-w0.25,0.250,6,919,613,8,0.032469,0.034188,28304,234,56090
awkhash,h32,h32/pooled-w0.25,0.250,7,873,629,3,0.030844,0.012821,28304,234,56090
awkhash,h32,h32/pooled-w0.25,0.250,8,905,627,7,0.031974,0.029915,28304,234,56090
awkhash,h32,h32/pooled-w0.25,0.250,9,860,582,3,0.030384,0.012821,28304,234,56090
awkhash,h32,h32/pooled-w0.25,0.250,10,904,611,9,0.031939,0.038462,28304,234,56090
awkhash,h32,h32/pooled-w0.25,0.250,11,904,642,7,0.031939,0.029915,28304,234,56090
awkhash,h32,h32/pooled-w0.25,0.250,12,828,551,9,0.029254,0.038462,28304,234,56090
awkhash,h32,h32/pooled-w0.25,0.250,13,885,614,9,0.031268,0.038462,28304,234,56090
awkhash,h32,h32/pooled-w0.25,0.250,14,923,619,11,0.032610,0.047009,28304,234,56090
awkhash,h32,h32/pooled-w0.25,0.250,15,873,608,9,0.030844,0.038462,28304,234,56090
awkhash,h32,h32/pooled-w0.25,0.250,16,905,614,7,0.031974,0.029915,28304,234,56090
awkhash,h32,h32/pooled-w0.25,0.250,17,906,620,7,0.032010,0.029915,28304,234,56090
awkhash,h32,h32/pooled-w0.25,0.250,18,859,589,3,0.030349,0.012821,28304,234,56090
awkhash,h32,h32/pooled-w0.25,0.250,19,874,604,4,0.030879,0.017094,28304,234,56090
awkhash,h32,h32/pooled-w0.25,0.250,20,858,590,8,0.030314,0.034188,28304,234,56090
awkhash,h32,h32/pooled-w0.25,0.250,21,866,589,7,0.030596,0.029915,28304,234,56090
awkhash,h32,h32/pooled-w0.25,0.250,22,890,613,4,0.031444,0.017094,28304,234,56090
awkhash,h32,h32/pooled-w0.25,0.250,23,864,593,7,0.030526,0.029915,28304,234,56090
awkhash,h32,h32/pooled-w0.25,0.250,24,909,646,9,0.032116,0.038462,28304,234,56090
awkhash,h32,h32/pooled-w0.25,0.250,25,926,669,5,0.032716,0.021368,28304,234,56090
awkhash,h32,h32/pooled-w0.25,0.250,26,883,607,9,0.031197,0.038462,28304,234,56090
awkhash,h32,h32/pooled-w0.25,0.250,27,860,579,2,0.030384,0.008547,28304,234,56090
awkhash,h32,h32/pooled-w0.25,0.250,28,882,599,10,0.031162,0.042735,28304,234,56090
awkhash,h32,h32/pooled-w0.25,0.250,29,893,627,8,0.031550,0.034188,28304,234,56090
awkhash,h32,h32/pooled-w0.25,0.250,30,841,586,10,0.029713,0.042735,28304,234,56090
awkhash,h32,h32/pooled-w0.25,0.250,31,845,573,7,0.029854,0.029915,28304,234,56090
awkhash,h32,h32/pooled-w0.25,0.250,32,892,633,14,0.031515,0.059829,28304,234,56090
awkhash,h32,h32/best-ev-tested-w0.05,0.050,1,73121,50828,834,0.095042,0.389174,769354,2143,56090
awkhash,h32,h32/best-ev-tested-w0.05,0.050,2,51559,32817,180,0.067016,0.083994,769354,2143,56090
awkhash,h32,h32/best-ev-tested-w0.05,0.050,3,42556,25507,85,0.055314,0.039664,769354,2143,56090
awkhash,h32,h32/best-ev-tested-w0.05,0.050,4,37760,22272,128,0.049080,0.059729,769354,2143,56090
awkhash,h32,h32/best-ev-tested-w0.05,0.050,5,34611,20105,172,0.044987,0.080261,769354,2143,56090
awkhash,h32,h32/best-ev-tested-w0.05,0.050,6,30944,19320,16,0.040221,0.007466,769354,2143,56090
awkhash,h32,h32/best-ev-tested-w0.05,0.050,7,29166,18393,80,0.037910,0.037331,769354,2143,56090
awkhash,h32,h32/best-ev-tested-w0.05,0.050,8,27267,17440,12,0.035441,0.005600,769354,2143,56090
awkhash,h32,h32/best-ev-tested-w0.05,0.050,9,25835,16221,33,0.033580,0.015399,769354,2143,56090
awkhash,h32,h32/best-ev-tested-w0.05,0.050,10,26171,17050,501,0.034017,0.233784,769354,2143,56090
awkhash,h32,h32/best-ev-tested-w0.05,0.050,11,23468,14970,3,0.030504,0.001400,769354,2143,56090
awkhash,h32,h32/best-ev-tested-w0.05,0.050,12,22609,14701,4,0.029387,0.001867,769354,2143,56090
awkhash,h32,h32/best-ev-tested-w0.05,0.050,13,22055,14730,65,0.028667,0.030331,769354,2143,56090
awkhash,h32,h32/best-ev-tested-w0.05,0.050,14,20953,13941,2,0.027235,0.000933,769354,2143,56090
awkhash,h32,h32/best-ev-tested-w0.05,0.050,15,20134,13032,1,0.026170,0.000467,769354,2143,56090
awkhash,h32,h32/best-ev-tested-w0.05,0.050,16,19470,12369,3,0.025307,0.001400,769354,2143,56090
awkhash,h32,h32/best-ev-tested-w0.05,0.050,17,18970,12224,3,0.024657,0.001400,769354,2143,56090
awkhash,h32,h32/best-ev-tested-w0.05,0.050,18,18523,12186,0,0.024076,0.000000,769354,2143,56090
awkhash,h32,h32/best-ev-tested-w0.05,0.050,19,18005,12001,2,0.023403,0.000933,769354,2143,56090
awkhash,h32,h32/best-ev-tested-w0.05,0.050,20,17632,11769,1,0.022918,0.000467,769354,2143,56090
awkhash,h32,h32/best-ev-tested-w0.05,0.050,21,17211,11654,1,0.022371,0.000467,769354,2143,56090
awkhash,h32,h32/best-ev-tested-w0.05,0.050,22,16891,11296,2,0.021955,0.000933,769354,2143,56090
awkhash,h32,h32/best-ev-tested-w0.05,0.050,23,16533,11226,1,0.021489,0.000467,769354,2143,56090
awkhash,h32,h32/best-ev-tested-w0.05,0.050,24,16230,10909,3,0.021096,0.001400,769354,2143,56090
awkhash,h32,h32/best-ev-tested-w0.05,0.050,25,15930,10802,1,0.020706,0.000467,769354,2143,56090
awkhash,h32,h32/best-ev-tested-w0.05,0.050,26,15640,10543,0,0.020329,0.000000,769354,2143,56090
awkhash,h32,h32/best-ev-tested-w0.05,0.050,27,15454,10401,2,0.020087,0.000933,769354,2143,56090
awkhash,h32,h32/best-ev-tested-w0.05,0.050,28,15242,10128,0,0.019811,0.000000,769354,2143,56090
awkhash,h32,h32/best-ev-tested-w0.05,0.050,29,15127,9863,2,0.019662,0.000933,769354,2143,56090
awkhash,h32,h32/best-ev-tested-w0.05,0.050,30,14949,9997,2,0.019431,0.000933,769354,2143,56090
awkhash,h32,h32/best-ev-tested-w0.05,0.050,31,14804,9815,4,0.019242,0.001867,769354,2143,56090
awkhash,h32,h32/best-ev-tested-w0.05,0.050,32,14534,9846,0,0.018891,0.000000,769354,2143,56090
awkhash,h32,h32/best-ev-tested-w0.25,0.250,1,24823,16995,559,0.069199,0.334731,358718,1670,56090
awkhash,h32,h32/best-ev-tested-w0.25,0.250,2,20294,12701,204,0.056574,0.122156,358718,1670,56090
awkhash,h32,h32/best-ev-tested-w0.25,0.250,3,17851,10461,130,0.049763,0.077844,358718,1670,56090
awkhash,h32,h32/best-ev-tested-w0.25,0.250,4,16135,9271,94,0.044980,0.056287,358718,1670,56090
awkhash,h32,h32/best-ev-tested-w0.25,0.250,5,14883,8449,45,0.041489,0.026946,358718,1670,56090
awkhash,h32,h32/best-ev-tested-w0.25,0.250,6,14050,8305,86,0.039167,0.051497,358718,1670,56090
awkhash,h32,h32/best-ev-tested-w0.25,0.250,7,13077,8142,45,0.036455,0.026946,358718,1670,56090
awkhash,h32,h32/best-ev-tested-w0.25,0.250,8,12408,7477,8,0.034590,0.004790,358718,1670,56090
awkhash,h32,h32/best-ev-tested-w0.25,0.250,9,12027,7177,33,0.033528,0.019760,358718,1670,56090
awkhash,h32,h32/best-ev-tested-w0.25,0.250,10,12185,7428,190,0.033968,0.113772,358718,1670,56090
awkhash,h32,h32/best-ev-tested-w0.25,0.250,11,11298,6673,24,0.031495,0.014371,358718,1670,56090
awkhash,h32,h32/best-ev-tested-w0.25,0.250,12,10910,6643,2,0.030414,0.001198,358718,1670,56090
awkhash,h32,h32/best-ev-tested-w0.25,0.250,13,11402,7102,226,0.031785,0.135329,358718,1670,56090
awkhash,h32,h32/best-ev-tested-w0.25,0.250,14,10376,6369,2,0.028925,0.001198,358718,1670,56090
awkhash,h32,h32/best-ev-tested-w0.25,0.250,15,10119,6156,0,0.028209,0.000000,358718,1670,56090
awkhash,h32,h32/best-ev-tested-w0.25,0.250,16,9904,5931,1,0.027609,0.000599,358718,1670,56090
awkhash,h32,h32/best-ev-tested-w0.25,0.250,17,9703,5816,0,0.027049,0.000000,358718,1670,56090
awkhash,h32,h32/best-ev-tested-w0.25,0.250,18,9511,5873,1,0.026514,0.000599,358718,1670,56090
awkhash,h32,h32/best-ev-tested-w0.25,0.250,19,9318,5810,0,0.025976,0.000000,358718,1670,56090
awkhash,h32,h32/best-ev-tested-w0.25,0.250,20,9164,5694,1,0.025547,0.000599,358718,1670,56090
awkhash,h32,h32/best-ev-tested-w0.25,0.250,21,9013,5648,2,0.025126,0.001198,358718,1670,56090
awkhash,h32,h32/best-ev-tested-w0.25,0.250,22,8841,5488,0,0.024646,0.000000,358718,1670,56090
awkhash,h32,h32/best-ev-tested-w0.25,0.250,23,8695,5506,1,0.024239,0.000599,358718,1670,56090
awkhash,h32,h32/best-ev-tested-w0.25,0.250,24,8573,5403,0,0.023899,0.000000,358718,1670,56090
awkhash,h32,h32/best-ev-tested-w0.25,0.250,25,8440,5382,1,0.023528,0.000599,358718,1670,56090
awkhash,h32,h32/best-ev-tested-w0.25,0.250,26,8326,5365,0,0.023210,0.000000,358718,1670,56090
awkhash,h32,h32/best-ev-tested-w0.25,0.250,27,8176,5320,2,0.022792,0.001198,358718,1670,56090
awkhash,h32,h32/best-ev-tested-w0.25,0.250,28,8067,5233,4,0.022488,0.002395,358718,1670,56090
awkhash,h32,h32/best-ev-tested-w0.25,0.250,29,7952,5021,3,0.022168,0.001796,358718,1670,56090
awkhash,h32,h32/best-ev-tested-w0.25,0.250,30,7824,5048,2,0.021811,0.001198,358718,1670,56090
awkhash,h32,h32/best-ev-tested-w0.25,0.250,31,7722,4972,3,0.021527,0.001796,358718,1670,56090
awkhash,h32,h32/best-ev-tested-w0.25,0.250,32,7651,5029,1,0.021329,0.000599,358718,1670,56090
gcc,coarse,coarse/best-ev-w0.05,0.050,1,115820,93045,1307,0.179868,0.099528,643918,13132,33055
gcc,coarse,coarse/best-ev-w0.05,0.050,2,115091,88705,4932,0.178735,0.375571,643918,13132,33055
gcc,coarse,coarse/best-ev-w0.05,0.050,4,111315,79737,3903,0.172871,0.297213,643918,13132,33055
gcc,coarse,coarse/best-ev-w0.05,0.050,8,102616,69907,449,0.159362,0.034191,643918,13132,33055
gcc,coarse,coarse/best-ev-w0.05,0.050,16,99687,68164,385,0.154813,0.029318,643918,13132,33055
gcc,coarse,coarse/best-ev-w0.05,0.050,32,99389,65684,2156,0.154350,0.164179,643918,13132,33055
gcc,coarse,coarse/best-ev-w0.25,0.250,1,61107,49355,1276,0.189716,0.117064,322098,10900,33055
gcc,coarse,coarse/best-ev-w0.25,0.250,2,60716,47515,4749,0.188502,0.435688,322098,10900,33055
gcc,coarse,coarse/best-ev-w0.25,0.250,4,54652,40380,2228,0.169675,0.204404,322098,10900,33055
gcc,coarse,coarse/best-ev-w0.25,0.250,8,49991,35216,386,0.155204,0.035413,322098,10900,33055
gcc,coarse,coarse/best-ev-w0.25,0.250,16,48279,33737,868,0.149889,0.079633,322098,10900,33055
gcc,coarse,coarse/best-ev-w0.25,0.250,32,47353,31697,1393,0.147014,0.127798,322098,10900,33055
gcc,coarse,coarse/uniform-random-w0.01,0.010,1,177264,142489,1001,0.168252,0.114767,1053561,8722,33055
gcc,coarse,coarse/uniform-random-w0.01,0.010,2,172406,131766,1650,0.163641,0.189177,1053561,8722,33055
gcc,coarse,coarse/uniform-random-w0.01,0.010,4,171125,121194,2207,0.162425,0.253038,1053561,8722,33055
gcc,coarse,coarse/uniform-random-w0.01,0.010,8,173269,116351,1066,0.164460,0.122220,1053561,8722,33055
gcc,coarse,coarse/uniform-random-w0.01,0.010,16,175445,117972,1116,0.166526,0.127952,1053561,8722,33055
gcc,coarse,coarse/uniform-random-w0.01,0.010,32,184052,120299,1682,0.174695,0.192846,1053561,8722,33055
gcc,coarse,coarse/uniform-random-w0.02,0.020,1,151390,121799,925,0.168236,0.108454,899868,8529,33055
gcc,coarse,coarse/uniform-random-w0.02,0.020,2,148110,113497,1641,0.164591,0.192402,899868,8529,33055
gcc,coarse,coarse/uniform-random-w0.02,0.020,4,147157,104870,2162,0.163532,0.253488,899868,8529,33055
gcc,coarse,coarse/uniform-random-w0.02,0.020,8,148064,100228,1044,0.164540,0.122406,899868,8529,33055
gcc,coarse,coarse/uniform-random-w0.02,0.020,16,149401,101090,1106,0.166025,0.129675,899868,8529,33055
gcc,coarse,coarse/uniform-random-w0.02,0.020,32,155746,102297,1651,0.173076,0.193575,899868,8529,33055
gcc,coarse,coarse/uniform-random-w0.05,0.050,1,112453,90497,926,0.168477,0.111822,667467,8281,33055
gcc,coarse,coarse/uniform-random-w0.05,0.050,2,110565,85037,1654,0.165649,0.199734,667467,8281,33055
gcc,coarse,coarse/uniform-random-w0.05,0.050,4,109851,78941,2053,0.164579,0.247917,667467,8281,33055
gcc,coarse,coarse/uniform-random-w0.05,0.050,8,109725,75335,1036,0.164390,0.125106,667467,8281,33055
gcc,coarse,coarse/uniform-random-w0.05,0.050,16,110491,75504,1001,0.165538,0.120879,667467,8281,33055
gcc,coarse,coarse/uniform-random-w0.05,0.050,32,114382,75411,1611,0.171367,0.194542,667467,8281,33055
gcc,coarse,coarse/uniform-random-w0.10,0.100,1,81940,66009,902,0.167974,0.111303,487815,8104,33055
gcc,coarse,coarse/uniform-random-w0.10,0.100,2,81176,62657,1620,0.166407,0.199901,487815,8104,33055
gcc,coarse,coarse/uniform-random-w0.10,0.100,4,80803,58559,2032,0.165643,0.250740,487815,8104,33055
gcc,coarse,coarse/uniform-random-w0.10,0.100,8,80033,55520,1021,0.164064,0.125987,487815,8104,33055
gcc,coarse,coarse/uniform-random-w0.10,0.100,16,80660,55498,1010,0.165350,0.124630,487815,8104,33055
gcc,coarse,coarse/uniform-random-w0.10,0.100,32,83203,55016,1519,0.170563,0.187438,487815,8104,33055
gcc,coarse,coarse/uniform-random-w0.25,0.250,1,53110,42902,798,0.167335,0.108203,317387,7375,33055
gcc,coarse,coarse/uniform-random-w0.25,0.250,2,53209,41302,1570,0.167647,0.212881,317387,7375,33055
gcc,coarse,coarse/uniform-random-w0.25,0.250,4,52598,38580,1661,0.165722,0.225220,317387,7375,33055
gcc,coarse,coarse/uniform-random-w0.25,0.250,8,52203,36758,1047,0.164477,0.141966,317387,7375,33055
gcc,coarse,coarse/uniform-random-w0.25,0.250,16,52362,36455,964,0.164978,0.130712,317387,7375,33055
gcc,coarse,coarse/uniform-random-w0.25,0.250,32,53905,35744,1335,0.169840,0.181017,317387,7375,33055
gcc,coarse,coarse/pooled-w0.05,0.050,1,52408,45614,1442,0.166461,0.171810,314836,8393,33055
gcc,coarse,coarse/pooled-w0.05,0.050,2,52385,45665,1364,0.166388,0.162516,314836,8393,33055
gcc,coarse,coarse/pooled-w0.05,0.050,4,52687,45821,1389,0.167347,0.165495,314836,8393,33055
gcc,coarse,coarse/pooled-w0.05,0.050,8,52564,45664,1423,0.166957,0.169546,314836,8393,33055
gcc,coarse,coarse/pooled-w0.05,0.050,16,52324,45534,1431,0.166194,0.170499,314836,8393,33055
gcc,coarse,coarse/pooled-w0.05,0.050,32,52468,45524,1344,0.166652,0.160133,314836,8393,33055
gcc,coarse,coarse/pooled-w0.25,0.250,1,24197,20598,1013,0.166417,0.154586,145400,6553,33055
gcc,coarse,coarse/pooled-w0.25,0.250,2,24315,20745,1095,0.167228,0.167099,145400,6553,33055
gcc,coarse,coarse/pooled-w0.25,0.250,4,24409,20758,1101,0.167875,0.168015,145400,6553,33055
gcc,coarse,coarse/pooled-w0.25,0.250,8,24184,20508,1154,0.166327,0.176103,145400,6553,33055
gcc,coarse,coarse/pooled-w0.25,0.250,16,23943,20330,1098,0.164670,0.167557,145400,6553,33055
gcc,coarse,coarse/pooled-w0.25,0.250,32,24352,20757,1092,0.167483,0.166641,145400,6553,33055
gcc,coarse,coarse/best-ev-tested-w0.05,0.050,1,230875,188179,2480,0.333922,0.196607,691403,12614,33055
gcc,coarse,coarse/best-ev-tested-w0.05,0.050,2,138524,108951,4445,0.200352,0.352386,691403,12614,33055
gcc,coarse,coarse/best-ev-tested-w0.05,0.050,4,104675,75768,3476,0.151395,0.275567,691403,12614,33055
gcc,coarse,coarse/best-ev-tested-w0.05,0.050,8,82058,56101,295,0.118683,0.023387,691403,12614,33055
gcc,coarse,coarse/best-ev-tested-w0.05,0.050,16,71299,49271,971,0.103122,0.076978,691403,12614,33055
gcc,coarse,coarse/best-ev-tested-w0.05,0.050,32,63972,42545,947,0.092525,0.075075,691403,12614,33055
gcc,coarse,coarse/best-ev-tested-w0.25,0.250,1,85795,69357,1550,0.260019,0.144900,329957,10697,33055
gcc,coarse,coarse/best-ev-tested-w0.25,0.250,2,68547,54268,4651,0.207745,0.434795,329957,10697,33055
gcc,coarse,coarse/best-ev-tested-w0.25,0.250,4,53787,39970,2108,0.163012,0.197065,329957,10697,33055
gcc,coarse,coarse/best-ev-tested-w0.25,0.250,8,44389,31245,289,0.134530,0.027017,329957,10697,33055
gcc,coarse,coarse/best-ev-tested-w0.25,0.250,16,40069,28082,796,0.121437,0.074413,329957,10697,33055
gcc,coarse,coarse/best-ev-tested-w0.25,0.250,32,37370,25193,1303,0.113257,0.121810,329957,10697,33055
gcc,h16,h16/best-ev-w0.05,0.050,1,73617,58545,1271,0.078026,0.091170,943496,13941,33055
gcc,h16,h16/best-ev-w0.05,0.050,2,73372,55970,4661,0.077766,0.334338,943496,13941,33055
gcc,h16,h16/best-ev-w0.05,0.050,3,66573,48848,919,0.070560,0.065921,943496,13941,33055
gcc,h16,h16/best-ev-w0.05,0.050,4,63775,44958,582,0.067594,0.041747,943496,13941,33055
gcc,h16,h16/best-ev-w0.05,0.050,5,66943,45722,3733,0.070952,0.267771,943496,13941,33055
gcc,h16,h16/best-ev-w0.05,0.050,6,59587,39966,174,0.063156,0.012481,943496,13941,33055
gcc,h16,h16/best-ev-w0.05,0.050,7,57909,37871,69,0.061377,0.004949,943496,13941,33055
gcc,h16,h16/best-ev-w0.05,0.050,8,57022,37192,214,0.060437,0.015350,943496,13941,33055
gcc,h16,h16/best-ev-w0.05,0.050,9,55652,36492,82,0.058985,0.005882,943496,13941,33055
gcc,h16,h16/best-ev-w0.05,0.050,10,54809,35599,133,0.058091,0.009540,943496,13941,33055
gcc,h16,h16/best-ev-w0.05,0.050,11,53815,34966,78,0.057038,0.005595,943496,13941,33055
gcc,h16,h16/best-ev-w0.05,0.050,12,52855,34475,58,0.056020,0.004160,943496,13941,33055
gcc,h16,h16/best-ev-w0.05,0.050,13,52239,33854,75,0.055367,0.005380,943496,13941,33055
gcc,h16,h16/best-ev-w0.05,0.050,14,51681,33611,102,0.054776,0.007317,943496,13941,33055
gcc,h16,h16/best-ev-w0.05,0.050,15,51639,34290,210,0.054732,0.015063,943496,13941,33055
gcc,h16,h16/best-ev-w0.05,0.050,16,52008,34943,1580,0.055123,0.113335,943496,13941,33055
gcc,h16,h16/best-ev-w0.25,0.250,1,46363,37188,1155,0.086396,0.097765,536634,11814,33055
gcc,h16,h16/best-ev-w0.25,0.250,2,46485,36118,4476,0.086623,0.378873,536634,11814,33055
gcc,h16,h16/best-ev-w0.25,0.250,3,40210,29769,871,0.074930,0.073726,536634,11814,33055
gcc,h16,h16/best-ev-w0.25,0.250,4,37580,27015,428,0.070029,0.036228,536634,11814,33055
gcc,h16,h16/best-ev-w0.25,0.250,5,38806,27592,2461,0.072314,0.208312,536634,11814,33055
gcc,h16,h16/best-ev-w0.25,0.250,6,34077,23625,116,0.063501,0.009819,536634,11814,33055
gcc,h16,h16/best-ev-w0.25,0.250,7,32765,22291,72,0.061057,0.006094,536634,11814,33055
gcc,h16,h16/best-ev-w0.25,0.250,8,31869,21607,214,0.059387,0.018114,536634,11814,33055
gcc,h16,h16/best-ev-w0.25,0.250,9,30745,20888,65,0.057292,0.005502,536634,11814,33055
gcc,h16,h16/best-ev-w0.25,0.250,10,29953,20242,54,0.055816,0.004571,536634,11814,33055
gcc,h16,h16/best-ev-w0.25,0.250,11,29181,19647,71,0.054378,0.006010,536634,11814,33055
gcc,h16,h16/best-ev-w0.25,0.250,12,28553,19330,81,0.053208,0.006856,536634,11814,33055
gcc,h16,h16/best-ev-w0.25,0.250,13,27923,18832,64,0.052034,0.005417,536634,11814,33055
gcc,h16,h16/best-ev-w0.25,0.250,14,27331,18357,43,0.050930,0.003640,536634,11814,33055
gcc,h16,h16/best-ev-w0.25,0.250,15,26942,18363,114,0.050206,0.009650,536634,11814,33055
gcc,h16,h16/best-ev-w0.25,0.250,16,27851,19452,1529,0.051899,0.129423,536634,11814,33055
gcc,h16,h16/uniform-random-w0.01,0.010,1,95469,76983,328,0.067799,0.040206,1408125,8158,33055
gcc,h16,h16/uniform-random-w0.01,0.010,2,87686,66824,647,0.062271,0.079309,1408125,8158,33055
gcc,h16,h16/uniform-random-w0.01,0.010,3,83343,60707,614,0.059187,0.075264,1408125,8158,33055
gcc,h16,h16/uniform-random-w0.01,0.010,4,82157,56842,764,0.058345,0.093650,1408125,8158,33055
gcc,h16,h16/uniform-random-w0.01,0.010,5,80825,54228,747,0.057399,0.091567,1408125,8158,33055
gcc,h16,h16/uniform-random-w0.01,0.010,6,80804,52627,562,0.057384,0.068889,1408125,8158,33055
gcc,h16,h16/uniform-random-w0.01,0.010,7,81349,52014,491,0.057771,0.060186,1408125,8158,33055
gcc,h16,h16/uniform-random-w0.01,0.010,8,83296,54400,470,0.059154,0.057612,1408125,8158,33055
gcc,h16,h16/uniform-random-w0.01,0.010,9,83900,54823,330,0.059583,0.040451,1408125,8158,33055
gcc,h16,h16/uniform-random-w0.01,0.010,10,85403,54930,306,0.060650,0.037509,1408125,8158,33055
gcc,h16,h16/uniform-random-w0.01,0.010,11,86293,55741,303,0.061282,0.037141,1408125,8158,33055
gcc,h16,h16/uniform-random-w0.01,0.010,12,90468,59561,524,0.064247,0.064231,1408125,8158,33055
gcc,h16,h16/uniform-random-w0.01,0.010,13,91318,59145,486,0.064851,0.059573,1408125,8158,33055
gcc,h16,h16/uniform-random-w0.01,0.010,14,94709,61786,484,0.067259,0.059328,1408125,8158,33055
gcc,h16,h16/uniform-random-w0.01,0.010,15,98400,65801,541,0.069880,0.066315,1408125,8158,33055
gcc,h16,h16/uniform-random-w0.01,0.010,16,102705,69325,561,0.072937,0.068767,1408125,8158,33055
gcc,h16,h16/uniform-random-w0.02,0.020,1,84963,68350,330,0.066596,0.040541,1275791,8140,33055
gcc,h16,h16/uniform-random-w0.02,0.020,2,79061,60089,647,0.061970,0.079484,1275791,8140,33055
gcc,h16,h16/uniform-random-w0.02,0.020,3,75781,55399,614,0.059399,0.075430,1275791,8140,33055
gcc,h16,h16/uniform-random-w0.02,0.020,4,75256,52375,763,0.058988,0.093735,1275791,8140,33055
gcc,h16,h16/uniform-random-w0.02,0.020,5,74265,50118,748,0.058211,0.091892,1275791,8140,33055
gcc,h16,h16/uniform-random-w0.02,0.020,6,73999,48623,563,0.058002,0.069165,1275791,8140,33055
gcc,h16,h16/uniform-random-w0.02,0.020,7,74491,47884,490,0.058388,0.060197,1275791,8140,33055
gcc,h16,h16/uniform-random-w0.02,0.020,8,76002,49841,469,0.059572,0.057617,1275791,8140,33055
gcc,h16,h16/uniform-random-w0.02,0.020,9,76879,50462,325,0.060260,0.039926,1275791,8140,33055
gcc,h16,h16/uniform-random-w0.02,0.020,10,78223,50699,303,0.061313,0.037224,1275791,8140,33055
gcc,h16,h16/uniform-random-w0.02,0.020,11,78650,51035,302,0.061648,0.037101,1275791,8140,33055
gcc,h16,h16/uniform-random-w0.02,0.020,12,82302,54393,521,0.064511,0.064005,1275791,8140,33055
gcc,h16,h16/uniform-random-w0.02,0.020,13,82378,53619,486,0.064570,0.059705,1275791,8140,33055
gcc,h16,h16/uniform-random-w0.02,0.020,14,84732,55355,482,0.066415,0.059214,1275791,8140,33055
gcc,h16,h16/uniform-random-w0.02,0.020,15,87789,58889,541,0.068811,0.066462,1275791,8140,33055
gcc,h16,h16/uniform-random-w0.02,0.020,16,91020,61671,556,0.071344,0.068305,1275791,8140,33055
gcc,h16,h16/uniform-random-w0.05,0.050,1,66988,53683,328,0.065321,0.040796,1025526,8040,33055
gcc,h16,h16/uniform-random-w0.05,0.050,2,63565,48225,643,0.061983,0.079975,1025526,8040,33055
gcc,h16,h16/uniform-random-w0.05,0.050,3,61948,45627,614,0.060406,0.076368,1025526,8040,33055
gcc,h16,h16/uniform-random-w0.05,0.050,4,61611,43282,742,0.060077,0.092289,1025526,8040,33055
gcc,h16,h16/uniform-random-w0.05,0.050,5,61025,41596,745,0.059506,0.092662,1025526,8040,33055
gcc,h16,h16/uniform-random-w0.05,0.050,6,60541,40322,560,0.059034,0.069652,1025526,8040,33055
gcc,h16,h16/uniform-random-w0.05,0.050,7,61055,39799,486,0.059535,0.060448,1025526,8040,33055
gcc,h16,h16/uniform-random-w0.05,0.050,8,62022,41159,466,0.060478,0.057960,1025526,8040,33055
gcc,h16,h16/uniform-random-w0.05,0.050,9,62635,41445,324,0.061076,0.040299,1025526,8040,33055
gcc,h16,h16/uniform-random-w0.05,0.050,10,63438,41745,296,0.061859,0.036816,1025526,8040,33055
gcc,h16,h16/uniform-random-w0.05,0.050,11,63571,41768,293,0.061989,0.036443,1025526,8040,33055
gcc,h16,h16/uniform-random-w0.05,0.050,12,65689,43791,513,0.064054,0.063806,1025526,8040,33055
gcc,h16,h16/uniform-random-w0.05,0.050,13,65431,43196,482,0.063802,0.059950,1025526,8040,33055
gcc,h16,h16/uniform-random-w0.05,0.050,14,66936,44104,474,0.065270,0.058955,1025526,8040,33055
gcc,h16,h16/uniform-random-w0.05,0.050,15,68480,46341,535,0.066775,0.066542,1025526,8040,33055
gcc,h16,h16/uniform-random-w0.05,0.050,16,70591,48178,539,0.068834,0.067040,1025526,8040,33055
gcc,h16,h16/uniform-random-w0.10,0.100,1,51513,41231,303,0.065143,0.038717,790768,7826,33055
gcc,h16,h16/uniform-random-w0.10,0.100,2,49466,37781,643,0.062554,0.082162,790768,7826,33055
gcc,h16,h16/uniform-random-w0.10,0.100,3,48511,35916,614,0.061347,0.078456,790768,7826,33055
gcc,h16,h16/uniform-random-w0.10,0.100,4,48312,34290,713,0.061095,0.091107,790768,7826,33055
gcc,h16,h16/uniform-random-w0.10,0.100,5,47963,33071,742,0.060654,0.094812,790768,7826,33055
gcc,h16,h16/uniform-random-w0.10,0.100,6,47326,32024,522,0.059848,0.066701,790768,7826,33055
gcc,h16,h16/uniform-random-w0.10,0.100,7,47638,31599,483,0.060243,0.061717,790768,7826,33055
gcc,h16,h16/uniform-random-w0.10,0.100,8,48083,32349,457,0.060805,0.058395,790768,7826,33055
gcc,h16,h16/uniform-random-w0.10,0.100,9,48249,32242,310,0.061015,0.039612,790768,7826,33055
gcc,h16,h16/uniform-random-w0.10,0.100,10,48717,32545,286,0.061607,0.036545,790768,7826,33055
gcc,h16,h16/uniform-random-w0.10,0.100,11,48703,32326,290,0.061589,0.037056,790768,7826,33055
gcc,h16,h16/uniform-random-w0.10,0.100,12,50267,33784,510,0.063567,0.065167,790768,7826,33055
gcc,h16,h16/uniform-random-w0.10,0.100,13,49957,33419,470,0.063175,0.060056,790768,7826,33055
gcc,h16,h16/uniform-random-w0.10,0.100,14,50885,33937,462,0.064349,0.059034,790768,7826,33055
gcc,h16,h16/uniform-random-w0.10,0.100,15,51977,35578,518,0.065730,0.066190,790768,7826,33055
gcc,h16,h16/uniform-random-w0.10,0.100,16,53201,36622,503,0.067278,0.064273,790768,7826,33055
gcc,h16,h16/uniform-random-w0.25,0.250,1,35211,28207,301,0.064804,0.041552,543342,7244,33055
gcc,h16,h16/uniform-random-w0.25,0.250,2,34192,26250,619,0.062929,0.085450,543342,7244,33055
gcc,h16,h16/uniform-random-w0.25,0.250,3,33591,25090,525,0.061823,0.072474,543342,7244,33055
gcc,h16,h16/uniform-random-w0.25,0.250,4,33510,24112,623,0.061674,0.086002,543342,7244,33055
gcc,h16,h16/uniform-random-w0.25,0.250,5,33174,23184,693,0.061055,0.095665,543342,7244,33055
gcc,h16,h16/uniform-random-w0.25,0.250,6,32818,22645,516,0.060400,0.071231,543342,7244,33055
gcc,h16,h16/uniform-random-w0.25,0.250,7,32943,22234,475,0.060630,0.065572,543342,7244,33055
gcc,h16,h16/uniform-random-w0.25,0.250,8,33154,22618,446,0.061019,0.061568,543342,7244,33055
gcc,h16,h16/uniform-random-w0.25,0.250,9,33042,22461,302,0.060813,0.041690,543342,7244,33055
gcc,h16,h16/uniform-random-w0.25,0.250,10,33476,22731,269,0.061611,0.037134,543342,7244,33055
gcc,h16,h16/uniform-random-w0.25,0.250,11,33421,22455,281,0.061510,0.038791,543342,7244,33055
gcc,h16,h16/uniform-random-w0.25,0.250,12,34427,23403,469,0.063362,0.064743,543342,7244,33055
gcc,h16,h16/uniform-random-w0.25,0.250,13,34260,23207,427,0.063054,0.058945,543342,7244,33055
gcc,h16,h16/uniform-random-w0.25,0.250,14,34663,23350,400,0.063796,0.055218,543342,7244,33055
gcc,h16,h16/uniform-random-w0.25,0.250,15,35372,24398,412,0.065101,0.056875,543342,7244,33055
gcc,h16,h16/uniform-random-w0.25,0.250,16,36088,25045,486,0.066419,0.067090,543342,7244,33055
gcc,h16,h16/pooled-w0.05,0.050,1,16321,13263,495,0.062755,0.063372,260074,7811,33055
gcc,h16,h16/pooled-w0.05,0.050,2,16057,13047,464,0.061740,0.059403,260074,7811,33055
gcc,h16,h16/pooled-w0.05,0.050,3,16366,13294,536,0.062928,0.068621,260074,7811,33055
gcc,h16,h16/pooled-w0.05,0.050,4,16345,13267,462,0.062847,0.059147,260074,7811,33055
gcc,h16,h16/pooled-w0.05,0.050,5,16076,13066,509,0.061813,0.065165,260074,7811,33055
gcc,h16,h16/pooled-w0.05,0.050,6,16347,13277,467,0.062855,0.059787,260074,7811,33055
gcc,h16,h16/pooled-w0.05,0.050,7,16413,13330,485,0.063109,0.062092,260074,7811,33055
gcc,h16,h16/pooled-w0.05,0.050,8,16230,13206,514,0.062405,0.065805,260074,7811,33055
gcc,h16,h16/pooled-w0.05,0.050,9,16108,13145,456,0.061936,0.058379,260074,7811,33055
gcc,h16,h16/pooled-w0.05,0.050,10,16391,13337,506,0.063024,0.064780,260074,7811,33055
gcc,h16,h16/pooled-w0.05,0.050,11,16186,13196,506,0.062236,0.064780,260074,7811,33055
gcc,h16,h16/pooled-w0.05,0.050,12,16204,13102,479,0.062305,0.061324,260074,7811,33055
gcc,h16,h16/pooled-w0.05,0.050,13,16346,13301,498,0.062851,0.063756,260074,7811,33055
gcc,h16,h16/pooled-w0.05,0.050,14,16218,13204,488,0.062359,0.062476,260074,7811,33055
gcc,h16,h16/pooled-w0.05,0.050,15,16103,13062,478,0.061917,0.061196,260074,7811,33055
gcc,h16,h16/pooled-w0.05,0.050,16,16363,13288,468,0.062917,0.059916,260074,7811,33055
gcc,h16,h16/pooled-w0.25,0.250,1,7965,6341,463,0.063078,0.064243,126272,7207,33055
gcc,h16,h16/pooled-w0.25,0.250,2,7945,6265,453,0.062920,0.062856,126272,7207,33055
gcc,h16,h16/pooled-w0.25,0.250,3,7861,6265,409,0.062254,0.056750,126272,7207,33055
gcc,h16,h16/pooled-w0.25,0.250,4,8001,6371,446,0.063363,0.061884,126272,7207,33055
gcc,h16,h16/pooled-w0.25,0.250,5,7848,6274,464,0.062152,0.064382,126272,7207,33055
gcc,h16,h16/pooled-w0.25,0.250,6,7856,6286,463,0.062215,0.064243,126272,7207,33055
gcc,h16,h16/pooled-w0.25,0.250,7,7894,6278,463,0.062516,0.064243,126272,7207,33055
gcc,h16,h16/pooled-w0.25,0.250,8,8045,6464,429,0.063712,0.059525,126272,7207,33055
gcc,h16,h16/pooled-w0.25,0.250,9,7890,6275,455,0.062484,0.063133,126272,7207,33055
gcc,h16,h16/pooled-w0.25,0.250,10,7883,6263,460,0.062429,0.063827,126272,7207,33055
gcc,h16,h16/pooled-w0.25,0.250,11,7925,6316,454,0.062761,0.062994,126272,7207,33055
gcc,h16,h16/pooled-w0.25,0.250,12,7765,6262,439,0.061494,0.060913,126272,7207,33055
gcc,h16,h16/pooled-w0.25,0.250,13,7891,6291,455,0.062492,0.063133,126272,7207,33055
gcc,h16,h16/pooled-w0.25,0.250,14,7889,6308,458,0.062476,0.063549,126272,7207,33055
gcc,h16,h16/pooled-w0.25,0.250,15,7813,6234,448,0.061874,0.062162,126272,7207,33055
gcc,h16,h16/pooled-w0.25,0.250,16,7801,6247,448,0.061779,0.062162,126272,7207,33055
gcc,h16,h16/best-ev-tested-w0.05,0.050,1,229016,186546,2430,0.222061,0.185312,1031322,13113,33055
gcc,h16,h16/best-ev-tested-w0.05,0.050,2,134537,105586,4313,0.130451,0.328910,1031322,13113,33055
gcc,h16,h16/best-ev-tested-w0.05,0.050,3,96868,73021,882,0.093926,0.067261,1031322,13113,33055
gcc,h16,h16/best-ev-tested-w0.05,0.050,4,78971,56224,1932,0.076573,0.147335,1031322,13113,33055
gcc,h16,h16/best-ev-tested-w0.05,0.050,5,67055,46656,1715,0.065018,0.130786,1031322,13113,33055
gcc,h16,h16/best-ev-tested-w0.05,0.050,6,56065,37853,166,0.054362,0.012659,1031322,13113,33055
gcc,h16,h16/best-ev-tested-w0.05,0.050,7,49881,32920,40,0.048366,0.003050,1031322,13113,33055
gcc,h16,h16/best-ev-tested-w0.05,0.050,8,45853,30098,191,0.044460,0.014566,1031322,13113,33055
gcc,h16,h16/best-ev-tested-w0.05,0.050,9,42024,27622,43,0.040748,0.003279,1031322,13113,33055
gcc,h16,h16/best-ev-tested-w0.05,0.050,10,38779,25177,27,0.037601,0.002059,1031322,13113,33055
gcc,h16,h16/best-ev-tested-w0.05,0.050,11,36476,23692,29,0.035368,0.002212,1031322,13113,33055
gcc,h16,h16/best-ev-tested-w0.05,0.050,12,34431,22311,43,0.033385,0.003279,1031322,13113,33055
gcc,h16,h16/best-ev-tested-w0.05,0.050,13,32295,20553,19,0.031314,0.001449,1031322,13113,33055
gcc,h16,h16/best-ev-tested-w0.05,0.050,14,30569,19553,10,0.029641,0.000763,1031322,13113,33055
gcc,h16,h16/best-ev-tested-w0.05,0.050,15,29788,19528,450,0.028883,0.034317,1031322,13113,33055
gcc,h16,h16/best-ev-tested-w0.05,0.050,16,28714,18969,823,0.027842,0.062762,1031322,13113,33055
gcc,h16,h16/best-ev-tested-w0.25,0.250,1,84774,68328,1459,0.152543,0.130152,555737,11210,33055
gcc,h16,h16/best-ev-tested-w0.25,0.250,2,66182,52039,4306,0.119089,0.384121,555737,11210,33055
gcc,h16,h16/best-ev-tested-w0.25,0.250,3,50595,37987,874,0.091041,0.077966,555737,11210,33055
gcc,h16,h16/best-ev-tested-w0.25,0.250,4,42674,31043,524,0.076788,0.046744,555737,11210,33055
gcc,h16,h16/best-ev-tested-w0.25,0.250,5,39141,28253,1956,0.070431,0.174487,555737,11210,33055
gcc,h16,h16/best-ev-tested-w0.25,0.250,6,33305,23277,103,0.059929,0.009188,555737,11210,33055
gcc,h16,h16/best-ev-tested-w0.25,0.250,7,30428,20683,80,0.054753,0.007136,555737,11210,33055
gcc,h16,h16/best-ev-tested-w0.25,0.250,8,28372,19356,203,0.051053,0.018109,555737,11210,33055
gcc,h16,h16/best-ev-tested-w0.25,0.250,9,26285,17942,63,0.047298,0.005620,555737,11210,33055
gcc,h16,h16/best-ev-tested-w0.25,0.250,10,24888,16976,75,0.044784,0.006690,555737,11210,33055
gcc,h16,h16/best-ev-tested-w0.25,0.250,11,23547,15839,31,0.042371,0.002765,555737,11210,33055
gcc,h16,h16/best-ev-tested-w0.25,0.250,12,22459,15176,26,0.040413,0.002319,555737,11210,33055
gcc,h16,h16/best-ev-tested-w0.25,0.250,13,21537,14560,29,0.038754,0.002587,555737,11210,33055
gcc,h16,h16/best-ev-tested-w0.25,0.250,14,20697,13881,20,0.037242,0.001784,555737,11210,33055
gcc,h16,h16/best-ev-tested-w0.25,0.250,15,20174,13829,152,0.036301,0.013559,555737,11210,33055
gcc,h16,h16/best-ev-tested-w0.25,0.250,16,20679,14483,1309,0.037210,0.116771,555737,11210,33055
gcc,h32,h32/best-ev-w0.05,0.050,1,50883,39963,1205,0.048094,0.086960,1057980,13857,33055
gcc,h32,h32/best-ev-w0.05,0.050,2,50733,38264,4511,0.047953,0.325539,1057980,13857,33055
gcc,h32,h32/best-ev-w0.05,0.050,3,45417,32618,1651,0.042928,0.119146,1057980,13857,33055
gcc,h32,h32/best-ev-w0.05,0.050,4,42556,29063,776,0.040224,0.056001,1057980,13857,33055
gcc,h32,h32/best-ev-w0.05,0.050,5,44364,29144,2755,0.041933,0.198816,1057980,13857,33055
gcc,h32,h32/best-ev-w0.05,0.050,6,38227,24629,78,0.036132,0.005629,1057980,13857,33055
gcc,h32,h32/best-ev-w0.05,0.050,7,37199,23180,80,0.035160,0.005773,1057980,13857,33055
gcc,h32,h32/best-ev-w0.05,0.050,8,36210,22610,176,0.034226,0.012701,1057980,13857,33055
gcc,h32,h32/best-ev-w0.05,0.050,9,35013,21945,38,0.033094,0.002742,1057980,13857,33055
gcc,h32,h32/best-ev-w0.05,0.050,10,34395,21162,92,0.032510,0.006639,1057980,13857,33055
gcc,h32,h32/best-ev-w0.05,0.050,11,33569,20606,60,0.031729,0.004330,1057980,13857,33055
gcc,h32,h32/best-ev-w0.05,0.050,12,32891,20363,48,0.031088,0.003464,1057980,13857,33055
gcc,h32,h32/best-ev-w0.05,0.050,13,32474,19898,92,0.030694,0.006639,1057980,13857,33055
gcc,h32,h32/best-ev-w0.05,0.050,14,31711,19408,33,0.029973,0.002381,1057980,13857,33055
gcc,h32,h32/best-ev-w0.05,0.050,15,31283,19470,63,0.029569,0.004546,1057980,13857,33055
gcc,h32,h32/best-ev-w0.05,0.050,16,30918,19224,123,0.029224,0.008876,1057980,13857,33055
gcc,h32,h32/best-ev-w0.05,0.050,17,30301,18786,30,0.028640,0.002165,1057980,13857,33055
gcc,h32,h32/best-ev-w0.05,0.050,18,29929,18786,37,0.028289,0.002670,1057980,13857,33055
gcc,h32,h32/best-ev-w0.05,0.050,19,29517,18023,31,0.027899,0.002237,1057980,13857,33055
gcc,h32,h32/best-ev-w0.05,0.050,20,29203,18043,28,0.027603,0.002021,1057980,13857,33055
gcc,h32,h32/best-ev-w0.05,0.050,21,28905,17929,46,0.027321,0.003320,1057980,13857,33055
gcc,h32,h32/best-ev-w0.05,0.050,22,28531,17488,14,0.026967,0.001010,1057980,13857,33055
gcc,h32,h32/best-ev-w0.05,0.050,23,28338,17246,38,0.026785,0.002742,1057980,13857,33055
gcc,h32,h32/best-ev-w0.05,0.050,24,28108,17380,35,0.026568,0.002526,1057980,13857,33055
gcc,h32,h32/best-ev-w0.05,0.050,25,27808,16833,75,0.026284,0.005412,1057980,13857,33055
gcc,h32,h32/best-ev-w0.05,0.050,26,27439,16678,30,0.025935,0.002165,1057980,13857,33055
gcc,h32,h32/best-ev-w0.05,0.050,27,27244,16702,37,0.025751,0.002670,1057980,13857,33055
gcc,h32,h32/best-ev-w0.05,0.050,28,27402,16482,491,0.025900,0.035433,1057980,13857,33055
gcc,h32,h32/best-ev-w0.05,0.050,29,26881,16069,161,0.025408,0.011619,1057980,13857,33055
gcc,h32,h32/best-ev-w0.05,0.050,30,26542,16133,29,0.025087,0.002093,1057980,13857,33055
gcc,h32,h32/best-ev-w0.05,0.050,31,26818,16063,86,0.025348,0.006206,1057980,13857,33055
gcc,h32,h32/best-ev-w0.05,0.050,32,27171,16609,908,0.025682,0.065526,1057980,13857,33055
gcc,h32,h32/best-ev-w0.25,0.250,1,38486,30711,1107,0.053882,0.095944,714259,11538,33055
gcc,h32,h32/best-ev-w0.25,0.250,2,38958,30212,4460,0.054543,0.386549,714259,11538,33055
gcc,h32,h32/best-ev-w0.25,0.250,3,33632,24861,1661,0.047087,0.143959,714259,11538,33055
gcc,h32,h32/best-ev-w0.25,0.250,4,30422,21617,418,0.042592,0.036228,714259,11538,33055
gcc,h32,h32/best-ev-w0.25,0.250,5,29922,20881,1170,0.041892,0.101404,714259,11538,33055
gcc,h32,h32/best-ev-w0.25,0.250,6,27007,18272,64,0.037811,0.005547,714259,11538,33055
gcc,h32,h32/best-ev-w0.25,0.250,7,25957,17128,54,0.036341,0.004680,714259,11538,33055
gcc,h32,h32/best-ev-w0.25,0.250,8,25058,16536,153,0.035083,0.013261,714259,11538,33055
gcc,h32,h32/best-ev-w0.25,0.250,9,24073,15857,43,0.033703,0.003727,714259,11538,33055
gcc,h32,h32/best-ev-w0.25,0.250,10,23421,15240,64,0.032791,0.005547,714259,11538,33055
gcc,h32,h32/best-ev-w0.25,0.250,11,22656,14714,31,0.031720,0.002687,714259,11538,33055
gcc,h32,h32/best-ev-w0.25,0.250,12,22135,14437,47,0.030990,0.004073,714259,11538,33055
gcc,h32,h32/best-ev-w0.25,0.250,13,21643,13944,53,0.030301,0.004594,714259,11538,33055
gcc,h32,h32/best-ev-w0.25,0.250,14,21075,13571,24,0.029506,0.002080,714259,11538,33055
gcc,h32,h32/best-ev-w0.25,0.250,15,20687,13488,47,0.028963,0.004073,714259,11538,33055
gcc,h32,h32/best-ev-w0.25,0.250,16,20348,13270,112,0.028488,0.009707,714259,11538,33055
gcc,h32,h32/best-ev-w0.25,0.250,17,19896,12899,34,0.027855,0.002947,714259,11538,33055
gcc,h32,h32/best-ev-w0.25,0.250,18,19612,12791,53,0.027458,0.004594,714259,11538,33055
gcc,h32,h32/best-ev-w0.25,0.250,19,19231,12335,38,0.026924,0.003293,714259,11538,33055
gcc,h32,h32/best-ev-w0.25,0.250,20,18948,12294,19,0.026528,0.001647,714259,11538,33055
gcc,h32,h32/best-ev-w0.25,0.250,21,18679,12157,26,0.026152,0.002253,714259,11538,33055
gcc,h32,h32/best-ev-w0.25,0.250,22,18425,12005,23,0.025796,0.001993,714259,11538,33055
gcc,h32,h32/best-ev-w0.25,0.250,23,18204,11769,32,0.025487,0.002773,714259,11538,33055
gcc,h32,h32/best-ev-w0.25,0.250,24,18011,11843,39,0.025216,0.003380,714259,11538,33055
gcc,h32,h32/best-ev-w0.25,0.250,25,17775,11465,55,0.024886,0.004767,714259,11538,33055
gcc,h32,h32/best-ev-w0.25,0.250,26,17506,11258,29,0.024509,0.002513,714259,11538,33055
gcc,h32,h32/best-ev-w0.25,0.250,27,17589,11401,269,0.024626,0.023314,714259,11538,33055
gcc,h32,h32/best-ev-w0.25,0.250,28,17535,11271,449,0.024550,0.038915,714259,11538,33055
gcc,h32,h32/best-ev-w0.25,0.250,29,16878,10694,28,0.023630,0.002427,714259,11538,33055
gcc,h32,h32/best-ev-w0.25,0.250,30,16701,10687,21,0.023382,0.001820,714259,11538,33055
gcc,h32,h32/best-ev-w0.25,0.250,31,16520,10383,20,0.023129,0.001733,714259,11538,33055
gcc,h32,h32/best-ev-w0.25,0.250,32,17269,11269,895,0.024178,0.077570,714259,11538,33055
gcc,h32,h32/uniform-random-w0.01,0.010,1,56537,45176,201,0.036515,0.029055,1548326,6918,33055
gcc,h32,h32/uniform-random-w0.01,0.010,2,51339,38832,367,0.033158,0.053050,1548326,6918,33055
gcc,h32,h32/uniform-random-w0.01,0.010,3,48158,34615,332,0.031103,0.047991,1548326,6918,33055
gcc,h32,h32/uniform-random-w0.01,0.010,4,46742,31620,408,0.030189,0.058977,1548326,6918,33055
gcc,h32,h32/uniform-random-w0.01,0.010,5,45303,29449,399,0.029259,0.057676,1548326,6918,33055
gcc,h32,h32/uniform-random-w0.01,0.010,6,45109,28263,241,0.029134,0.034837,1548326,6918,33055
gcc,h32,h32/uniform-random-w0.01,0.010,7,44477,27117,227,0.028726,0.032813,1548326,6918,33055
gcc,h32,h32/uniform-random-w0.01,0.010,8,44839,28054,179,0.028960,0.025875,1548326,6918,33055
gcc,h32,h32/uniform-random-w0.01,0.010,9,44499,27453,106,0.028740,0.015322,1548326,6918,33055
gcc,h32,h32/uniform-random-w0.01,0.010,10,44178,26725,100,0.028533,0.014455,1548326,6918,33055
gcc,h32,h32/uniform-random-w0.01,0.010,11,43652,26565,122,0.028193,0.017635,1548326,6918,33055
gcc,h32,h32/uniform-random-w0.01,0.010,12,44637,27483,201,0.028829,0.029055,1548326,6918,33055
gcc,h32,h32/uniform-random-w0.01,0.010,13,44108,26367,196,0.028488,0.028332,1548326,6918,33055
gcc,h32,h32/uniform-random-w0.01,0.010,14,44826,26952,215,0.028951,0.031078,1548326,6918,33055
gcc,h32,h32/uniform-random-w0.01,0.010,15,44835,27749,193,0.028957,0.027898,1548326,6918,33055
gcc,h32,h32/uniform-random-w0.01,0.010,16,46018,28623,162,0.029721,0.023417,1548326,6918,33055
gcc,h32,h32/uniform-random-w0.01,0.010,17,45106,28010,182,0.029132,0.026308,1548326,6918,33055
gcc,h32,h32/uniform-random-w0.01,0.010,18,46448,29520,137,0.029999,0.019803,1548326,6918,33055
gcc,h32,h32/uniform-random-w0.01,0.010,19,46709,28926,172,0.030167,0.024863,1548326,6918,33055
gcc,h32,h32/uniform-random-w0.01,0.010,20,47797,30307,234,0.030870,0.033825,1548326,6918,33055
gcc,h32,h32/uniform-random-w0.01,0.010,21,48051,30594,142,0.031034,0.020526,1548326,6918,33055
gcc,h32,h32/uniform-random-w0.01,0.010,22,48995,30902,181,0.031644,0.026164,1548326,6918,33055
gcc,h32,h32/uniform-random-w0.01,0.010,23,49436,30836,110,0.031929,0.015901,1548326,6918,33055
gcc,h32,h32/uniform-random-w0.01,0.010,24,51205,32753,118,0.033071,0.017057,1548326,6918,33055
gcc,h32,h32/uniform-random-w0.01,0.010,25,49633,30524,149,0.032056,0.021538,1548326,6918,33055
gcc,h32,h32/uniform-random-w0.01,0.010,26,50680,30905,158,0.032732,0.022839,1548326,6918,33055
gcc,h32,h32/uniform-random-w0.01,0.010,27,51455,31649,204,0.033233,0.029488,1548326,6918,33055
gcc,h32,h32/uniform-random-w0.01,0.010,28,52532,31955,237,0.033928,0.034258,1548326,6918,33055
gcc,h32,h32/uniform-random-w0.01,0.010,29,53847,33054,269,0.034778,0.038884,1548326,6918,33055
gcc,h32,h32/uniform-random-w0.01,0.010,30,55084,34743,256,0.035576,0.037005,1548326,6918,33055
gcc,h32,h32/uniform-random-w0.01,0.010,31,54978,33491,298,0.035508,0.043076,1548326,6918,33055
gcc,h32,h32/uniform-random-w0.01,0.010,32,57113,35535,422,0.036887,0.061000,1548326,6918,33055
gcc,h32,h32/uniform-random-w0.02,0.020,1,53016,42467,201,0.036125,0.029067,1467577,6915,33055
gcc,h32,h32/uniform-random-w0.02,0.020,2,48310,36667,367,0.032918,0.053073,1467577,6915,33055
gcc,h32,h32/uniform-random-w0.02,0.020,3,45673,32951,332,0.031121,0.048012,1467577,6915,33055
gcc,h32,h32/uniform-random-w0.02,0.020,4,44368,30162,408,0.030232,0.059002,1467577,6915,33055
gcc,h32,h32/uniform-random-w0.02,0.020,5,43095,28146,399,0.029365,0.057701,1467577,6915,33055
gcc,h32,h32/uniform-random-w0.02,0.020,6,42722,27009,241,0.029111,0.034852,1467577,6915,33055
gcc,h32,h32/uniform-random-w0.02,0.020,7,42314,26010,227,0.028833,0.032827,1467577,6915,33055
gcc,h32,h32/uniform-random-w0.02,0.020,8,42531,26732,179,0.028980,0.025886,1467577,6915,33055
gcc,h32,h32/uniform-random-w0.02,0.020,9,42375,26244,106,0.028874,0.015329,1467577,6915,33055
gcc,h32,h32/uniform-random-w0.02,0.020,10,42056,25652,100,0.028657,0.014461,1467577,6915,33055
gcc,h32,h32/uniform-random-w0.02,0.020,11,41581,25527,122,0.028333,0.017643,1467577,6915,33055
gcc,h32,h32/uniform-random-w0.02,0.020,12,42437,26294,201,0.028916,0.029067,1467577,6915,33055
gcc,h32,h32/uniform-random-w0.02,0.020,13,42035,25340,196,0.028642,0.028344,1467577,6915,33055
gcc,h32,h32/uniform-random-w0.02,0.020,14,42580,25753,214,0.029014,0.030947,1467577,6915,33055
gcc,h32,h32/uniform-random-w0.02,0.020,15,42738,26593,193,0.029121,0.027910,1467577,6915,33055
gcc,h32,h32/uniform-random-w0.02,0.020,16,43716,27374,162,0.029788,0.023427,1467577,6915,33055
gcc,h32,h32/uniform-random-w0.02,0.020,17,42972,26838,182,0.029281,0.026320,1467577,6915,33055
gcc,h32,h32/uniform-random-w0.02,0.020,18,44012,28119,137,0.029990,0.019812,1467577,6915,33055
gcc,h32,h32/uniform-random-w0.02,0.020,19,44286,27605,172,0.030176,0.024873,1467577,6915,33055
gcc,h32,h32/uniform-random-w0.02,0.020,20,45395,28936,234,0.030932,0.033839,1467577,6915,33055
gcc,h32,h32/uniform-random-w0.02,0.020,21,45752,29286,142,0.031175,0.020535,1467577,6915,33055
gcc,h32,h32/uniform-random-w0.02,0.020,22,46449,29508,181,0.031650,0.026175,1467577,6915,33055
gcc,h32,h32/uniform-random-w0.02,0.020,23,46927,29470,110,0.031976,0.015907,1467577,6915,33055
gcc,h32,h32/uniform-random-w0.02,0.020,24,48500,31186,118,0.033048,0.017064,1467577,6915,33055
gcc,h32,h32/uniform-random-w0.02,0.020,25,47088,29210,149,0.032086,0.021547,1467577,6915,33055
gcc,h32,h32/uniform-random-w0.02,0.020,26,47999,29520,156,0.032706,0.022560,1467577,6915,33055
gcc,h32,h32/uniform-random-w0.02,0.020,27,48752,30253,204,0.033219,0.029501,1467577,6915,33055
gcc,h32,h32/uniform-random-w0.02,0.020,28,49697,30531,237,0.033863,0.034273,1467577,6915,33055
gcc,h32,h32/uniform-random-w0.02,0.020,29,50729,31358,268,0.034566,0.038756,1467577,6915,33055
gcc,h32,h32/uniform-random-w0.02,0.020,30,51891,32871,256,0.035358,0.037021,1467577,6915,33055
gcc,h32,h32/uniform-random-w0.02,0.020,31,51824,31782,298,0.035313,0.043095,1467577,6915,33055
gcc,h32,h32/uniform-random-w0.02,0.020,32,53757,33583,423,0.036630,0.061171,1467577,6915,33055
gcc,h32,h32/uniform-random-w0.05,0.050,1,44545,35609,202,0.034858,0.029416,1277905,6867,33055
gcc,h32,h32/uniform-random-w0.05,0.050,2,41235,31236,367,0.032268,0.053444,1277905,6867,33055
gcc,h32,h32/uniform-random-w0.05,0.050,3,39487,28664,330,0.030900,0.048056,1277905,6867,33055
gcc,h32,h32/uniform-random-w0.05,0.050,4,38769,26668,395,0.030338,0.057521,1277905,6867,33055
gcc,h32,h32/uniform-random-w0.05,0.050,5,37991,25095,400,0.029729,0.058250,1277905,6867,33055
gcc,h32,h32/uniform-random-w0.05,0.050,6,37524,24154,240,0.029364,0.034950,1277905,6867,33055
gcc,h32,h32/uniform-random-w0.05,0.050,7,37421,23430,226,0.029283,0.032911,1277905,6867,33055
gcc,h32,h32/uniform-random-w0.05,0.050,8,37420,23940,180,0.029282,0.026212,1277905,6867,33055
gcc,h32,h32/uniform-random-w0.05,0.050,9,37351,23573,105,0.029228,0.015291,1277905,6867,33055
gcc,h32,h32/uniform-random-w0.05,0.050,10,37135,23140,100,0.029059,0.014562,1277905,6867,33055
gcc,h32,h32/uniform-random-w0.05,0.050,11,36803,22938,120,0.028799,0.017475,1277905,6867,33055
gcc,h32,h32/uniform-random-w0.05,0.050,12,37575,23649,201,0.029404,0.029270,1277905,6867,33055
gcc,h32,h32/uniform-random-w0.05,0.050,13,37099,22799,197,0.029031,0.028688,1277905,6867,33055
gcc,h32,h32/uniform-random-w0.05,0.050,14,37361,22938,214,0.029236,0.031164,1277905,6867,33055
gcc,h32,h32/uniform-random-w0.05,0.050,15,37692,23726,193,0.029495,0.028105,1277905,6867,33055
gcc,h32,h32/uniform-random-w0.05,0.050,16,38304,24195,167,0.029974,0.024319,1277905,6867,33055
gcc,h32,h32/uniform-random-w0.05,0.050,17,37923,23877,181,0.029676,0.026358,1277905,6867,33055
gcc,h32,h32/uniform-random-w0.05,0.050,18,38717,24942,134,0.030297,0.019514,1277905,6867,33055
gcc,h32,h32/uniform-random-w0.05,0.050,19,38917,24494,171,0.030454,0.024902,1277905,6867,33055
gcc,h32,h32/uniform-random-w0.05,0.050,20,39961,25763,237,0.031271,0.034513,1277905,6867,33055
gcc,h32,h32/uniform-random-w0.05,0.050,21,39979,25795,140,0.031285,0.020387,1277905,6867,33055
gcc,h32,h32/uniform-random-w0.05,0.050,22,40457,25929,181,0.031659,0.026358,1277905,6867,33055
gcc,h32,h32/uniform-random-w0.05,0.050,23,40951,25934,110,0.032045,0.016019,1277905,6867,33055
gcc,h32,h32/uniform-random-w0.05,0.050,24,42268,27440,116,0.033076,0.016892,1277905,6867,33055
gcc,h32,h32/uniform-random-w0.05,0.050,25,41145,25861,142,0.032197,0.020679,1277905,6867,33055
gcc,h32,h32/uniform-random-w0.05,0.050,26,41674,26022,156,0.032611,0.022717,1277905,6867,33055
gcc,h32,h32/uniform-random-w0.05,0.050,27,42207,26457,193,0.033028,0.028105,1277905,6867,33055
gcc,h32,h32/uniform-random-w0.05,0.050,28,42647,26587,236,0.033373,0.034367,1277905,6867,33055
gcc,h32,h32/uniform-random-w0.05,0.050,29,43386,27099,264,0.033951,0.038445,1277905,6867,33055
gcc,h32,h32/uniform-random-w0.05,0.050,30,44316,28327,253,0.034679,0.036843,1277905,6867,33055
gcc,h32,h32/uniform-random-w0.05,0.050,31,44145,27470,295,0.034545,0.042959,1277905,6867,33055
gcc,h32,h32/uniform-random-w0.05,0.050,32,45500,28770,421,0.035605,0.061308,1277905,6867,33055
gcc,h32,h32/uniform-random-w0.10,0.100,1,35561,28299,182,0.033936,0.026983,1047887,6745,33055
gcc,h32,h32/uniform-random-w0.10,0.100,2,33519,25345,368,0.031987,0.054559,1047887,6745,33055
gcc,h32,h32/uniform-random-w0.10,0.100,3,32564,23822,329,0.031076,0.048777,1047887,6745,33055
gcc,h32,h32/uniform-random-w0.10,0.100,4,32020,22211,396,0.030557,0.058710,1047887,6745,33055
gcc,h32,h32/uniform-random-w0.10,0.100,5,31509,21049,386,0.030069,0.057228,1047887,6745,33055
gcc,h32,h32/uniform-random-w0.10,0.100,6,31101,20308,224,0.029680,0.033210,1047887,6745,33055
gcc,h32,h32/uniform-random-w0.10,0.100,7,31229,19863,224,0.029802,0.033210,1047887,6745,33055
gcc,h32,h32/uniform-random-w0.10,0.100,8,31105,20193,178,0.029684,0.026390,1047887,6745,33055
gcc,h32,h32/uniform-random-w0.10,0.100,9,31219,20034,104,0.029792,0.015419,1047887,6745,33055
gcc,h32,h32/uniform-random-w0.10,0.100,10,31132,19791,99,0.029709,0.014678,1047887,6745,33055
gcc,h32,h32/uniform-random-w0.10,0.100,11,30875,19589,120,0.029464,0.017791,1047887,6745,33055
gcc,h32,h32/uniform-random-w0.10,0.100,12,31435,20127,200,0.029998,0.029652,1047887,6745,33055
gcc,h32,h32/uniform-random-w0.10,0.100,13,30901,19432,200,0.029489,0.029652,1047887,6745,33055
gcc,h32,h32/uniform-random-w0.10,0.100,14,31044,19315,215,0.029625,0.031875,1047887,6745,33055
gcc,h32,h32/uniform-random-w0.10,0.100,15,31286,20029,191,0.029856,0.028317,1047887,6745,33055
gcc,h32,h32/uniform-random-w0.10,0.100,16,31623,20314,162,0.030178,0.024018,1047887,6745,33055
gcc,h32,h32/uniform-random-w0.10,0.100,17,31417,20034,179,0.029981,0.026538,1047887,6745,33055
gcc,h32,h32/uniform-random-w0.10,0.100,18,32058,20893,134,0.030593,0.019867,1047887,6745,33055
gcc,h32,h32/uniform-random-w0.10,0.100,19,32140,20516,174,0.030671,0.025797,1047887,6745,33055
gcc,h32,h32/uniform-random-w0.10,0.100,20,32979,21505,236,0.031472,0.034989,1047887,6745,33055
gcc,h32,h32/uniform-random-w0.10,0.100,21,32721,21316,141,0.031226,0.020904,1047887,6745,33055
gcc,h32,h32/uniform-random-w0.10,0.100,22,33213,21496,180,0.031695,0.026686,1047887,6745,33055
gcc,h32,h32/uniform-random-w0.10,0.100,23,33395,21444,108,0.031869,0.016012,1047887,6745,33055
gcc,h32,h32/uniform-random-w0.10,0.100,24,34248,22445,113,0.032683,0.016753,1047887,6745,33055
gcc,h32,h32/uniform-random-w0.10,0.100,25,33517,21336,139,0.031985,0.020608,1047887,6745,33055
gcc,h32,h32/uniform-random-w0.10,0.100,26,33792,21474,144,0.032248,0.021349,1047887,6745,33055
gcc,h32,h32/uniform-random-w0.10,0.100,27,34071,21607,187,0.032514,0.027724,1047887,6745,33055
gcc,h32,h32/uniform-random-w0.10,0.100,28,34499,21873,231,0.032922,0.034248,1047887,6745,33055
gcc,h32,h32/uniform-random-w0.10,0.100,29,34754,22061,258,0.033166,0.038251,1047887,6745,33055
gcc,h32,h32/uniform-random-w0.10,0.100,30,35489,22970,244,0.033867,0.036175,1047887,6745,33055
gcc,h32,h32/uniform-random-w0.10,0.100,31,35218,22308,287,0.033609,0.042550,1047887,6745,33055
gcc,h32,h32/uniform-random-w0.10,0.100,32,36253,23275,412,0.034596,0.061082,1047887,6745,33055
gcc,h32,h32/uniform-random-w0.25,0.250,1,25442,20267,166,0.033371,0.025829,762409,6427,33055
gcc,h32,h32/uniform-random-w0.25,0.250,2,24462,18658,355,0.032085,0.055236,762409,6427,33055
gcc,h32,h32/uniform-random-w0.25,0.250,3,23980,17753,311,0.031453,0.048390,762409,6427,33055
gcc,h32,h32/uniform-random-w0.25,0.250,4,23750,16734,381,0.031151,0.059281,762409,6427,33055
gcc,h32,h32/uniform-random-w0.25,0.250,5,23387,15945,385,0.030675,0.059904,762409,6427,33055
gcc,h32,h32/uniform-random-w0.25,0.250,6,22949,15392,224,0.030101,0.034853,762409,6427,33055
gcc,h32,h32/uniform-random-w0.25,0.250,7,23143,15092,221,0.030355,0.034386,762409,6427,33055
gcc,h32,h32/uniform-random-w0.25,0.250,8,23047,15290,181,0.030229,0.028162,762409,6427,33055
gcc,h32,h32/uniform-random-w0.25,0.250,9,23076,15107,102,0.030267,0.015871,762409,6427,33055
gcc,h32,h32/uniform-random-w0.25,0.250,10,23045,15035,101,0.030227,0.015715,762409,6427,33055
gcc,h32,h32/uniform-random-w0.25,0.250,11,22835,14838,120,0.029951,0.018671,762409,6427,33055
gcc,h32,h32/uniform-random-w0.25,0.250,12,23161,15097,196,0.030379,0.030496,762409,6427,33055
gcc,h32,h32/uniform-random-w0.25,0.250,13,22798,14744,185,0.029903,0.028785,762409,6427,33055
gcc,h32,h32/uniform-random-w0.25,0.250,14,22901,14614,211,0.030038,0.032830,762409,6427,33055
gcc,h32,h32/uniform-random-w0.25,0.250,15,22913,15007,191,0.030053,0.029718,762409,6427,33055
gcc,h32,h32/uniform-random-w0.25,0.250,16,23110,15167,151,0.030312,0.023495,762409,6427,33055
gcc,h32,h32/uniform-random-w0.25,0.250,17,23099,15035,138,0.030297,0.021472,762409,6427,33055
gcc,h32,h32/uniform-random-w0.25,0.250,18,23299,15387,134,0.030560,0.020850,762409,6427,33055
gcc,h32,h32/uniform-random-w0.25,0.250,19,23536,15295,165,0.030871,0.025673,762409,6427,33055
gcc,h32,h32/uniform-random-w0.25,0.250,20,23969,15919,239,0.031439,0.037187,762409,6427,33055
gcc,h32,h32/uniform-random-w0.25,0.250,21,23698,15694,136,0.031083,0.021161,762409,6427,33055
gcc,h32,h32/uniform-random-w0.25,0.250,22,23987,15843,174,0.031462,0.027073,762409,6427,33055
gcc,h32,h32/uniform-random-w0.25,0.250,23,24023,15702,99,0.031509,0.015404,762409,6427,33055
gcc,h32,h32/uniform-random-w0.25,0.250,24,24560,16391,110,0.032214,0.017115,762409,6427,33055
gcc,h32,h32/uniform-random-w0.25,0.250,25,24091,15626,127,0.031599,0.019760,762409,6427,33055
gcc,h32,h32/uniform-random-w0.25,0.250,26,24261,15710,135,0.031822,0.021005,762409,6427,33055
gcc,h32,h32/uniform-random-w0.25,0.250,27,24407,15746,166,0.032013,0.025829,762409,6427,33055
gcc,h32,h32/uniform-random-w0.25,0.250,28,24776,15927,227,0.032497,0.035320,762409,6427,33055
gcc,h32,h32/uniform-random-w0.25,0.250,29,24686,15945,220,0.032379,0.034231,762409,6427,33055
gcc,h32,h32/uniform-random-w0.25,0.250,30,25257,16536,222,0.033128,0.034542,762409,6427,33055
gcc,h32,h32/uniform-random-w0.25,0.250,31,25080,16180,265,0.032896,0.041232,762409,6427,33055
gcc,h32,h32/uniform-random-w0.25,0.250,32,25681,16655,389,0.033684,0.060526,762409,6427,33055
gcc,h32,h32/pooled-w0.05,0.050,1,7658,6136,210,0.031020,0.033931,246873,6189,33055
gcc,h32,h32/pooled-w0.05,0.050,2,7618,6067,246,0.030858,0.039748,246873,6189,33055
gcc,h32,h32/pooled-w0.05,0.050,3,7689,6205,183,0.031146,0.029569,246873,6189,33055
gcc,h32,h32/pooled-w0.05,0.050,4,7729,6214,186,0.031308,0.030053,246873,6189,33055
gcc,h32,h32/pooled-w0.05,0.050,5,7718,6232,201,0.031263,0.032477,246873,6189,33055
gcc,h32,h32/pooled-w0.05,0.050,6,7750,6231,196,0.031393,0.031669,246873,6189,33055
gcc,h32,h32/pooled-w0.05,0.050,7,7653,6135,178,0.031000,0.028761,246873,6189,33055
gcc,h32,h32/pooled-w0.05,0.050,8,7729,6230,219,0.031308,0.035385,246873,6189,33055
gcc,h32,h32/pooled-w0.05,0.050,9,7778,6288,203,0.031506,0.032800,246873,6189,33055
gcc,h32,h32/pooled-w0.05,0.050,10,7712,6162,193,0.031239,0.031184,246873,6189,33055
gcc,h32,h32/pooled-w0.05,0.050,11,7752,6200,194,0.031401,0.031346,246873,6189,33055
gcc,h32,h32/pooled-w0.05,0.050,12,7652,6133,195,0.030996,0.031508,246873,6189,33055
gcc,h32,h32/pooled-w0.05,0.050,13,7619,6079,191,0.030862,0.030861,246873,6189,33055
gcc,h32,h32/pooled-w0.05,0.050,14,7826,6248,203,0.031701,0.032800,246873,6189,33055
gcc,h32,h32/pooled-w0.05,0.050,15,7611,6093,189,0.030830,0.030538,246873,6189,33055
gcc,h32,h32/pooled-w0.05,0.050,16,7663,6162,182,0.031040,0.029407,246873,6189,33055
gcc,h32,h32/pooled-w0.05,0.050,17,7711,6230,193,0.031235,0.031184,246873,6189,33055
gcc,h32,h32/pooled-w0.05,0.050,18,7705,6086,181,0.031210,0.029245,246873,6189,33055
gcc,h32,h32/pooled-w0.05,0.050,19,7612,6099,170,0.030834,0.027468,246873,6189,33055
gcc,h32,h32/pooled-w0.05,0.050,20,7726,6135,201,0.031295,0.032477,246873,6189,33055
gcc,h32,h32/pooled-w0.05,0.050,21,7836,6234,172,0.031741,0.027791,246873,6189,33055
gcc,h32,h32/pooled-w0.05,0.050,22,7762,6186,177,0.031441,0.028599,246873,6189,33055
gcc,h32,h32/pooled-w0.05,0.050,23,7736,6222,176,0.031336,0.028438,246873,6189,33055
gcc,h32,h32/pooled-w0.05,0.050,24,7836,6228,202,0.031741,0.032639,246873,6189,33055
gcc,h32,h32/pooled-w0.05,0.050,25,7708,6254,209,0.031223,0.033770,246873,6189,33055
gcc,h32,h32/pooled-w0.05,0.050,26,7713,6192,193,0.031243,0.031184,246873,6189,33055
gcc,h32,h32/pooled-w0.05,0.050,27,7761,6196,166,0.031437,0.026822,246873,6189,33055
gcc,h32,h32/pooled-w0.05,0.050,28,7491,5946,177,0.030344,0.028599,246873,6189,33055
gcc,h32,h32/pooled-w0.05,0.050,29,7741,6174,174,0.031356,0.028114,246873,6189,33055
gcc,h32,h32/pooled-w0.05,0.050,30,7807,6233,195,0.031624,0.031508,246873,6189,33055
gcc,h32,h32/pooled-w0.05,0.050,31,7808,6312,217,0.031628,0.035062,246873,6189,33055
gcc,h32,h32/pooled-w0.05,0.050,32,7763,6234,217,0.031445,0.035062,246873,6189,33055
gcc,h32,h32/pooled-w0.25,0.250,1,3711,2914,165,0.030994,0.030137,119734,5475,33055
gcc,h32,h32/pooled-w0.25,0.250,2,3650,2876,170,0.030484,0.031050,119734,5475,33055
gcc,h32,h32/pooled-w0.25,0.250,3,3766,2922,155,0.031453,0.028311,119734,5475,33055
gcc,h32,h32/pooled-w0.25,0.250,4,3724,2910,170,0.031102,0.031050,119734,5475,33055
gcc,h32,h32/pooled-w0.25,0.250,5,3847,3008,177,0.032130,0.032329,119734,5475,33055
gcc,h32,h32/pooled-w0.25,0.250,6,3755,2917,161,0.031361,0.029406,119734,5475,33055
gcc,h32,h32/pooled-w0.25,0.250,7,3763,2959,167,0.031428,0.030502,119734,5475,33055
gcc,h32,h32/pooled-w0.25,0.250,8,3799,2919,174,0.031729,0.031781,119734,5475,33055
gcc,h32,h32/pooled-w0.25,0.250,9,3769,2957,183,0.031478,0.033425,119734,5475,33055
gcc,h32,h32/pooled-w0.25,0.250,10,3696,2911,170,0.030868,0.031050,119734,5475,33055
gcc,h32,h32/pooled-w0.25,0.250,11,3794,2944,193,0.031687,0.035251,119734,5475,33055
gcc,h32,h32/pooled-w0.25,0.250,12,3680,2886,176,0.030735,0.032146,119734,5475,33055
gcc,h32,h32/pooled-w0.25,0.250,13,3687,2862,178,0.030793,0.032511,119734,5475,33055
gcc,h32,h32/pooled-w0.25,0.250,14,3813,3036,168,0.031846,0.030685,119734,5475,33055
gcc,h32,h32/pooled-w0.25,0.250,15,3640,2886,168,0.030401,0.030685,119734,5475,33055
gcc,h32,h32/pooled-w0.25,0.250,16,3735,2911,167,0.031194,0.030502,119734,5475,33055
gcc,h32,h32/pooled-w0.25,0.250,17,3806,2975,168,0.031787,0.030685,119734,5475,33055
gcc,h32,h32/pooled-w0.25,0.250,18,3724,2867,164,0.031102,0.029954,119734,5475,33055
gcc,h32,h32/pooled-w0.25,0.250,19,3675,2864,178,0.030693,0.032511,119734,5475,33055
gcc,h32,h32/pooled-w0.25,0.250,20,3737,2939,183,0.031211,0.033425,119734,5475,33055
gcc,h32,h32/pooled-w0.25,0.250,21,3761,2904,190,0.031411,0.034703,119734,5475,33055
gcc,h32,h32/pooled-w0.25,0.250,22,3729,2954,175,0.031144,0.031963,119734,5475,33055
gcc,h32,h32/pooled-w0.25,0.250,23,3777,2942,163,0.031545,0.029772,119734,5475,33055
gcc,h32,h32/pooled-w0.25,0.250,24,3821,2991,190,0.031912,0.034703,119734,5475,33055
gcc,h32,h32/pooled-w0.25,0.250,25,3766,2941,160,0.031453,0.029224,119734,5475,33055
gcc,h32,h32/pooled-w0.25,0.250,26,3786,2949,169,0.031620,0.030868,119734,5475,33055
gcc,h32,h32/pooled-w0.25,0.250,27,3707,2876,149,0.030960,0.027215,119734,5475,33055
gcc,h32,h32/pooled-w0.25,0.250,28,3677,2870,152,0.030710,0.027763,119734,5475,33055
gcc,h32,h32/pooled-w0.25,0.250,29,3793,2922,163,0.031679,0.029772,119734,5475,33055
gcc,h32,h32/pooled-w0.25,0.250,30,3712,2930,199,0.031002,0.036347,119734,5475,33055
gcc,h32,h32/pooled-w0.25,0.250,31,3695,2889,159,0.030860,0.029041,119734,5475,33055
gcc,h32,h32/pooled-w0.25,0.250,32,3739,2903,171,0.031228,0.031233,119734,5475,33055
gcc,h32,h32/best-ev-tested-w0.05,0.050,1,226101,183964,2360,0.185616,0.176041,1218111,13406,33055
gcc,h32,h32/best-ev-tested-w0.05,0.050,2,135046,105884,4343,0.110865,0.323959,1218111,13406,33055
gcc,h32,h32/best-ev-tested-w0.05,0.050,3,95514,71731,879,0.078412,0.065568,1218111,13406,33055
gcc,h32,h32/best-ev-tested-w0.05,0.050,4,77199,54621,1931,0.063376,0.144040,1218111,13406,33055
gcc,h32,h32/best-ev-tested-w0.05,0.050,5,64960,44734,1720,0.053328,0.128301,1218111,13406,33055
gcc,h32,h32/best-ev-tested-w0.05,0.050,6,53283,35264,117,0.043742,0.008727,1218111,13406,33055
gcc,h32,h32/best-ev-tested-w0.05,0.050,7,47025,30364,46,0.038605,0.003431,1218111,13406,33055
gcc,h32,h32/best-ev-tested-w0.05,0.050,8,42440,27149,117,0.034841,0.008727,1218111,13406,33055
gcc,h32,h32/best-ev-tested-w0.05,0.050,9,38262,24530,44,0.031411,0.003282,1218111,13406,33055
gcc,h32,h32/best-ev-tested-w0.05,0.050,10,34530,21811,28,0.028347,0.002089,1218111,13406,33055
gcc,h32,h32/best-ev-tested-w0.05,0.050,11,31937,20141,24,0.026218,0.001790,1218111,13406,33055
gcc,h32,h32/best-ev-tested-w0.05,0.050,12,29808,18779,39,0.024471,0.002909,1218111,13406,33055
gcc,h32,h32/best-ev-tested-w0.05,0.050,13,27586,16832,10,0.022647,0.000746,1218111,13406,33055
gcc,h32,h32/best-ev-tested-w0.05,0.050,14,25670,15602,9,0.021074,0.000671,1218111,13406,33055
gcc,h32,h32/best-ev-tested-w0.05,0.050,15,24334,15182,183,0.019977,0.013651,1218111,13406,33055
gcc,h32,h32/best-ev-tested-w0.05,0.050,16,22474,13816,57,0.018450,0.004252,1218111,13406,33055
gcc,h32,h32/best-ev-tested-w0.05,0.050,17,21358,13175,30,0.017534,0.002238,1218111,13406,33055
gcc,h32,h32/best-ev-tested-w0.05,0.050,18,20204,12721,194,0.016586,0.014471,1218111,13406,33055
gcc,h32,h32/best-ev-tested-w0.05,0.050,19,18842,11437,4,0.015468,0.000298,1218111,13406,33055
gcc,h32,h32/best-ev-tested-w0.05,0.050,20,18031,11186,6,0.014802,0.000448,1218111,13406,33055
gcc,h32,h32/best-ev-tested-w0.05,0.050,21,17158,10791,7,0.014086,0.000522,1218111,13406,33055
gcc,h32,h32/best-ev-tested-w0.05,0.050,22,16324,9965,3,0.013401,0.000224,1218111,13406,33055
gcc,h32,h32/best-ev-tested-w0.05,0.050,23,15532,9320,2,0.012751,0.000149,1218111,13406,33055
gcc,h32,h32/best-ev-tested-w0.05,0.050,24,15030,9077,8,0.012339,0.000597,1218111,13406,33055
gcc,h32,h32/best-ev-tested-w0.05,0.050,25,14727,8938,414,0.012090,0.030882,1218111,13406,33055
gcc,h32,h32/best-ev-tested-w0.05,0.050,26,13525,8041,2,0.011103,0.000149,1218111,13406,33055
gcc,h32,h32/best-ev-tested-w0.05,0.050,27,12942,7783,2,0.010625,0.000149,1218111,13406,33055
gcc,h32,h32/best-ev-tested-w0.05,0.050,28,12853,7817,545,0.010552,0.040653,1218111,13406,33055
gcc,h32,h32/best-ev-tested-w0.05,0.050,29,11853,7072,4,0.009731,0.000298,1218111,13406,33055
gcc,h32,h32/best-ev-tested-w0.05,0.050,30,11385,6909,3,0.009346,0.000224,1218111,13406,33055
gcc,h32,h32/best-ev-tested-w0.05,0.050,31,10992,6451,5,0.009024,0.000373,1218111,13406,33055
gcc,h32,h32/best-ev-tested-w0.05,0.050,32,11186,6698,270,0.009183,0.020140,1218111,13406,33055
gcc,h32,h32/best-ev-tested-w0.25,0.250,1,83965,67582,1423,0.111507,0.122736,753002,11594,33055
gcc,h32,h32/best-ev-tested-w0.25,0.250,2,65843,51617,4321,0.087441,0.372693,753002,11594,33055
gcc,h32,h32/best-ev-tested-w0.25,0.250,3,49841,37285,847,0.066190,0.073055,753002,11594,33055
gcc,h32,h32/best-ev-tested-w0.25,0.250,4,41678,30086,523,0.055349,0.045110,753002,11594,33055
gcc,h32,h32/best-ev-tested-w0.25,0.250,5,38094,27189,1948,0.050590,0.168018,753002,11594,33055
gcc,h32,h32/best-ev-tested-w0.25,0.250,6,32077,22087,144,0.042599,0.012420,753002,11594,33055
gcc,h32,h32/best-ev-tested-w0.25,0.250,7,29017,19361,80,0.038535,0.006900,753002,11594,33055
gcc,h32,h32/best-ev-tested-w0.25,0.250,8,26773,17868,151,0.035555,0.013024,753002,11594,33055
gcc,h32,h32/best-ev-tested-w0.25,0.250,9,24753,16568,60,0.032872,0.005175,753002,11594,33055
gcc,h32,h32/best-ev-tested-w0.25,0.250,10,23317,15434,72,0.030965,0.006210,753002,11594,33055
gcc,h32,h32/best-ev-tested-w0.25,0.250,11,21722,14283,12,0.028847,0.001035,753002,11594,33055
gcc,h32,h32/best-ev-tested-w0.25,0.250,12,20660,13550,30,0.027437,0.002588,753002,11594,33055
gcc,h32,h32/best-ev-tested-w0.25,0.250,13,19684,12878,27,0.026141,0.002329,753002,11594,33055
gcc,h32,h32/best-ev-tested-w0.25,0.250,14,18789,12096,15,0.024952,0.001294,753002,11594,33055
gcc,h32,h32/best-ev-tested-w0.25,0.250,15,18162,11927,85,0.024119,0.007331,753002,11594,33055
gcc,h32,h32/best-ev-tested-w0.25,0.250,16,17338,11315,37,0.023025,0.003191,753002,11594,33055
gcc,h32,h32/best-ev-tested-w0.25,0.250,17,16650,10823,9,0.022111,0.000776,753002,11594,33055
gcc,h32,h32/best-ev-tested-w0.25,0.250,18,16147,10619,97,0.021444,0.008366,753002,11594,33055
gcc,h32,h32/best-ev-tested-w0.25,0.250,19,15570,10041,39,0.020677,0.003364,753002,11594,33055
gcc,h32,h32/best-ev-tested-w0.25,0.250,20,15135,9908,16,0.020100,0.001380,753002,11594,33055
gcc,h32,h32/best-ev-tested-w0.25,0.250,21,14799,9653,18,0.019653,0.001553,753002,11594,33055
gcc,h32,h32/best-ev-tested-w0.25,0.250,22,14462,9418,8,0.019206,0.000690,753002,11594,33055
gcc,h32,h32/best-ev-tested-w0.25,0.250,23,14146,9173,17,0.018786,0.001466,753002,11594,33055
gcc,h32,h32/best-ev-tested-w0.25,0.250,24,13707,9021,8,0.018203,0.000690,753002,11594,33055
gcc,h32,h32/best-ev-tested-w0.25,0.250,25,13471,8758,81,0.017890,0.006986,753002,11594,33055
gcc,h32,h32/best-ev-tested-w0.25,0.250,26,13116,8521,30,0.017418,0.002588,753002,11594,33055
gcc,h32,h32/best-ev-tested-w0.25,0.250,27,13455,8926,726,0.017868,0.062619,753002,11594,33055
gcc,h32,h32/best-ev-tested-w0.25,0.250,28,12931,8422,478,0.017173,0.041228,753002,11594,33055
gcc,h32,h32/best-ev-tested-w0.25,0.250,29,12178,7725,12,0.016173,0.001035,753002,11594,33055
gcc,h32,h32/best-ev-tested-w0.25,0.250,30,11917,7701,5,0.015826,0.000431,753002,11594,33055
gcc,h32,h32/best-ev-tested-w0.25,0.250,31,11683,7487,8,0.015515,0.000690,753002,11594,33055
gcc,h32,h32/best-ev-tested-w0.25,0.250,32,11922,7576,267,0.015833,0.023029,753002,11594,33055
python,coarse,coarse/best-ev-w0.05,0.050,1,228806,145712,4079,0.193658,0.119245,1181498,34207,107021
python,coarse,coarse/best-ev-w0.05,0.050,2,211623,119831,5134,0.179114,0.150086,1181498,34207,107021
python,coarse,coarse/best-ev-w0.05,0.050,4,200068,104794,4051,0.169334,0.118426,1181498,34207,107021
python,coarse,coarse/best-ev-w0.05,0.050,8,189465,91459,7431,0.160360,0.217236,1181498,34207,107021
python,coarse,coarse/best-ev-w0.05,0.050,16,179881,85114,7359,0.152248,0.215131,1181498,34207,107021
python,coarse,coarse/best-ev-w0.05,0.050,32,171655,73986,6153,0.145286,0.179875,1181498,34207,107021
python,coarse,coarse/best-ev-w0.25,0.250,1,157341,101891,3588,0.203194,0.122696,774339,29243,107021
python,coarse,coarse/best-ev-w0.25,0.250,2,142031,82319,4221,0.183422,0.144342,774339,29243,107021
python,coarse,coarse/best-ev-w0.25,0.250,4,129365,68813,2979,0.167065,0.101871,774339,29243,107021
python,coarse,coarse/best-ev-w0.25,0.250,8,124021,62238,7408,0.160164,0.253326,774339,29243,107021
python,coarse,coarse/best-ev-w0.25,0.250,16,112909,55187,5374,0.145813,0.183770,774339,29243,107021
python,coarse,coarse/best-ev-w0.25,0.250,32,108672,48254,5673,0.140342,0.193995,774339,29243,107021
python,coarse,coarse/uniform-random-w0.01,0.010,1,267111,175918,1537,0.173597,0.068123,1538681,22562,107021
python,coarse,coarse/uniform-random-w0.01,0.010,2,255594,148976,2080,0.166112,0.092190,1538681,22562,107021
python,coarse,coarse/uniform-random-w0.01,0.010,4,244820,126111,2989,0.159110,0.132479,1538681,22562,107021
python,coarse,coarse/uniform-random-w0.01,0.010,8,244486,112458,3607,0.158893,0.159871,1538681,22562,107021
python,coarse,coarse/uniform-random-w0.01,0.010,16,253664,116326,5266,0.164858,0.233401,1538681,22562,107021
python,coarse,coarse/uniform-random-w0.01,0.010,32,273006,118274,7083,0.177429,0.313935,1538681,22562,107021
python,coarse,coarse/uniform-random-w0.02,0.020,1,249451,164213,1522,0.172558,0.067916,1445607,22410,107021
python,coarse,coarse/uniform-random-w0.02,0.020,2,239648,139577,2077,0.165777,0.092682,1445607,22410,107021
python,coarse,coarse/uniform-random-w0.02,0.020,4,230231,118711,2952,0.159263,0.131727,1445607,22410,107021
python,coarse,coarse/uniform-random-w0.02,0.020,8,230379,106266,3599,0.159365,0.160598,1445607,22410,107021
python,coarse,coarse/uniform-random-w0.02,0.020,16,239300,110184,5269,0.165536,0.235118,1445607,22410,107021
python,coarse,coarse/uniform-random-w0.02,0.020,32,256598,110970,6991,0.177502,0.311959,1445607,22410,107021
python,coarse,coarse/uniform-random-w0.05,0.050,1,213934,140332,1472,0.171063,0.067613,1250615,21771,107021
python,coarse,coarse/uniform-random-w0.05,0.050,2,206502,120056,2021,0.165120,0.092830,1250615,21771,107021
python,coarse,coarse/uniform-random-w0.05,0.050,4,199793,103493,2837,0.159756,0.130311,1250615,21771,107021
python,coarse,coarse/uniform-random-w0.05,0.050,8,200450,92775,3515,0.160281,0.161453,1250615,21771,107021
python,coarse,coarse/uniform-random-w0.05,0.050,16,207849,95802,5138,0.166197,0.236002,1250615,21771,107021
python,coarse,coarse/uniform-random-w0.05,0.050,32,222087,95713,6788,0.177582,0.311791,1250615,21771,107021
python,coarse,coarse/uniform-random-w0.10,0.100,1,175960,115101,1452,0.169604,0.068646,1037474,21152,107021
python,coarse,coarse/uniform-random-w0.10,0.100,2,170488,99207,1992,0.164330,0.094175,1037474,21152,107021
python,coarse,coarse/uniform-random-w0.10,0.100,4,166362,86880,2758,0.160353,0.130390,1037474,21152,107021
python,coarse,coarse/uniform-random-w0.10,0.100,8,167201,78463,3419,0.161162,0.161640,1037474,21152,107021
python,coarse,coarse/uniform-random-w0.10,0.100,16,173410,80691,5075,0.167146,0.239930,1037474,21152,107021
python,coarse,coarse/uniform-random-w0.10,0.100,32,184053,79776,6456,0.177405,0.305219,1037474,21152,107021
python,coarse,coarse/uniform-random-w0.25,0.250,1,127921,83693,1378,0.167487,0.071159,763765,19365,107021
python,coarse,coarse/uniform-random-w0.25,0.250,2,124946,73117,1899,0.163592,0.098064,763765,19365,107021
python,coarse,coarse/uniform-random-w0.25,0.250,4,123157,65150,2379,0.161250,0.122851,763765,19365,107021
python,coarse,coarse/uniform-random-w0.25,0.250,8,124359,59844,3301,0.162824,0.170462,763765,19365,107021
python,coarse,coarse/uniform-random-w0.25,0.250,16,128461,61166,4820,0.168194,0.248903,763765,19365,107021
python,coarse,coarse/uniform-random-w0.25,0.250,32,134921,59110,5588,0.176653,0.288562,763765,19365,107021
python,coarse,coarse/pooled-w0.05,0.050,1,169796,129364,4733,0.166950,0.167197,1017046,28308,107021
python,coarse,coarse/pooled-w0.05,0.050,2,169420,128645,4714,0.166580,0.166525,1017046,28308,107021
python,coarse,coarse/pooled-w0.05,0.050,4,169116,128739,4695,0.166282,0.165854,1017046,28308,107021
python,coarse,coarse/pooled-w0.05,0.050,8,169452,129143,4700,0.166612,0.166031,1017046,28308,107021
python,coarse,coarse/pooled-w0.05,0.050,16,169973,129523,4716,0.167124,0.166596,1017046,28308,107021
python,coarse,coarse/pooled-w0.05,0.050,32,169289,128620,4750,0.166452,0.167797,1017046,28308,107021
python,coarse,coarse/pooled-w0.25,0.250,1,92319,68544,3988,0.166453,0.163751,554626,24354,107021
python,coarse,coarse/pooled-w0.25,0.250,2,92606,68954,4163,0.166970,0.170937,554626,24354,107021
python,coarse,coarse/pooled-w0.25,0.250,4,92588,68695,4073,0.166938,0.167242,554626,24354,107021
python,coarse,coarse/pooled-w0.25,0.250,8,92665,68724,4072,0.167077,0.167200,554626,24354,107021
python,coarse,coarse/pooled-w0.25,0.250,16,92504,68685,4091,0.166786,0.167981,554626,24354,107021
python,coarse,coarse/pooled-w0.25,0.250,32,91944,68340,3967,0.165777,0.162889,554626,24354,107021
python,coarse,coarse/best-ev-tested-w0.05,0.050,1,614907,406019,8583,0.468300,0.296006,1313061,28996,107021
python,coarse,coarse/best-ev-tested-w0.05,0.050,2,264975,157379,5061,0.201799,0.174541,1313061,28996,107021
python,coarse,coarse/best-ev-tested-w0.05,0.050,4,161552,87556,3115,0.123035,0.107429,1313061,28996,107021
python,coarse,coarse/best-ev-tested-w0.05,0.050,8,113678,54735,3530,0.086575,0.121741,1313061,28996,107021
python,coarse,coarse/best-ev-tested-w0.05,0.050,16,87109,42867,4271,0.066340,0.147296,1313061,28996,107021
python,coarse,coarse/best-ev-tested-w0.05,0.050,32,70840,32322,4436,0.053950,0.152987,1313061,28996,107021
python,coarse,coarse/best-ev-tested-w0.25,0.250,1,257709,169762,5857,0.319733,0.207828,806012,28182,107021
python,coarse,coarse/best-ev-tested-w0.25,0.250,2,170011,101546,4554,0.210929,0.161593,806012,28182,107021
python,coarse,coarse/best-ev-tested-w0.25,0.250,4,123289,67171,2571,0.152962,0.091228,806012,28182,107021
python,coarse,coarse/best-ev-tested-w0.25,0.250,8,99844,50230,5144,0.123874,0.182528,806012,28182,107021
python,coarse,coarse/best-ev-tested-w0.25,0.250,16,82753,40958,5369,0.102670,0.190512,806012,28182,107021
python,coarse,coarse/best-ev-tested-w0.25,0.250,32,72406,32697,4687,0.089832,0.166312,806012,28182,107021
python,h16,h16/best-ev-w0.05,0.050,1,130687,82970,3417,0.099072,0.102351,1319115,33385,107021
python,h16,h16/best-ev-w0.05,0.050,2,120547,68192,4982,0.091385,0.149229,1319115,33385,107021
python,h16,h16/best-ev-w0.05,0.050,3,106789,55508,1694,0.080955,0.050741,1319115,33385,107021
python,h16,h16/best-ev-w0.05,0.050,4,101618,52209,2923,0.077035,0.087554,1319115,33385,107021
python,h16,h16/best-ev-w0.05,0.050,5,91940,43089,1360,0.069698,0.040737,1319115,33385,107021
python,h16,h16/best-ev-w0.05,0.050,6,92849,45566,5933,0.070387,0.177715,1319115,33385,107021
python,h16,h16/best-ev-w0.05,0.050,7,82775,37445,2682,0.062750,0.080335,1319115,33385,107021
python,h16,h16/best-ev-w0.05,0.050,8,76358,34945,1233,0.057886,0.036933,1319115,33385,107021
python,h16,h16/best-ev-w0.05,0.050,9,71677,31369,548,0.054337,0.016415,1319115,33385,107021
python,h16,h16/best-ev-w0.05,0.050,10,71738,32519,1719,0.054383,0.051490,1319115,33385,107021
python,h16,h16/best-ev-w0.05,0.050,11,68443,30747,1859,0.051886,0.055684,1319115,33385,107021
python,h16,h16/best-ev-w0.05,0.050,12,64475,28502,1019,0.048877,0.030523,1319115,33385,107021
python,h16,h16/best-ev-w0.05,0.050,13,62765,26915,913,0.047581,0.027348,1319115,33385,107021
python,h16,h16/best-ev-w0.05,0.050,14,59828,25684,573,0.045355,0.017163,1319115,33385,107021
python,h16,h16/best-ev-w0.05,0.050,15,58489,25379,629,0.044340,0.018841,1319115,33385,107021
python,h16,h16/best-ev-w0.05,0.050,16,58137,26451,1901,0.044073,0.056942,1319115,33385,107021
python,h16,h16/best-ev-w0.25,0.250,1,111157,71750,3264,0.106478,0.109365,1043947,29845,107021
python,h16,h16/best-ev-w0.25,0.250,2,100699,57962,4116,0.096460,0.137913,1043947,29845,107021
python,h16,h16/best-ev-w0.25,0.250,3,88695,47189,1667,0.084961,0.055855,1043947,29845,107021
python,h16,h16/best-ev-w0.25,0.250,4,82673,43517,2683,0.079193,0.089898,1043947,29845,107021
python,h16,h16/best-ev-w0.25,0.250,5,74104,35899,1237,0.070984,0.041447,1043947,29845,107021
python,h16,h16/best-ev-w0.25,0.250,6,73670,37212,5157,0.070569,0.172793,1043947,29845,107021
python,h16,h16/best-ev-w0.25,0.250,7,66010,30942,2848,0.063231,0.095426,1043947,29845,107021
python,h16,h16/best-ev-w0.25,0.250,8,59405,27383,891,0.056904,0.029854,1043947,29845,107021
python,h16,h16/best-ev-w0.25,0.250,9,56131,25510,961,0.053768,0.032200,1043947,29845,107021
python,h16,h16/best-ev-w0.25,0.250,10,54105,24935,1361,0.051827,0.045602,1043947,29845,107021
python,h16,h16/best-ev-w0.25,0.250,11,51105,23177,933,0.048954,0.031262,1043947,29845,107021
python,h16,h16/best-ev-w0.25,0.250,12,49915,22823,1724,0.047814,0.057765,1043947,29845,107021
python,h16,h16/best-ev-w0.25,0.250,13,46241,20417,476,0.044294,0.015949,1043947,29845,107021
python,h16,h16/best-ev-w0.25,0.250,14,44236,19290,377,0.042374,0.012632,1043947,29845,107021
python,h16,h16/best-ev-w0.25,0.250,15,42900,18986,496,0.041094,0.016619,1043947,29845,107021
python,h16,h16/best-ev-w0.25,0.250,16,42901,19895,1654,0.041095,0.055420,1043947,29845,107021
python,h16,h16/uniform-random-w0.01,0.010,1,113548,75023,559,0.070171,0.024594,1618170,22729,107021
python,h16,h16/uniform-random-w0.01,0.010,2,106084,62129,663,0.065558,0.029170,1618170,22729,107021
python,h16,h16/uniform-random-w0.01,0.010,3,100458,52749,723,0.062081,0.031810,1618170,22729,107021
python,h16,h16/uniform-random-w0.01,0.010,4,96053,48527,887,0.059359,0.039025,1618170,22729,107021
python,h16,h16/uniform-random-w0.01,0.010,5,93977,43103,1054,0.058076,0.046372,1618170,22729,107021
python,h16,h16/uniform-random-w0.01,0.010,6,93605,42722,1382,0.057846,0.060803,1618170,22729,107021
python,h16,h16/uniform-random-w0.01,0.010,7,93920,40228,1153,0.058041,0.050728,1618170,22729,107021
python,h16,h16/uniform-random-w0.01,0.010,8,95656,42676,1127,0.059114,0.049584,1618170,22729,107021
python,h16,h16/uniform-random-w0.01,0.010,9,96036,41740,1382,0.059349,0.060803,1618170,22729,107021
python,h16,h16/uniform-random-w0.01,0.010,10,97622,43427,1578,0.060329,0.069427,1618170,22729,107021
python,h16,h16/uniform-random-w0.01,0.010,11,99408,43879,1734,0.061432,0.076290,1618170,22729,107021
python,h16,h16/uniform-random-w0.01,0.010,12,101382,45013,1974,0.062652,0.086849,1618170,22729,107021
python,h16,h16/uniform-random-w0.01,0.010,13,102979,44701,1706,0.063639,0.075058,1618170,22729,107021
python,h16,h16/uniform-random-w0.01,0.010,14,106058,47421,1857,0.065542,0.081702,1618170,22729,107021
python,h16,h16/uniform-random-w0.01,0.010,15,108622,49979,2246,0.067126,0.098816,1618170,22729,107021
python,h16,h16/uniform-random-w0.01,0.010,16,112762,53903,2704,0.069685,0.118967,1618170,22729,107021
python,h16,h16/uniform-random-w0.02,0.020,1,109161,72087,554,0.069603,0.024713,1568340,22417,107021
python,h16,h16/uniform-random-w0.02,0.020,2,102385,59730,660,0.065282,0.029442,1568340,22417,107021
python,h16,h16/uniform-random-w0.02,0.020,3,97079,50920,652,0.061899,0.029085,1568340,22417,107021
python,h16,h16/uniform-random-w0.02,0.020,4,93271,47250,891,0.059471,0.039747,1568340,22417,107021
python,h16,h16/uniform-random-w0.02,0.020,5,91154,41885,1011,0.058121,0.045100,1568340,22417,107021
python,h16,h16/uniform-random-w0.02,0.020,6,91017,41731,1406,0.058034,0.062720,1568340,22417,107021
python,h16,h16/uniform-random-w0.02,0.020,7,91133,39243,1152,0.058108,0.051390,1568340,22417,107021
python,h16,h16/uniform-random-w0.02,0.020,8,92794,41401,1128,0.059167,0.050319,1568340,22417,107021
python,h16,h16/uniform-random-w0.02,0.020,9,93402,40738,1385,0.059555,0.061783,1568340,22417,107021
python,h16,h16/uniform-random-w0.02,0.020,10,94823,42228,1576,0.060461,0.070304,1568340,22417,107021
python,h16,h16/uniform-random-w0.02,0.020,11,96157,42343,1708,0.061311,0.076192,1568340,22417,107021
python,h16,h16/uniform-random-w0.02,0.020,12,98416,43638,1958,0.062752,0.087344,1568340,22417,107021
python,h16,h16/uniform-random-w0.02,0.020,13,99966,43508,1689,0.063740,0.075345,1568340,22417,107021
python,h16,h16/uniform-random-w0.02,0.020,14,102783,45952,1818,0.065536,0.081099,1568340,22417,107021
python,h16,h16/uniform-random-w0.02,0.020,15,105240,48336,2189,0.067103,0.097649,1568340,22417,107021
python,h16,h16/uniform-random-w0.02,0.020,16,109559,52349,2640,0.069857,0.117768,1568340,22417,107021
python,h16,h16/uniform-random-w0.05,0.050,1,99723,65888,553,0.068676,0.025194,1452086,21950,107021
python,h16,h16/uniform-random-w0.05,0.050,2,94148,54761,658,0.064836,0.029977,1452086,21950,107021
python,h16,h16/uniform-random-w0.05,0.050,3,89632,47026,642,0.061726,0.029248,1452086,21950,107021
python,h16,h16/uniform-random-w0.05,0.050,4,86416,43811,888,0.059512,0.040456,1452086,21950,107021
python,h16,h16/uniform-random-w0.05,0.050,5,84818,39215,1033,0.058411,0.047062,1452086,21950,107021
python,h16,h16/uniform-random-w0.05,0.050,6,84787,39173,1407,0.058390,0.064100,1452086,21950,107021
python,h16,h16/uniform-random-w0.05,0.050,7,84655,36810,1132,0.058299,0.051572,1452086,21950,107021
python,h16,h16/uniform-random-w0.05,0.050,8,86151,38522,1119,0.059329,0.050979,1452086,21950,107021
python,h16,h16/uniform-random-w0.05,0.050,9,86701,38176,1380,0.059708,0.062870,1452086,21950,107021
python,h16,h16/uniform-random-w0.05,0.050,10,88209,39458,1569,0.060746,0.071481,1452086,21950,107021
python,h16,h16/uniform-random-w0.05,0.050,11,88933,39266,1637,0.061245,0.074579,1452086,21950,107021
python,h16,h16/uniform-random-w0.05,0.050,12,91111,40428,1822,0.062745,0.083007,1452086,21950,107021
python,h16,h16/uniform-random-w0.05,0.050,13,92833,40796,1654,0.063931,0.075353,1452086,21950,107021
python,h16,h16/uniform-random-w0.05,0.050,14,95002,42620,1747,0.065424,0.079590,1452086,21950,107021
python,h16,h16/uniform-random-w0.05,0.050,15,97816,45223,2164,0.067362,0.098588,1452086,21950,107021
python,h16,h16/uniform-random-w0.05,0.050,16,101151,48261,2545,0.069659,0.115945,1452086,21950,107021
python,h16,h16/uniform-random-w0.10,0.100,1,88091,58108,546,0.067770,0.025541,1299860,21377,107021
python,h16,h16/uniform-random-w0.10,0.100,2,83648,48560,643,0.064352,0.030079,1299860,21377,107021
python,h16,h16/uniform-random-w0.10,0.100,3,79921,42049,623,0.061484,0.029143,1299860,21377,107021
python,h16,h16/uniform-random-w0.10,0.100,4,77640,39545,897,0.059730,0.041961,1299860,21377,107021
python,h16,h16/uniform-random-w0.10,0.100,5,76225,35655,991,0.058641,0.046358,1299860,21377,107021
python,h16,h16/uniform-random-w0.10,0.100,6,76385,35665,1399,0.058764,0.065444,1299860,21377,107021
python,h16,h16/uniform-random-w0.10,0.100,7,76354,33659,1111,0.058740,0.051972,1299860,21377,107021
python,h16,h16/uniform-random-w0.10,0.100,8,77246,34767,1089,0.059426,0.050943,1299860,21377,107021
python,h16,h16/uniform-random-w0.10,0.100,9,77679,34491,1324,0.059760,0.061936,1299860,21377,107021
python,h16,h16/uniform-random-w0.10,0.100,10,79206,35575,1518,0.060934,0.071011,1299860,21377,107021
python,h16,h16/uniform-random-w0.10,0.100,11,79822,35444,1540,0.061408,0.072040,1299860,21377,107021
python,h16,h16/uniform-random-w0.10,0.100,12,81656,36392,1772,0.062819,0.082893,1299860,21377,107021
python,h16,h16/uniform-random-w0.10,0.100,13,83369,37039,1627,0.064137,0.076110,1299860,21377,107021
python,h16,h16/uniform-random-w0.10,0.100,14,85133,38457,1709,0.065494,0.079946,1299860,21377,107021
python,h16,h16/uniform-random-w0.10,0.100,15,87238,40506,2099,0.067113,0.098190,1299860,21377,107021
python,h16,h16/uniform-random-w0.10,0.100,16,90247,43214,2489,0.069428,0.116434,1299860,21377,107021
python,h16,h16/uniform-random-w0.25,0.250,1,70333,46107,519,0.066180,0.025505,1062755,20349,107021
python,h16,h16/uniform-random-w0.25,0.250,2,67576,39165,619,0.063586,0.030419,1062755,20349,107021
python,h16,h16/uniform-random-w0.25,0.250,3,65134,34451,571,0.061288,0.028060,1062755,20349,107021
python,h16,h16/uniform-random-w0.25,0.250,4,63448,32564,791,0.059701,0.038872,1062755,20349,107021
python,h16,h16/uniform-random-w0.25,0.250,5,62917,30010,920,0.059202,0.045211,1062755,20349,107021
python,h16,h16/uniform-random-w0.25,0.250,6,62955,29965,1314,0.059238,0.064573,1062755,20349,107021
python,h16,h16/uniform-random-w0.25,0.250,7,63294,28561,1087,0.059557,0.053418,1062755,20349,107021
python,h16,h16/uniform-random-w0.25,0.250,8,63658,28994,1048,0.059899,0.051501,1062755,20349,107021
python,h16,h16/uniform-random-w0.25,0.250,9,63918,28898,1273,0.060144,0.062558,1062755,20349,107021
python,h16,h16/uniform-random-w0.25,0.250,10,65287,29793,1454,0.061432,0.071453,1062755,20349,107021
python,h16,h16/uniform-random-w0.25,0.250,11,65735,29640,1494,0.061853,0.073419,1062755,20349,107021
python,h16,h16/uniform-random-w0.25,0.250,12,67089,30325,1691,0.063127,0.083100,1062755,20349,107021
python,h16,h16/uniform-random-w0.25,0.250,13,68211,30836,1541,0.064183,0.075729,1062755,20349,107021
python,h16,h16/uniform-random-w0.25,0.250,14,69517,31828,1680,0.065412,0.082559,1062755,20349,107021
python,h16,h16/uniform-random-w0.25,0.250,15,70792,33254,2001,0.066612,0.098334,1062755,20349,107021
python,h16,h16/uniform-random-w0.25,0.250,16,72891,35123,2346,0.068587,0.115288,1062755,20349,107021
python,h16,h16/pooled-w0.05,0.050,1,50316,34731,1598,0.062229,0.061280,808567,26077,107021
python,h16,h16/pooled-w0.05,0.050,2,50733,34957,1611,0.062744,0.061779,808567,26077,107021
python,h16,h16/pooled-w0.05,0.050,3,50592,34919,1614,0.062570,0.061894,808567,26077,107021
python,h16,h16/pooled-w0.05,0.050,4,50642,35048,1661,0.062632,0.063696,808567,26077,107021
python,h16,h16/pooled-w0.05,0.050,5,50596,34900,1698,0.062575,0.065115,808567,26077,107021
python,h16,h16/pooled-w0.05,0.050,6,50270,34667,1617,0.062172,0.062009,808567,26077,107021
python,h16,h16/pooled-w0.05,0.050,7,50693,34949,1633,0.062695,0.062622,808567,26077,107021
python,h16,h16/pooled-w0.05,0.050,8,50744,35161,1669,0.062758,0.064003,808567,26077,107021
python,h16,h16/pooled-w0.05,0.050,9,50357,34726,1602,0.062279,0.061433,808567,26077,107021
python,h16,h16/pooled-w0.05,0.050,10,50993,35151,1650,0.063066,0.063274,808567,26077,107021
python,h16,h16/pooled-w0.05,0.050,11,50469,34939,1668,0.062418,0.063964,808567,26077,107021
python,h16,h16/pooled-w0.05,0.050,12,50351,34722,1557,0.062272,0.059708,808567,26077,107021
python,h16,h16/pooled-w0.05,0.050,13,50532,35049,1662,0.062496,0.063734,808567,26077,107021
python,h16,h16/pooled-w0.05,0.050,14,50554,34944,1596,0.062523,0.061203,808567,26077,107021
python,h16,h16/pooled-w0.05,0.050,15,50492,34749,1594,0.062446,0.061127,808567,26077,107021
python,h16,h16/pooled-w0.05,0.050,16,50233,34640,1647,0.062126,0.063159,808567,26077,107021
python,h16,h16/pooled-w0.25,0.250,1,28501,18935,1364,0.062212,0.061149,458128,22306,107021
python,h16,h16/pooled-w0.25,0.250,2,28692,19117,1421,0.062629,0.063705,458128,22306,107021
python,h16,h16/pooled-w0.25,0.250,3,28573,19132,1447,0.062369,0.064870,458128,22306,107021
python,h16,h16/pooled-w0.25,0.250,4,28515,19017,1392,0.062242,0.062405,458128,22306,107021
python,h16,h16/pooled-w0.25,0.250,5,28761,19246,1392,0.062779,0.062405,458128,22306,107021
python,h16,h16/pooled-w0.25,0.250,6,28671,19025,1435,0.062583,0.064332,458128,22306,107021
python,h16,h16/pooled-w0.25,0.250,7,28780,19124,1361,0.062821,0.061015,458128,22306,107021
python,h16,h16/pooled-w0.25,0.250,8,28848,19214,1422,0.062969,0.063750,458128,22306,107021
python,h16,h16/pooled-w0.25,0.250,9,28584,18963,1393,0.062393,0.062450,458128,22306,107021
python,h16,h16/pooled-w0.25,0.250,10,28632,18971,1394,0.062498,0.062494,458128,22306,107021
python,h16,h16/pooled-w0.25,0.250,11,28577,19050,1398,0.062378,0.062674,458128,22306,107021
python,h16,h16/pooled-w0.25,0.250,12,28514,19000,1392,0.062240,0.062405,458128,22306,107021
python,h16,h16/pooled-w0.25,0.250,13,28579,19047,1400,0.062382,0.062763,458128,22306,107021
python,h16,h16/pooled-w0.25,0.250,14,28662,19141,1385,0.062563,0.062091,458128,22306,107021
python,h16,h16/pooled-w0.25,0.250,15,28502,18943,1351,0.062214,0.060567,458128,22306,107021
python,h16,h16/pooled-w0.25,0.250,16,28737,19123,1359,0.062727,0.060925,458128,22306,107021
python,h16,h16/best-ev-tested-w0.05,0.050,1,599910,396120,8298,0.389066,0.299027,1541925,27750,107021
python,h16,h16/best-ev-tested-w0.05,0.050,2,268881,159952,5544,0.174380,0.199784,1541925,27750,107021
python,h16,h16/best-ev-tested-w0.05,0.050,3,156892,85005,1396,0.101751,0.050306,1541925,27750,107021
python,h16,h16/best-ev-tested-w0.05,0.050,4,112237,60893,3762,0.072790,0.135568,1541925,27750,107021
python,h16,h16/best-ev-tested-w0.05,0.050,5,81412,39768,1864,0.052799,0.067171,1541925,27750,107021
python,h16,h16/best-ev-tested-w0.05,0.050,6,62431,30842,1587,0.040489,0.057189,1541925,27750,107021
python,h16,h16/best-ev-tested-w0.05,0.050,7,50827,24298,2839,0.032963,0.102306,1541925,27750,107021
python,h16,h16/best-ev-tested-w0.05,0.050,8,38972,18801,327,0.025275,0.011784,1541925,27750,107021
python,h16,h16/best-ev-tested-w0.05,0.050,9,32615,14777,176,0.021152,0.006342,1541925,27750,107021
python,h16,h16/best-ev-tested-w0.05,0.050,10,28895,13763,528,0.018740,0.019027,1541925,27750,107021
python,h16,h16/best-ev-tested-w0.05,0.050,11,25240,11897,884,0.016369,0.031856,1541925,27750,107021
python,h16,h16/best-ev-tested-w0.05,0.050,12,21447,10004,221,0.013909,0.007964,1541925,27750,107021
python,h16,h16/best-ev-tested-w0.05,0.050,13,18670,8065,94,0.012108,0.003387,1541925,27750,107021
python,h16,h16/best-ev-tested-w0.05,0.050,14,16221,7432,66,0.010520,0.002378,1541925,27750,107021
python,h16,h16/best-ev-tested-w0.05,0.050,15,14482,6554,93,0.009392,0.003351,1541925,27750,107021
python,h16,h16/best-ev-tested-w0.05,0.050,16,12793,6217,71,0.008297,0.002559,1541925,27750,107021
python,h16,h16/best-ev-tested-w0.25,0.250,1,250798,164985,5726,0.225670,0.207712,1111347,27567,107021
python,h16,h16/best-ev-tested-w0.25,0.250,2,170137,101154,5302,0.153091,0.192331,1111347,27567,107021
python,h16,h16/best-ev-tested-w0.25,0.250,3,118658,64853,1652,0.106770,0.059927,1111347,27567,107021
python,h16,h16/best-ev-tested-w0.25,0.250,4,94527,51035,3233,0.085056,0.117278,1111347,27567,107021
python,h16,h16/best-ev-tested-w0.25,0.250,5,74145,36736,1480,0.066716,0.053687,1111347,27567,107021
python,h16,h16/best-ev-tested-w0.25,0.250,6,64132,32514,2997,0.057707,0.108717,1111347,27567,107021
python,h16,h16/best-ev-tested-w0.25,0.250,7,54376,25881,2401,0.048928,0.087097,1111347,27567,107021
python,h16,h16/best-ev-tested-w0.25,0.250,8,45347,21234,491,0.040804,0.017811,1111347,27567,107021
python,h16,h16/best-ev-tested-w0.25,0.250,9,39914,18056,309,0.035915,0.011209,1111347,27567,107021
python,h16,h16/best-ev-tested-w0.25,0.250,10,36836,16936,940,0.033145,0.034099,1111347,27567,107021
python,h16,h16/best-ev-tested-w0.25,0.250,11,33748,15576,1231,0.030367,0.044655,1111347,27567,107021
python,h16,h16/best-ev-tested-w0.25,0.250,12,30220,13710,636,0.027192,0.023071,1111347,27567,107021
python,h16,h16/best-ev-tested-w0.25,0.250,13,27795,12433,397,0.025010,0.014401,1111347,27567,107021
python,h16,h16/best-ev-tested-w0.25,0.250,14,25372,11224,259,0.022830,0.009395,1111347,27567,107021
python,h16,h16/best-ev-tested-w0.25,0.250,15,23269,10421,188,0.020938,0.006820,1111347,27567,107021
python,h16,h16/best-ev-tested-w0.25,0.250,16,22073,10188,325,0.019861,0.011789,1111347,27567,107021
python,h32,h32/best-ev-w0.05,0.050,1,90905,58331,2990,0.068160,0.087920,1333702,34008,107021
python,h32,h32/best-ev-w0.05,0.050,2,88381,51671,5292,0.066267,0.155610,1333702,34008,107021
python,h32,h32/best-ev-w0.05,0.050,3,75607,39503,1365,0.056690,0.040138,1333702,34008,107021
python,h32,h32/best-ev-w0.05,0.050,4,72376,37306,2733,0.054267,0.080363,1333702,34008,107021
python,h32,h32/best-ev-w0.05,0.050,5,65893,30971,1837,0.049406,0.054017,1333702,34008,107021
python,h32,h32/best-ev-w0.05,0.050,6,65614,32198,4791,0.049197,0.140879,1333702,34008,107021
python,h32,h32/best-ev-w0.05,0.050,7,57792,26010,2578,0.043332,0.075806,1333702,34008,107021
python,h32,h32/best-ev-w0.05,0.050,8,51472,22653,560,0.038593,0.016467,1333702,34008,107021
python,h32,h32/best-ev-w0.05,0.050,9,48426,20626,632,0.036309,0.018584,1333702,34008,107021
python,h32,h32/best-ev-w0.05,0.050,10,47096,20584,1285,0.035312,0.037785,1333702,34008,107021
python,h32,h32/best-ev-w0.05,0.050,11,43713,18648,907,0.032776,0.026670,1333702,34008,107021
python,h32,h32/best-ev-w0.05,0.050,12,41391,17550,884,0.031035,0.025994,1333702,34008,107021
python,h32,h32/best-ev-w0.05,0.050,13,39481,16168,492,0.029603,0.014467,1333702,34008,107021
python,h32,h32/best-ev-w0.05,0.050,14,37058,14936,310,0.027786,0.009116,1333702,34008,107021
python,h32,h32/best-ev-w0.05,0.050,15,36632,15075,513,0.027466,0.015085,1333702,34008,107021
python,h32,h32/best-ev-w0.05,0.050,16,35717,15458,1315,0.026780,0.038667,1333702,34008,107021
python,h32,h32/best-ev-w0.05,0.050,17,33216,13564,365,0.024905,0.010733,1333702,34008,107021
python,h32,h32/best-ev-w0.05,0.050,18,31999,12966,332,0.023993,0.009762,1333702,34008,107021
python,h32,h32/best-ev-w0.05,0.050,19,30770,12168,175,0.023071,0.005146,1333702,34008,107021
python,h32,h32/best-ev-w0.05,0.050,20,30083,12532,392,0.022556,0.011527,1333702,34008,107021
python,h32,h32/best-ev-w0.05,0.050,21,28982,11221,254,0.021730,0.007469,1333702,34008,107021
python,h32,h32/best-ev-w0.05,0.050,22,28773,11337,364,0.021574,0.010703,1333702,34008,107021
python,h32,h32/best-ev-w0.05,0.050,23,27459,10549,178,0.020589,0.005234,1333702,34008,107021
python,h32,h32/best-ev-w0.05,0.050,24,28286,10892,646,0.021209,0.018996,1333702,34008,107021
python,h32,h32/best-ev-w0.05,0.050,25,26750,10149,464,0.020057,0.013644,1333702,34008,107021
python,h32,h32/best-ev-w0.05,0.050,26,25638,9910,221,0.019223,0.006498,1333702,34008,107021
python,h32,h32/best-ev-w0.05,0.050,27,25266,9702,226,0.018944,0.006645,1333702,34008,107021
python,h32,h32/best-ev-w0.05,0.050,28,24943,9795,332,0.018702,0.009762,1333702,34008,107021
python,h32,h32/best-ev-w0.05,0.050,29,23878,9289,169,0.017904,0.004969,1333702,34008,107021
python,h32,h32/best-ev-w0.05,0.050,30,24875,10716,1128,0.018651,0.033169,1333702,34008,107021
python,h32,h32/best-ev-w0.05,0.050,31,22704,8885,114,0.017023,0.003352,1333702,34008,107021
python,h32,h32/best-ev-w0.05,0.050,32,22526,8850,164,0.016890,0.004822,1333702,34008,107021
python,h32,h32/best-ev-w0.25,0.250,1,84220,54777,2873,0.071964,0.093473,1170312,30736,107021
python,h32,h32/best-ev-w0.25,0.250,2,78757,45641,3724,0.067296,0.121161,1170312,30736,107021
python,h32,h32/best-ev-w0.25,0.250,3,70070,37291,1527,0.059873,0.049681,1170312,30736,107021
python,h32,h32/best-ev-w0.25,0.250,4,66312,34635,2698,0.056662,0.087780,1170312,30736,107021
python,h32,h32/best-ev-w0.25,0.250,5,59311,28257,1180,0.050680,0.038391,1170312,30736,107021
python,h32,h32/best-ev-w0.25,0.250,6,59361,29343,4434,0.050722,0.144261,1170312,30736,107021
python,h32,h32/best-ev-w0.25,0.250,7,51853,23613,2226,0.044307,0.072423,1170312,30736,107021
python,h32,h32/best-ev-w0.25,0.250,8,47371,21279,1283,0.040477,0.041743,1170312,30736,107021
python,h32,h32/best-ev-w0.25,0.250,9,43319,18785,739,0.037015,0.024043,1170312,30736,107021
python,h32,h32/best-ev-w0.25,0.250,10,41061,17970,912,0.035086,0.029672,1170312,30736,107021
python,h32,h32/best-ev-w0.25,0.250,11,38447,16601,691,0.032852,0.022482,1170312,30736,107021
python,h32,h32/best-ev-w0.25,0.250,12,37452,16543,1515,0.032002,0.049291,1170312,30736,107021
python,h32,h32/best-ev-w0.25,0.250,13,34451,14473,503,0.029437,0.016365,1170312,30736,107021
python,h32,h32/best-ev-w0.25,0.250,14,32399,13293,322,0.027684,0.010476,1170312,30736,107021
python,h32,h32/best-ev-w0.25,0.250,15,31054,12878,374,0.026535,0.012168,1170312,30736,107021
python,h32,h32/best-ev-w0.25,0.250,16,30485,13215,957,0.026049,0.031136,1170312,30736,107021
python,h32,h32/best-ev-w0.25,0.250,17,28513,11937,309,0.024364,0.010053,1170312,30736,107021
python,h32,h32/best-ev-w0.25,0.250,18,28361,11994,878,0.024234,0.028566,1170312,30736,107021
python,h32,h32/best-ev-w0.25,0.250,19,26219,10542,157,0.022403,0.005108,1170312,30736,107021
python,h32,h32/best-ev-w0.25,0.250,20,25628,10830,441,0.021898,0.014348,1170312,30736,107021
python,h32,h32/best-ev-w0.25,0.250,21,24722,9825,247,0.021124,0.008036,1170312,30736,107021
python,h32,h32/best-ev-w0.25,0.250,22,23909,9553,232,0.020430,0.007548,1170312,30736,107021
python,h32,h32/best-ev-w0.25,0.250,23,23036,9010,168,0.019684,0.005466,1170312,30736,107021
python,h32,h32/best-ev-w0.25,0.250,24,22308,8680,147,0.019062,0.004783,1170312,30736,107021
python,h32,h32/best-ev-w0.25,0.250,25,21949,8396,242,0.018755,0.007874,1170312,30736,107021
python,h32,h32/best-ev-w0.25,0.250,26,21413,8398,226,0.018297,0.007353,1170312,30736,107021
python,h32,h32/best-ev-w0.25,0.250,27,21012,8348,323,0.017954,0.010509,1170312,30736,107021
python,h32,h32/best-ev-w0.25,0.250,28,20295,8113,216,0.017342,0.007028,1170312,30736,107021
python,h32,h32/best-ev-w0.25,0.250,29,19956,8023,328,0.017052,0.010672,1170312,30736,107021
python,h32,h32/best-ev-w0.25,0.250,30,19649,8247,431,0.016790,0.014023,1170312,30736,107021
python,h32,h32/best-ev-w0.25,0.250,31,18895,7678,199,0.016145,0.006474,1170312,30736,107021
python,h32,h32/best-ev-w0.25,0.250,32,18524,7516,234,0.015828,0.007613,1170312,30736,107021
python,h32,h32/uniform-random-w0.01,0.010,1,59215,38779,270,0.036377,0.011861,1627811,22764,107021
python,h32,h32/uniform-random-w0.01,0.010,2,55597,32714,372,0.034154,0.016342,1627811,22764,107021
python,h32,h32/uniform-random-w0.01,0.010,3,52348,27352,369,0.032159,0.016210,1627811,22764,107021
python,h32,h32/uniform-random-w0.01,0.010,4,49850,25149,442,0.030624,0.019417,1627811,22764,107021
python,h32,h32/uniform-random-w0.01,0.010,5,48501,22039,488,0.029795,0.021437,1627811,22764,107021
python,h32,h32/uniform-random-w0.01,0.010,6,47954,21548,589,0.029459,0.025874,1627811,22764,107021
python,h32,h32/uniform-random-w0.01,0.010,7,47990,20022,528,0.029481,0.023195,1627811,22764,107021
python,h32,h32/uniform-random-w0.01,0.010,8,48144,21044,486,0.029576,0.021349,1627811,22764,107021
python,h32,h32/uniform-random-w0.01,0.010,9,47295,19554,570,0.029054,0.025040,1627811,22764,107021
python,h32,h32/uniform-random-w0.01,0.010,10,47724,20225,600,0.029318,0.026357,1627811,22764,107021
python,h32,h32/uniform-random-w0.01,0.010,11,47464,19718,647,0.029158,0.028422,1627811,22764,107021
python,h32,h32/uniform-random-w0.01,0.010,12,47614,19755,702,0.029250,0.030838,1627811,22764,107021
python,h32,h32/uniform-random-w0.01,0.010,13,47104,18601,568,0.028937,0.024952,1627811,22764,107021
python,h32,h32/uniform-random-w0.01,0.010,14,47743,19194,536,0.029330,0.023546,1627811,22764,107021
python,h32,h32/uniform-random-w0.01,0.010,15,47767,19826,680,0.029344,0.029872,1627811,22764,107021
python,h32,h32/uniform-random-w0.01,0.010,16,47852,20542,776,0.029397,0.034089,1627811,22764,107021
python,h32,h32/uniform-random-w0.01,0.010,17,48426,20225,659,0.029749,0.028949,1627811,22764,107021
python,h32,h32/uniform-random-w0.01,0.010,18,48785,20199,784,0.029970,0.034440,1627811,22764,107021
python,h32,h32/uniform-random-w0.01,0.010,19,49612,20099,657,0.030478,0.028861,1627811,22764,107021
python,h32,h32/uniform-random-w0.01,0.010,20,49548,21135,739,0.030438,0.032464,1627811,22764,107021
python,h32,h32/uniform-random-w0.01,0.010,21,50107,20325,838,0.030782,0.036813,1627811,22764,107021
python,h32,h32/uniform-random-w0.01,0.010,22,50622,20753,902,0.031098,0.039624,1627811,22764,107021
python,h32,h32/uniform-random-w0.01,0.010,23,50756,20128,710,0.031181,0.031190,1627811,22764,107021
python,h32,h32/uniform-random-w0.01,0.010,24,51773,20965,890,0.031805,0.039097,1627811,22764,107021
python,h32,h32/uniform-random-w0.01,0.010,25,51726,20551,736,0.031776,0.032332,1627811,22764,107021
python,h32,h32/uniform-random-w0.01,0.010,26,52220,21356,798,0.032080,0.035055,1627811,22764,107021
python,h32,h32/uniform-random-w0.01,0.010,27,52727,21638,844,0.032391,0.037076,1627811,22764,107021
python,h32,h32/uniform-random-w0.01,0.010,28,54021,22613,887,0.033186,0.038965,1627811,22764,107021
python,h32,h32/uniform-random-w0.01,0.010,29,54368,22380,778,0.033399,0.034177,1627811,22764,107021
python,h32,h32/uniform-random-w0.01,0.010,30,55525,24553,963,0.034110,0.042304,1627811,22764,107021
python,h32,h32/uniform-random-w0.01,0.010,31,56764,24164,884,0.034871,0.038833,1627811,22764,107021
python,h32,h32/uniform-random-w0.01,0.010,32,60669,26330,2072,0.037270,0.091021,1627811,22764,107021
python,h32,h32/uniform-random-w0.02,0.020,1,57882,37844,270,0.036194,0.011926,1599209,22639,107021
python,h32,h32/uniform-random-w0.02,0.020,2,54335,31915,377,0.033976,0.016653,1599209,22639,107021
python,h32,h32/uniform-random-w0.02,0.020,3,51282,26821,372,0.032067,0.016432,1599209,22639,107021
python,h32,h32/uniform-random-w0.02,0.020,4,48904,24651,432,0.030580,0.019082,1599209,22639,107021
python,h32,h32/uniform-random-w0.02,0.020,5,47673,21653,504,0.029810,0.022262,1599209,22639,107021
python,h32,h32/uniform-random-w0.02,0.020,6,47157,21209,605,0.029488,0.026724,1599209,22639,107021
python,h32,h32/uniform-random-w0.02,0.020,7,47175,19716,544,0.029499,0.024029,1599209,22639,107021
python,h32,h32/uniform-random-w0.02,0.020,8,47218,20575,503,0.029526,0.022218,1599209,22639,107021
python,h32,h32/uniform-random-w0.02,0.020,9,46601,19261,589,0.029140,0.026017,1599209,22639,107021
python,h32,h32/uniform-random-w0.02,0.020,10,46921,19870,623,0.029340,0.027519,1599209,22639,107021
python,h32,h32/uniform-random-w0.02,0.020,11,46628,19386,654,0.029157,0.028888,1599209,22639,107021
python,h32,h32/uniform-random-w0.02,0.020,12,46804,19338,676,0.029267,0.029860,1599209,22639,107021
python,h32,h32/uniform-random-w0.02,0.020,13,46290,18262,550,0.028946,0.024294,1599209,22639,107021
python,h32,h32/uniform-random-w0.02,0.020,14,46908,18841,547,0.029332,0.024162,1599209,22639,107021
python,h32,h32/uniform-random-w0.02,0.020,15,46924,19397,658,0.029342,0.029065,1599209,22639,107021
python,h32,h32/uniform-random-w0.02,0.020,16,47085,20144,781,0.029443,0.034498,1599209,22639,107021
python,h32,h32/uniform-random-w0.02,0.020,17,47728,19959,641,0.029845,0.028314,1599209,22639,107021
python,h32,h32/uniform-random-w0.02,0.020,18,47912,19819,738,0.029960,0.032599,1599209,22639,107021
python,h32,h32/uniform-random-w0.02,0.020,19,48735,19745,614,0.030474,0.027121,1599209,22639,107021
python,h32,h32/uniform-random-w0.02,0.020,20,48834,20930,750,0.030536,0.033129,1599209,22639,107021
python,h32,h32/uniform-random-w0.02,0.020,21,49189,19995,807,0.030758,0.035646,1599209,22639,107021
python,h32,h32/uniform-random-w0.02,0.020,22,49816,20456,906,0.031150,0.040019,1599209,22639,107021
python,h32,h32/uniform-random-w0.02,0.020,23,49928,19834,700,0.031220,0.030920,1599209,22639,107021
python,h32,h32/uniform-random-w0.02,0.020,24,50977,20674,895,0.031876,0.039534,1599209,22639,107021
python,h32,h32/uniform-random-w0.02,0.020,25,50956,20341,741,0.031863,0.032731,1599209,22639,107021
python,h32,h32/uniform-random-w0.02,0.020,26,51377,21045,789,0.032127,0.034851,1599209,22639,107021
python,h32,h32/uniform-random-w0.02,0.020,27,51788,21273,831,0.032384,0.036707,1599209,22639,107021
python,h32,h32/uniform-random-w0.02,0.020,28,53010,22241,869,0.033148,0.038385,1599209,22639,107021
python,h32,h32/uniform-random-w0.02,0.020,29,53310,21909,748,0.033335,0.033040,1599209,22639,107021
python,h32,h32/uniform-random-w0.02,0.020,30,54500,24069,965,0.034079,0.042626,1599209,22639,107021
python,h32,h32/uniform-random-w0.02,0.020,31,55745,23732,884,0.034858,0.039048,1599209,22639,107021
python,h32,h32/uniform-random-w0.02,0.020,32,59617,25829,2076,0.037279,0.091700,1599209,22639,107021
python,h32,h32/uniform-random-w0.05,0.050,1,54488,35609,266,0.035727,0.012007,1525108,22153,107021
python,h32,h32/uniform-random-w0.05,0.050,2,51416,30007,353,0.033713,0.015935,1525108,22153,107021
python,h32,h32/uniform-random-w0.05,0.050,3,48653,25442,350,0.031901,0.015799,1525108,22153,107021
python,h32,h32/uniform-random-w0.05,0.050,4,46647,23515,443,0.030586,0.019997,1525108,22153,107021
python,h32,h32/uniform-random-w0.05,0.050,5,45589,20775,498,0.029892,0.022480,1525108,22153,107021
python,h32,h32/uniform-random-w0.05,0.050,6,45172,20409,596,0.029619,0.026904,1525108,22153,107021
python,h32,h32/uniform-random-w0.05,0.050,7,44986,19004,525,0.029497,0.023699,1525108,22153,107021
python,h32,h32/uniform-random-w0.05,0.050,8,44830,19488,474,0.029395,0.021397,1525108,22153,107021
python,h32,h32/uniform-random-w0.05,0.050,9,44559,18449,574,0.029217,0.025911,1525108,22153,107021
python,h32,h32/uniform-random-w0.05,0.050,10,44610,18812,605,0.029250,0.027310,1525108,22153,107021
python,h32,h32/uniform-random-w0.05,0.050,11,44439,18454,638,0.029138,0.028800,1525108,22153,107021
python,h32,h32/uniform-random-w0.05,0.050,12,44801,18409,678,0.029376,0.030605,1525108,22153,107021
python,h32,h32/uniform-random-w0.05,0.050,13,44326,17520,541,0.029064,0.024421,1525108,22153,107021
python,h32,h32/uniform-random-w0.05,0.050,14,44864,18109,536,0.029417,0.024195,1525108,22153,107021
python,h32,h32/uniform-random-w0.05,0.050,15,44946,18631,657,0.029471,0.029657,1525108,22153,107021
python,h32,h32/uniform-random-w0.05,0.050,16,45313,19435,808,0.029711,0.036474,1525108,22153,107021
python,h32,h32/uniform-random-w0.05,0.050,17,45756,19198,632,0.030002,0.028529,1525108,22153,107021
python,h32,h32/uniform-random-w0.05,0.050,18,45944,19080,737,0.030125,0.033269,1525108,22153,107021
python,h32,h32/uniform-random-w0.05,0.050,19,46515,18955,587,0.030499,0.026498,1525108,22153,107021
python,h32,h32/uniform-random-w0.05,0.050,20,46693,20075,707,0.030616,0.031914,1525108,22153,107021
python,h32,h32/uniform-random-w0.05,0.050,21,47008,19253,784,0.030823,0.035390,1525108,22153,107021
python,h32,h32/uniform-random-w0.05,0.050,22,47351,19464,857,0.031048,0.038686,1525108,22153,107021
python,h32,h32/uniform-random-w0.05,0.050,23,47590,18887,692,0.031204,0.031237,1525108,22153,107021
python,h32,h32/uniform-random-w0.05,0.050,24,48671,19812,879,0.031913,0.039679,1525108,22153,107021
python,h32,h32/uniform-random-w0.05,0.050,25,48678,19543,708,0.031918,0.031960,1525108,22153,107021
python,h32,h32/uniform-random-w0.05,0.050,26,48879,20075,761,0.032050,0.034352,1525108,22153,107021
python,h32,h32/uniform-random-w0.05,0.050,27,49539,20435,803,0.032482,0.036248,1525108,22153,107021
python,h32,h32/uniform-random-w0.05,0.050,28,50485,21234,846,0.033103,0.038189,1525108,22153,107021
python,h32,h32/uniform-random-w0.05,0.050,29,50916,20972,743,0.033385,0.033539,1525108,22153,107021
python,h32,h32/uniform-random-w0.05,0.050,30,51871,22830,959,0.034011,0.043290,1525108,22153,107021
python,h32,h32/uniform-random-w0.05,0.050,31,52831,22437,855,0.034641,0.038595,1525108,22153,107021
python,h32,h32/uniform-random-w0.05,0.050,32,56742,24466,2061,0.037205,0.093035,1525108,22153,107021
python,h32,h32/uniform-random-w0.10,0.100,1,49885,32636,264,0.035157,0.012144,1418918,21740,107021
python,h32,h32/uniform-random-w0.10,0.100,2,47436,27647,351,0.033431,0.016145,1418918,21740,107021
python,h32,h32/uniform-random-w0.10,0.100,3,45066,23583,343,0.031761,0.015777,1418918,21740,107021
python,h32,h32/uniform-random-w0.10,0.100,4,43352,21854,438,0.030553,0.020147,1418918,21740,107021
python,h32,h32/uniform-random-w0.10,0.100,5,42455,19434,508,0.029921,0.023367,1418918,21740,107021
python,h32,h32/uniform-random-w0.10,0.100,6,42141,19168,601,0.029699,0.027645,1418918,21740,107021
python,h32,h32/uniform-random-w0.10,0.100,7,41810,17843,515,0.029466,0.023689,1418918,21740,107021
python,h32,h32/uniform-random-w0.10,0.100,8,41680,18136,475,0.029374,0.021849,1418918,21740,107021
python,h32,h32/uniform-random-w0.10,0.100,9,41533,17345,581,0.029271,0.026725,1418918,21740,107021
python,h32,h32/uniform-random-w0.10,0.100,10,41584,17583,592,0.029307,0.027231,1418918,21740,107021
python,h32,h32/uniform-random-w0.10,0.100,11,41282,17199,617,0.029094,0.028381,1418918,21740,107021
python,h32,h32/uniform-random-w0.10,0.100,12,41929,17301,670,0.029550,0.030819,1418918,21740,107021
python,h32,h32/uniform-random-w0.10,0.100,13,41408,16525,526,0.029183,0.024195,1418918,21740,107021
python,h32,h32/uniform-random-w0.10,0.100,14,41937,17030,533,0.029556,0.024517,1418918,21740,107021
python,h32,h32/uniform-random-w0.10,0.100,15,41946,17418,641,0.029562,0.029485,1418918,21740,107021
python,h32,h32/uniform-random-w0.10,0.100,16,42393,18231,782,0.029877,0.035971,1418918,21740,107021
python,h32,h32/uniform-random-w0.10,0.100,17,42869,18127,631,0.030212,0.029025,1418918,21740,107021
python,h32,h32/uniform-random-w0.10,0.100,18,42991,17902,715,0.030298,0.032889,1418918,21740,107021
python,h32,h32/uniform-random-w0.10,0.100,19,43416,17789,572,0.030598,0.026311,1418918,21740,107021
python,h32,h32/uniform-random-w0.10,0.100,20,43534,18740,682,0.030681,0.031371,1418918,21740,107021
python,h32,h32/uniform-random-w0.10,0.100,21,43970,18208,784,0.030988,0.036063,1418918,21740,107021
python,h32,h32/uniform-random-w0.10,0.100,22,44105,18271,849,0.031084,0.039052,1418918,21740,107021
python,h32,h32/uniform-random-w0.10,0.100,23,44286,17730,653,0.031211,0.030037,1418918,21740,107021
python,h32,h32/uniform-random-w0.10,0.100,24,45467,18723,859,0.032043,0.039512,1418918,21740,107021
python,h32,h32/uniform-random-w0.10,0.100,25,45218,18277,686,0.031868,0.031555,1418918,21740,107021
python,h32,h32/uniform-random-w0.10,0.100,26,45485,18818,752,0.032056,0.034591,1418918,21740,107021
python,h32,h32/uniform-random-w0.10,0.100,27,46071,19150,795,0.032469,0.036569,1418918,21740,107021
python,h32,h32/uniform-random-w0.10,0.100,28,46808,19708,817,0.032989,0.037580,1418918,21740,107021
python,h32,h32/uniform-random-w0.10,0.100,29,47284,19535,712,0.033324,0.032751,1418918,21740,107021
python,h32,h32/uniform-random-w0.10,0.100,30,48049,21081,921,0.033863,0.042364,1418918,21740,107021
python,h32,h32/uniform-random-w0.10,0.100,31,48960,20835,844,0.034505,0.038822,1418918,21740,107021
python,h32,h32/uniform-random-w0.10,0.100,32,52568,22512,2031,0.037048,0.093422,1418918,21740,107021
python,h32,h32/uniform-random-w0.25,0.250,1,42296,27631,264,0.034497,0.013379,1226071,19733,107021
python,h32,h32/uniform-random-w0.25,0.250,2,40448,23473,341,0.032990,0.017281,1226071,19733,107021
python,h32,h32/uniform-random-w0.25,0.250,3,38854,20384,336,0.031690,0.017027,1226071,19733,107021
python,h32,h32/uniform-random-w0.25,0.250,4,37449,18958,407,0.030544,0.020625,1226071,19733,107021
python,h32,h32/uniform-random-w0.25,0.250,5,36901,17121,499,0.030097,0.025288,1226071,19733,107021
python,h32,h32/uniform-random-w0.25,0.250,6,36685,16973,585,0.029921,0.029646,1226071,19733,107021
python,h32,h32/uniform-random-w0.25,0.250,7,36441,15784,521,0.029722,0.026402,1226071,19733,107021
python,h32,h32/uniform-random-w0.25,0.250,8,36152,15899,475,0.029486,0.024071,1226071,19733,107021
python,h32,h32/uniform-random-w0.25,0.250,9,36025,15332,547,0.029382,0.027720,1226071,19733,107021
python,h32,h32/uniform-random-w0.25,0.250,10,36213,15449,563,0.029536,0.028531,1226071,19733,107021
python,h32,h32/uniform-random-w0.25,0.250,11,36007,15218,593,0.029368,0.030051,1226071,19733,107021
python,h32,h32/uniform-random-w0.25,0.250,12,36528,15307,652,0.029793,0.033041,1226071,19733,107021
python,h32,h32/uniform-random-w0.25,0.250,13,36318,14866,519,0.029621,0.026301,1226071,19733,107021
python,h32,h32/uniform-random-w0.25,0.250,14,36722,15160,525,0.029951,0.026605,1226071,19733,107021
python,h32,h32/uniform-random-w0.25,0.250,15,36713,15512,627,0.029944,0.031774,1226071,19733,107021
python,h32,h32/uniform-random-w0.25,0.250,16,36837,15959,719,0.030045,0.036436,1226071,19733,107021
python,h32,h32/uniform-random-w0.25,0.250,17,37309,15894,595,0.030430,0.030153,1226071,19733,107021
python,h32,h32/uniform-random-w0.25,0.250,18,37547,15894,713,0.030624,0.036132,1226071,19733,107021
python,h32,h32/uniform-random-w0.25,0.250,19,37677,15672,593,0.030730,0.030051,1226071,19733,107021
python,h32,h32/uniform-random-w0.25,0.250,20,37784,16323,662,0.030817,0.033548,1226071,19733,107021
python,h32,h32/uniform-random-w0.25,0.250,21,38124,16019,768,0.031094,0.038920,1226071,19733,107021
python,h32,h32/uniform-random-w0.25,0.250,22,38424,16173,866,0.031339,0.043886,1226071,19733,107021
python,h32,h32/uniform-random-w0.25,0.250,23,38518,15765,657,0.031416,0.033294,1226071,19733,107021
python,h32,h32/uniform-random-w0.25,0.250,24,39303,16392,819,0.032056,0.041504,1226071,19733,107021
python,h32,h32/uniform-random-w0.25,0.250,25,39085,16147,664,0.031878,0.033649,1226071,19733,107021
python,h32,h32/uniform-random-w0.25,0.250,26,39426,16551,712,0.032156,0.036082,1226071,19733,107021
python,h32,h32/uniform-random-w0.25,0.250,27,39821,16822,770,0.032479,0.039021,1226071,19733,107021
python,h32,h32/uniform-random-w0.25,0.250,28,40379,17165,750,0.032934,0.038007,1226071,19733,107021
python,h32,h32/uniform-random-w0.25,0.250,29,40629,17059,657,0.033138,0.033294,1226071,19733,107021
python,h32,h32/uniform-random-w0.25,0.250,30,41251,18198,858,0.033645,0.043480,1226071,19733,107021
python,h32,h32/uniform-random-w0.25,0.250,31,41649,17862,706,0.033969,0.035778,1226071,19733,107021
python,h32,h32/uniform-random-w0.25,0.250,32,42556,18162,770,0.034709,0.039021,1226071,19733,107021
python,h32,h32/pooled-w0.05,0.050,1,23110,15372,788,0.031197,0.031617,740772,24923,107021
python,h32,h32/pooled-w0.05,0.050,2,22993,15282,735,0.031039,0.029491,740772,24923,107021
python,h32,h32/pooled-w0.05,0.050,3,23203,15386,740,0.031323,0.029691,740772,24923,107021
python,h32,h32/pooled-w0.05,0.050,4,23233,15427,744,0.031363,0.029852,740772,24923,107021
python,h32,h32/pooled-w0.05,0.050,5,23331,15328,752,0.031496,0.030173,740772,24923,107021
python,h32,h32/pooled-w0.05,0.050,6,22949,15047,756,0.030980,0.030333,740772,24923,107021
python,h32,h32/pooled-w0.05,0.050,7,23286,15427,812,0.031435,0.032580,740772,24923,107021
python,h32,h32/pooled-w0.05,0.050,8,22871,15155,788,0.030875,0.031617,740772,24923,107021
python,h32,h32/pooled-w0.05,0.050,9,23015,15264,775,0.031069,0.031096,740772,24923,107021
python,h32,h32/pooled-w0.05,0.050,10,23210,15454,801,0.031332,0.032139,740772,24923,107021
python,h32,h32/pooled-w0.05,0.050,11,23115,15459,758,0.031204,0.030414,740772,24923,107021
python,h32,h32/pooled-w0.05,0.050,12,22984,15300,771,0.031027,0.030935,740772,24923,107021
python,h32,h32/pooled-w0.05,0.050,13,23420,15448,829,0.031616,0.033262,740772,24923,107021
python,h32,h32/pooled-w0.05,0.050,14,22930,15133,811,0.030954,0.032540,740772,24923,107021
python,h32,h32/pooled-w0.05,0.050,15,23154,15365,775,0.031257,0.031096,740772,24923,107021
python,h32,h32/pooled-w0.05,0.050,16,23147,15505,822,0.031247,0.032982,740772,24923,107021
python,h32,h32/pooled-w0.05,0.050,17,23209,15415,722,0.031331,0.028969,740772,24923,107021
python,h32,h32/pooled-w0.05,0.050,18,23090,15358,748,0.031170,0.030012,740772,24923,107021
python,h32,h32/pooled-w0.05,0.050,19,23219,15395,799,0.031344,0.032059,740772,24923,107021
python,h32,h32/pooled-w0.05,0.050,20,22999,15297,783,0.031047,0.031417,740772,24923,107021
python,h32,h32/pooled-w0.05,0.050,21,23297,15478,804,0.031450,0.032259,740772,24923,107021
python,h32,h32/pooled-w0.05,0.050,22,23270,15393,740,0.031413,0.029691,740772,24923,107021
python,h32,h32/pooled-w0.05,0.050,23,23365,15546,810,0.031541,0.032500,740772,24923,107021
python,h32,h32/pooled-w0.05,0.050,24,23331,15512,818,0.031496,0.032821,740772,24923,107021
python,h32,h32/pooled-w0.05,0.050,25,23057,15351,770,0.031126,0.030895,740772,24923,107021
python,h32,h32/pooled-w0.05,0.050,26,23245,15538,786,0.031379,0.031537,740772,24923,107021
python,h32,h32/pooled-w0.05,0.050,27,23101,15452,739,0.031185,0.029651,740772,24923,107021
python,h32,h32/pooled-w0.05,0.050,28,23018,15314,776,0.031073,0.031136,740772,24923,107021
python,h32,h32/pooled-w0.05,0.050,29,22996,15432,821,0.031043,0.032941,740772,24923,107021
python,h32,h32/pooled-w0.05,0.050,30,23036,15244,778,0.031097,0.031216,740772,24923,107021
python,h32,h32/pooled-w0.05,0.050,31,23327,15471,778,0.031490,0.031216,740772,24923,107021
python,h32,h32/pooled-w0.05,0.050,32,23261,15357,794,0.031401,0.031858,740772,24923,107021
python,h32,h32/pooled-w0.25,0.250,1,13388,8498,685,0.031606,0.032763,423588,20908,107021
python,h32,h32/pooled-w0.25,0.250,2,13261,8459,673,0.031306,0.032189,423588,20908,107021
python,h32,h32/pooled-w0.25,0.250,3,13273,8492,672,0.031335,0.032141,423588,20908,107021
python,h32,h32/pooled-w0.25,0.250,4,13272,8479,650,0.031332,0.031089,423588,20908,107021
python,h32,h32/pooled-w0.25,0.250,5,13309,8448,657,0.031420,0.031423,423588,20908,107021
python,h32,h32/pooled-w0.25,0.250,6,13066,8336,634,0.030846,0.030323,423588,20908,107021
python,h32,h32/pooled-w0.25,0.250,7,13265,8383,628,0.031316,0.030036,423588,20908,107021
python,h32,h32/pooled-w0.25,0.250,8,13272,8503,624,0.031332,0.029845,423588,20908,107021
python,h32,h32/pooled-w0.25,0.250,9,13277,8419,642,0.031344,0.030706,423588,20908,107021
python,h32,h32/pooled-w0.25,0.250,10,13249,8504,667,0.031278,0.031902,423588,20908,107021
python,h32,h32/pooled-w0.25,0.250,11,13184,8371,686,0.031125,0.032810,423588,20908,107021
python,h32,h32/pooled-w0.25,0.250,12,13083,8375,665,0.030886,0.031806,423588,20908,107021
python,h32,h32/pooled-w0.25,0.250,13,13242,8455,628,0.031262,0.030036,423588,20908,107021
python,h32,h32/pooled-w0.25,0.250,14,13376,8446,700,0.031578,0.033480,423588,20908,107021
python,h32,h32/pooled-w0.25,0.250,15,13238,8369,653,0.031252,0.031232,423588,20908,107021
python,h32,h32/pooled-w0.25,0.250,16,13117,8434,673,0.030966,0.032189,423588,20908,107021
python,h32,h32/pooled-w0.25,0.250,17,13163,8336,645,0.031075,0.030849,423588,20908,107021
python,h32,h32/pooled-w0.25,0.250,18,13213,8347,646,0.031193,0.030897,423588,20908,107021
python,h32,h32/pooled-w0.25,0.250,19,13340,8427,640,0.031493,0.030610,423588,20908,107021
python,h32,h32/pooled-w0.25,0.250,20,13107,8388,680,0.030943,0.032523,423588,20908,107021
python,h32,h32/pooled-w0.25,0.250,21,13221,8431,623,0.031212,0.029797,423588,20908,107021
python,h32,h32/pooled-w0.25,0.250,22,13274,8374,622,0.031337,0.029749,423588,20908,107021
python,h32,h32/pooled-w0.25,0.250,23,13295,8402,628,0.031387,0.030036,423588,20908,107021
python,h32,h32/pooled-w0.25,0.250,24,13266,8587,670,0.031318,0.032045,423588,20908,107021
python,h32,h32/pooled-w0.25,0.250,25,13213,8324,693,0.031193,0.033145,423588,20908,107021
python,h32,h32/pooled-w0.25,0.250,26,13158,8290,576,0.031063,0.027549,423588,20908,107021
python,h32,h32/pooled-w0.25,0.250,27,13255,8401,677,0.031292,0.032380,423588,20908,107021
python,h32,h32/pooled-w0.25,0.250,28,13145,8385,662,0.031033,0.031663,423588,20908,107021
python,h32,h32/pooled-w0.25,0.250,29,13265,8374,682,0.031316,0.032619,423588,20908,107021
python,h32,h32/pooled-w0.25,0.250,30,13319,8463,636,0.031443,0.030419,423588,20908,107021
python,h32,h32/pooled-w0.25,0.250,31,13165,8389,643,0.031080,0.030754,423588,20908,107021
python,h32,h32/pooled-w0.25,0.250,32,13317,8407,648,0.031439,0.030993,423588,20908,107021
python,h32,h32/best-ev-tested-w0.05,0.050,1,537980,356452,7248,0.332981,0.238822,1615646,30349,107021
python,h32,h32/best-ev-tested-w0.05,0.050,2,289315,171038,5806,0.179071,0.191308,1615646,30349,107021
python,h32,h32/best-ev-tested-w0.05,0.050,3,166207,89460,1550,0.102873,0.051073,1615646,30349,107021
python,h32,h32/best-ev-tested-w0.05,0.050,4,116119,62225,3867,0.071872,0.127418,1615646,30349,107021
python,h32,h32/best-ev-tested-w0.05,0.050,5,83163,40235,1870,0.051474,0.061617,1615646,30349,107021
python,h32,h32/best-ev-tested-w0.05,0.050,6,63186,30760,1697,0.039109,0.055916,1615646,30349,107021
python,h32,h32/best-ev-tested-w0.05,0.050,7,51029,24157,2856,0.031584,0.094105,1615646,30349,107021
python,h32,h32/best-ev-tested-w0.05,0.050,8,38623,18153,224,0.023906,0.007381,1615646,30349,107021
python,h32,h32/best-ev-tested-w0.05,0.050,9,31936,13938,128,0.019767,0.004218,1615646,30349,107021
python,h32,h32/best-ev-tested-w0.05,0.050,10,28289,13188,490,0.017509,0.016146,1615646,30349,107021
python,h32,h32/best-ev-tested-w0.05,0.050,11,24564,11181,933,0.015204,0.030742,1615646,30349,107021
python,h32,h32/best-ev-tested-w0.05,0.050,12,20304,9189,157,0.012567,0.005173,1615646,30349,107021
python,h32,h32/best-ev-tested-w0.05,0.050,13,17882,7407,87,0.011068,0.002867,1615646,30349,107021
python,h32,h32/best-ev-tested-w0.05,0.050,14,15721,7062,104,0.009730,0.003427,1615646,30349,107021
python,h32,h32/best-ev-tested-w0.05,0.050,15,14128,6369,173,0.008744,0.005700,1615646,30349,107021
python,h32,h32/best-ev-tested-w0.05,0.050,16,12150,5594,112,0.007520,0.003690,1615646,30349,107021
python,h32,h32/best-ev-tested-w0.05,0.050,17,10745,4681,27,0.006651,0.000890,1615646,30349,107021
python,h32,h32/best-ev-tested-w0.05,0.050,18,10156,4535,117,0.006286,0.003855,1615646,30349,107021
python,h32,h32/best-ev-tested-w0.05,0.050,19,8901,3730,10,0.005509,0.000330,1615646,30349,107021
python,h32,h32/best-ev-tested-w0.05,0.050,20,8113,3683,62,0.005022,0.002043,1615646,30349,107021
python,h32,h32/best-ev-tested-w0.05,0.050,21,7356,2968,92,0.004553,0.003031,1615646,30349,107021
python,h32,h32/best-ev-tested-w0.05,0.050,22,6832,2834,54,0.004229,0.001779,1615646,30349,107021
python,h32,h32/best-ev-tested-w0.05,0.050,23,6163,2561,24,0.003815,0.000791,1615646,30349,107021
python,h32,h32/best-ev-tested-w0.05,0.050,24,6609,2526,266,0.004091,0.008765,1615646,30349,107021
python,h32,h32/best-ev-tested-w0.05,0.050,25,5414,2081,20,0.003351,0.000659,1615646,30349,107021
python,h32,h32/best-ev-tested-w0.05,0.050,26,5078,2128,11,0.003143,0.000362,1615646,30349,107021
python,h32,h32/best-ev-tested-w0.05,0.050,27,4738,2024,0,0.002933,0.000000,1615646,30349,107021
python,h32,h32/best-ev-tested-w0.05,0.050,28,4668,2092,50,0.002889,0.001648,1615646,30349,107021
python,h32,h32/best-ev-tested-w0.05,0.050,29,4262,1783,14,0.002638,0.000461,1615646,30349,107021
python,h32,h32/best-ev-tested-w0.05,0.050,30,4131,1765,19,0.002557,0.000626,1615646,30349,107021
python,h32,h32/best-ev-tested-w0.05,0.050,31,3866,1736,11,0.002393,0.000362,1615646,30349,107021
python,h32,h32/best-ev-tested-w0.05,0.050,32,8018,3851,2270,0.004963,0.074797,1615646,30349,107021
python,h32,h32/best-ev-tested-w0.25,0.250,1,224042,148110,5085,0.175885,0.163953,1273797,31015,107021
python,h32,h32/best-ev-tested-w0.25,0.250,2,169464,100304,5232,0.133038,0.168693,1273797,31015,107021
python,h32,h32/best-ev-tested-w0.25,0.250,3,123684,67026,1855,0.097099,0.059810,1273797,31015,107021
python,h32,h32/best-ev-tested-w0.25,0.250,4,97297,51755,3334,0.076383,0.107496,1273797,31015,107021
python,h32,h32/best-ev-tested-w0.25,0.250,5,75357,36590,1460,0.059159,0.047074,1273797,31015,107021
python,h32,h32/best-ev-tested-w0.25,0.250,6,63824,31749,2807,0.050105,0.090505,1273797,31015,107021
python,h32,h32/best-ev-tested-w0.25,0.250,7,53497,24951,2373,0.041998,0.076511,1273797,31015,107021
python,h32,h32/best-ev-tested-w0.25,0.250,8,44175,20112,504,0.034680,0.016250,1273797,31015,107021
python,h32,h32/best-ev-tested-w0.25,0.250,9,38462,16917,306,0.030195,0.009866,1273797,31015,107021
python,h32,h32/best-ev-tested-w0.25,0.250,10,35348,15808,929,0.027750,0.029953,1273797,31015,107021
python,h32,h32/best-ev-tested-w0.25,0.250,11,31539,13973,834,0.024760,0.026890,1273797,31015,107021
python,h32,h32/best-ev-tested-w0.25,0.250,12,28835,12824,940,0.022637,0.030308,1273797,31015,107021
python,h32,h32/best-ev-tested-w0.25,0.250,13,25925,11012,385,0.020353,0.012413,1273797,31015,107021
python,h32,h32/best-ev-tested-w0.25,0.250,14,23109,9441,158,0.018142,0.005094,1273797,31015,107021
python,h32,h32/best-ev-tested-w0.25,0.250,15,21347,8936,194,0.016759,0.006255,1273797,31015,107021
python,h32,h32/best-ev-tested-w0.25,0.250,16,19537,8337,90,0.015338,0.002902,1273797,31015,107021
python,h32,h32/best-ev-tested-w0.25,0.250,17,18404,7897,216,0.014448,0.006964,1273797,31015,107021
python,h32,h32/best-ev-tested-w0.25,0.250,18,17593,7489,497,0.013811,0.016025,1273797,31015,107021
python,h32,h32/best-ev-tested-w0.25,0.250,19,15752,6416,54,0.012366,0.001741,1273797,31015,107021
python,h32,h32/best-ev-tested-w0.25,0.250,20,14953,6549,285,0.011739,0.009189,1273797,31015,107021
python,h32,h32/best-ev-tested-w0.25,0.250,21,13890,5555,157,0.010904,0.005062,1273797,31015,107021
python,h32,h32/best-ev-tested-w0.25,0.250,22,13282,5523,289,0.010427,0.009318,1273797,31015,107021
python,h32,h32/best-ev-tested-w0.25,0.250,23,12227,4784,36,0.009599,0.001161,1273797,31015,107021
python,h32,h32/best-ev-tested-w0.25,0.250,24,11663,4473,45,0.009156,0.001451,1273797,31015,107021
python,h32,h32/best-ev-tested-w0.25,0.250,25,11095,4301,53,0.008710,0.001709,1273797,31015,107021
python,h32,h32/best-ev-tested-w0.25,0.250,26,10878,4493,283,0.008540,0.009125,1273797,31015,107021
python,h32,h32/best-ev-tested-w0.25,0.250,27,10204,4157,120,0.008011,0.003869,1273797,31015,107021
python,h32,h32/best-ev-tested-w0.25,0.250,28,9546,3876,31,0.007494,0.001000,1273797,31015,107021
python,h32,h32/best-ev-tested-w0.25,0.250,29,9162,3689,61,0.007193,0.001967,1273797,31015,107021
python,h32,h32/best-ev-tested-w0.25,0.250,30,8788,3759,79,0.006899,0.002547,1273797,31015,107021
python,h32,h32/best-ev-tested-w0.25,0.250,31,8336,3441,24,0.006544,0.000774,1273797,31015,107021
python,h32,h32/best-ev-tested-w0.25,0.250,32,12582,5720,2299,0.009878,0.074125,1273797,31015,107021
sort,coarse,coarse/best-ev-w0.05,0.050,1,2310,765,74,0.172337,0.521127,13404,142,29667
sort,coarse,coarse/best-ev-w0.05,0.050,2,2196,1729,0,0.163832,0.000000,13404,142,29667
sort,coarse,coarse/best-ev-w0.05,0.050,4,2191,1633,0,0.163459,0.000000,13404,142,29667
sort,coarse,coarse/best-ev-w0.05,0.050,8,2186,1543,0,0.163086,0.000000,13404,142,29667
sort,coarse,coarse/best-ev-w0.05,0.050,16,2182,1331,0,0.162787,0.000000,13404,142,29667
sort,coarse,coarse/best-ev-w0.05,0.050,32,2339,1086,68,0.174500,0.478873,13404,142,29667
sort,coarse,coarse/best-ev-w0.25,0.250,1,679,210,0,0.161898,0.000000,4194,68,29667
sort,coarse,coarse/best-ev-w0.25,0.250,2,676,530,0,0.161183,0.000000,4194,68,29667
sort,coarse,coarse/best-ev-w0.25,0.250,4,677,496,0,0.161421,0.000000,4194,68,29667
sort,coarse,coarse/best-ev-w0.25,0.250,8,675,470,0,0.160944,0.000000,4194,68,29667
sort,coarse,coarse/best-ev-w0.25,0.250,16,673,415,0,0.160467,0.000000,4194,68,29667
sort,coarse,coarse/best-ev-w0.25,0.250,32,814,404,68,0.194087,1.000000,4194,68,29667
sort,coarse,coarse/uniform-random-w0.01,0.010,1,4716,1553,35,0.164814,0.813953,28614,43,29667
sort,coarse,coarse/uniform-random-w0.01,0.010,2,4832,3862,0,0.168868,0.000000,28614,43,29667
sort,coarse,coarse/uniform-random-w0.01,0.010,4,4786,3614,0,0.167261,0.000000,28614,43,29667
sort,coarse,coarse/uniform-random-w0.01,0.010,8,4779,3385,0,0.167016,0.000000,28614,43,29667
sort,coarse,coarse/uniform-random-w0.01,0.010,16,4755,2973,0,0.166177,0.000000,28614,43,29667
sort,coarse,coarse/uniform-random-w0.01,0.010,32,4746,2124,8,0.165863,0.186047,28614,43,29667
sort,coarse,coarse/uniform-random-w0.02,0.020,1,3575,1172,35,0.164747,0.813953,21700,43,29667
sort,coarse,coarse/uniform-random-w0.02,0.020,2,3649,2907,0,0.168157,0.000000,21700,43,29667
sort,coarse,coarse/uniform-random-w0.02,0.020,4,3622,2722,0,0.166912,0.000000,21700,43,29667
sort,coarse,coarse/uniform-random-w0.02,0.020,8,3621,2568,0,0.166866,0.000000,21700,43,29667
sort,coarse,coarse/uniform-random-w0.02,0.020,16,3607,2254,0,0.166221,0.000000,21700,43,29667
sort,coarse,coarse/uniform-random-w0.02,0.020,32,3626,1633,8,0.167097,0.186047,21700,43,29667
sort,coarse,coarse/uniform-random-w0.05,0.050,1,2202,719,35,0.166201,0.813953,13249,43,29667
sort,coarse,coarse/uniform-random-w0.05,0.050,2,2210,1742,0,0.166805,0.000000,13249,43,29667
sort,coarse,coarse/uniform-random-w0.05,0.050,4,2191,1629,0,0.165371,0.000000,13249,43,29667
sort,coarse,coarse/uniform-random-w0.05,0.050,8,2206,1550,0,0.166503,0.000000,13249,43,29667
sort,coarse,coarse/uniform-random-w0.05,0.050,16,2209,1364,0,0.166730,0.000000,13249,43,29667
sort,coarse,coarse/uniform-random-w0.05,0.050,32,2231,1015,8,0.168390,0.186047,13249,43,29667
sort,coarse,coarse/uniform-random-w0.10,0.100,1,1345,442,35,0.169438,0.813953,7938,43,29667
sort,coarse,coarse/uniform-random-w0.10,0.100,2,1313,1030,0,0.165407,0.000000,7938,43,29667
sort,coarse,coarse/uniform-random-w0.10,0.100,4,1306,962,0,0.164525,0.000000,7938,43,29667
sort,coarse,coarse/uniform-random-w0.10,0.100,8,1309,913,0,0.164903,0.000000,7938,43,29667
sort,coarse,coarse/uniform-random-w0.10,0.100,16,1316,812,0,0.165785,0.000000,7938,43,29667
sort,coarse,coarse/uniform-random-w0.10,0.100,32,1349,614,8,0.169942,0.186047,7938,43,29667
sort,coarse,coarse/uniform-random-w0.25,0.250,1,718,241,35,0.175464,0.813953,4092,43,29667
sort,coarse,coarse/uniform-random-w0.25,0.250,2,667,522,0,0.163001,0.000000,4092,43,29667
sort,coarse,coarse/uniform-random-w0.25,0.250,4,670,491,0,0.163734,0.000000,4092,43,29667
sort,coarse,coarse/uniform-random-w0.25,0.250,8,669,463,0,0.163490,0.000000,4092,43,29667
sort,coarse,coarse/uniform-random-w0.25,0.250,16,670,411,0,0.163734,0.000000,4092,43,29667
sort,coarse,coarse/uniform-random-w0.25,0.250,32,698,314,8,0.170577,0.186047,4092,43,29667
sort,coarse,coarse/pooled-w0.05,0.050,1,381,354,0,0.158684,0.000000,2401,0,29667
sort,coarse,coarse/pooled-w0.05,0.050,2,399,370,0,0.166181,0.000000,2401,0,29667
sort,coarse,coarse/pooled-w0.05,0.050,4,408,362,0,0.169929,0.000000,2401,0,29667
sort,coarse,coarse/pooled-w0.05,0.050,8,396,367,0,0.164931,0.000000,2401,0,29667
sort,coarse,coarse/pooled-w0.05,0.050,16,403,363,0,0.167847,0.000000,2401,0,29667
sort,coarse,coarse/pooled-w0.05,0.050,32,414,380,0,0.172428,0.000000,2401,0,29667
sort,coarse,coarse/pooled-w0.25,0.250,1,99,89,0,0.141631,0.000000,699,0,29667
sort,coarse,coarse/pooled-w0.25,0.250,2,125,115,0,0.178827,0.000000,699,0,29667
sort,coarse,coarse/pooled-w0.25,0.250,4,126,117,0,0.180258,0.000000,699,0,29667
sort,coarse,coarse/pooled-w0.25,0.250,8,106,98,0,0.151645,0.000000,699,0,29667
sort,coarse,coarse/pooled-w0.25,0.250,16,120,109,0,0.171674,0.000000,699,0,29667
sort,coarse,coarse/pooled-w0.25,0.250,32,123,110,0,0.175966,0.000000,699,0,29667
sort,coarse,coarse/best-ev-tested-w0.05,0.050,1,2614,922,186,0.195308,1.000000,13384,186,29667
sort,coarse,coarse/best-ev-tested-w0.05,0.050,2,2278,1780,0,0.170203,0.000000,13384,186,29667
sort,coarse,coarse/best-ev-tested-w0.05,0.050,4,2223,1653,0,0.166094,0.000000,13384,186,29667
sort,coarse,coarse/best-ev-tested-w0.05,0.050,8,2179,1540,0,0.162806,0.000000,13384,186,29667
sort,coarse,coarse/best-ev-tested-w0.05,0.050,16,2083,1295,0,0.155634,0.000000,13384,186,29667
sort,coarse,coarse/best-ev-tested-w0.05,0.050,32,2007,891,0,0.149955,0.000000,13384,186,29667
sort,coarse,coarse/best-ev-tested-w0.25,0.250,1,957,401,186,0.222714,1.000000,4297,186,29667
sort,coarse,coarse/best-ev-tested-w0.25,0.250,2,675,531,0,0.157086,0.000000,4297,186,29667
sort,coarse,coarse/best-ev-tested-w0.25,0.250,4,669,494,0,0.155690,0.000000,4297,186,29667
sort,coarse,coarse/best-ev-tested-w0.25,0.250,8,665,463,0,0.154759,0.000000,4297,186,29667
sort,coarse,coarse/best-ev-tested-w0.25,0.250,16,667,414,0,0.155225,0.000000,4297,186,29667
sort,coarse,coarse/best-ev-tested-w0.25,0.250,32,664,287,0,0.154526,0.000000,4297,186,29667
sort,h16,h16/best-ev-w0.05,0.050,1,2097,752,176,0.032927,0.010084,63686,17453,29667
sort,h16,h16/best-ev-w0.05,0.050,2,1831,1474,0,0.028750,0.000000,63686,17453,29667
sort,h16,h16/best-ev-w0.05,0.050,3,1831,499,0,0.028750,0.000000,63686,17453,29667
sort,h16,h16/best-ev-w0.05,0.050,4,1827,1400,0,0.028688,0.000000,63686,17453,29667
sort,h16,h16/best-ev-w0.05,0.050,5,1821,529,0,0.028593,0.000000,63686,17453,29667
sort,h16,h16/best-ev-w0.05,0.050,6,1819,1322,0,0.028562,0.000000,63686,17453,29667
sort,h16,h16/best-ev-w0.05,0.050,7,1809,421,0,0.028405,0.000000,63686,17453,29667
sort,h16,h16/best-ev-w0.05,0.050,8,1806,1298,0,0.028358,0.000000,63686,17453,29667
sort,h16,h16/best-ev-w0.05,0.050,9,36353,35084,17277,0.570816,0.989916,63686,17453,29667
sort,h16,h16/best-ev-w0.05,0.050,10,1795,1297,0,0.028185,0.000000,63686,17453,29667
sort,h16,h16/best-ev-w0.05,0.050,11,1791,601,0,0.028122,0.000000,63686,17453,29667
sort,h16,h16/best-ev-w0.05,0.050,12,1787,1234,0,0.028060,0.000000,63686,17453,29667
sort,h16,h16/best-ev-w0.05,0.050,13,1785,730,0,0.028028,0.000000,63686,17453,29667
sort,h16,h16/best-ev-w0.05,0.050,14,1783,1210,0,0.027997,0.000000,63686,17453,29667
sort,h16,h16/best-ev-w0.05,0.050,15,1779,716,0,0.027934,0.000000,63686,17453,29667
sort,h16,h16/best-ev-w0.05,0.050,16,1772,1129,0,0.027824,0.000000,63686,17453,29667
sort,h16,h16/best-ev-w0.25,0.250,1,900,376,176,0.020054,0.010084,44879,17453,29667
sort,h16,h16/best-ev-w0.25,0.250,2,640,509,0,0.014261,0.000000,44879,17453,29667
sort,h16,h16/best-ev-w0.25,0.250,3,640,175,0,0.014261,0.000000,44879,17453,29667
sort,h16,h16/best-ev-w0.25,0.250,4,638,482,0,0.014216,0.000000,44879,17453,29667
sort,h16,h16/best-ev-w0.25,0.250,5,635,188,0,0.014149,0.000000,44879,17453,29667
sort,h16,h16/best-ev-w0.25,0.250,6,635,456,0,0.014149,0.000000,44879,17453,29667
sort,h16,h16/best-ev-w0.25,0.250,7,629,150,0,0.014015,0.000000,44879,17453,29667
sort,h16,h16/best-ev-w0.25,0.250,8,628,445,0,0.013993,0.000000,44879,17453,29667
sort,h16,h16/best-ev-w0.25,0.250,9,35178,34740,17277,0.783841,0.989916,44879,17453,29667
sort,h16,h16/best-ev-w0.25,0.250,10,623,440,0,0.013882,0.000000,44879,17453,29667
sort,h16,h16/best-ev-w0.25,0.250,11,622,216,0,0.013859,0.000000,44879,17453,29667
sort,h16,h16/best-ev-w0.25,0.250,12,624,418,0,0.013904,0.000000,44879,17453,29667
sort,h16,h16/best-ev-w0.25,0.250,13,625,254,0,0.013926,0.000000,44879,17453,29667
sort,h16,h16/best-ev-w0.25,0.250,14,621,411,0,0.013837,0.000000,44879,17453,29667
sort,h16,h16/best-ev-w0.25,0.250,15,620,251,0,0.013815,0.000000,44879,17453,29667
sort,h16,h16/best-ev-w0.25,0.250,16,621,389,0,0.013837,0.000000,44879,17453,29667
sort,h16,h16/uniform-random-w0.01,0.010,1,3916,1338,14,0.058372,0.006567,67087,2132,29667
sort,h16,h16/uniform-random-w0.01,0.010,2,4018,3207,0,0.059892,0.000000,67087,2132,29667
sort,h16,h16/uniform-random-w0.01,0.010,3,3940,1170,14,0.058730,0.006567,67087,2132,29667
sort,h16,h16/uniform-random-w0.01,0.010,4,3988,2987,0,0.059445,0.000000,67087,2132,29667
sort,h16,h16/uniform-random-w0.01,0.010,5,3901,1182,0,0.058148,0.000000,67087,2132,29667
sort,h16,h16/uniform-random-w0.01,0.010,6,3937,2778,0,0.058685,0.000000,67087,2132,29667
sort,h16,h16/uniform-random-w0.01,0.010,7,3867,939,0,0.057642,0.000000,67087,2132,29667
sort,h16,h16/uniform-random-w0.01,0.010,8,3931,2747,0,0.058596,0.000000,67087,2132,29667
sort,h16,h16/uniform-random-w0.01,0.010,9,5959,3364,1072,0.088825,0.502814,67087,2132,29667
sort,h16,h16/uniform-random-w0.01,0.010,10,6004,4896,1032,0.089496,0.484053,67087,2132,29667
sort,h16,h16/uniform-random-w0.01,0.010,11,3915,1304,0,0.058357,0.000000,67087,2132,29667
sort,h16,h16/uniform-random-w0.01,0.010,12,3947,2666,0,0.058834,0.000000,67087,2132,29667
sort,h16,h16/uniform-random-w0.01,0.010,13,3917,1642,0,0.058387,0.000000,67087,2132,29667
sort,h16,h16/uniform-random-w0.01,0.010,14,3953,2625,0,0.058923,0.000000,67087,2132,29667
sort,h16,h16/uniform-random-w0.01,0.010,15,3945,1601,0,0.058804,0.000000,67087,2132,29667
sort,h16,h16/uniform-random-w0.01,0.010,16,3949,2452,0,0.058864,0.000000,67087,2132,29667
sort,h16,h16/uniform-random-w0.02,0.020,1,2949,997,14,0.057112,0.006567,51635,2132,29667
sort,h16,h16/uniform-random-w0.02,0.020,2,3041,2433,0,0.058894,0.000000,51635,2132,29667
sort,h16,h16/uniform-random-w0.02,0.020,3,2970,870,14,0.057519,0.006567,51635,2132,29667
sort,h16,h16/uniform-random-w0.02,0.020,4,3008,2254,0,0.058255,0.000000,51635,2132,29667
sort,h16,h16/uniform-random-w0.02,0.020,5,2939,869,0,0.056919,0.000000,51635,2132,29667
sort,h16,h16/uniform-random-w0.02,0.020,6,2973,2113,0,0.057577,0.000000,51635,2132,29667
sort,h16,h16/uniform-random-w0.02,0.020,7,2901,687,0,0.056183,0.000000,51635,2132,29667
sort,h16,h16/uniform-random-w0.02,0.020,8,2964,2091,0,0.057403,0.000000,51635,2132,29667
sort,h16,h16/uniform-random-w0.02,0.020,9,5015,3043,1072,0.097124,0.502814,51635,2132,29667
sort,h16,h16/uniform-random-w0.02,0.020,10,5060,4225,1032,0.097996,0.484053,51635,2132,29667
sort,h16,h16/uniform-random-w0.02,0.020,11,2950,974,0,0.057132,0.000000,51635,2132,29667
sort,h16,h16/uniform-random-w0.02,0.020,12,2985,2027,0,0.057810,0.000000,51635,2132,29667
sort,h16,h16/uniform-random-w0.02,0.020,13,2947,1226,0,0.057074,0.000000,51635,2132,29667
sort,h16,h16/uniform-random-w0.02,0.020,14,2977,1990,0,0.057655,0.000000,51635,2132,29667
sort,h16,h16/uniform-random-w0.02,0.020,15,2973,1192,0,0.057577,0.000000,51635,2132,29667
sort,h16,h16/uniform-random-w0.02,0.020,16,2983,1868,0,0.057771,0.000000,51635,2132,29667
sort,h16,h16/uniform-random-w0.05,0.050,1,1833,607,14,0.054371,0.006567,33713,2132,29667
sort,h16,h16/uniform-random-w0.05,0.050,2,1915,1536,0,0.056803,0.000000,33713,2132,29667
sort,h16,h16/uniform-random-w0.05,0.050,3,1842,524,14,0.054638,0.006567,33713,2132,29667
sort,h16,h16/uniform-random-w0.05,0.050,4,1888,1417,0,0.056002,0.000000,33713,2132,29667
sort,h16,h16/uniform-random-w0.05,0.050,5,1817,517,0,0.053896,0.000000,33713,2132,29667
sort,h16,h16/uniform-random-w0.05,0.050,6,1852,1325,0,0.054934,0.000000,33713,2132,29667
sort,h16,h16/uniform-random-w0.05,0.050,7,1793,409,0,0.053184,0.000000,33713,2132,29667
sort,h16,h16/uniform-random-w0.05,0.050,8,1841,1320,0,0.054608,0.000000,33713,2132,29667
sort,h16,h16/uniform-random-w0.05,0.050,9,3922,2682,1072,0.116335,0.502814,33713,2132,29667
sort,h16,h16/uniform-random-w0.05,0.050,10,3957,3430,1032,0.117373,0.484053,33713,2132,29667
sort,h16,h16/uniform-random-w0.05,0.050,11,1830,594,0,0.054282,0.000000,33713,2132,29667
sort,h16,h16/uniform-random-w0.05,0.050,12,1863,1265,0,0.055261,0.000000,33713,2132,29667
sort,h16,h16/uniform-random-w0.05,0.050,13,1836,749,0,0.054460,0.000000,33713,2132,29667
sort,h16,h16/uniform-random-w0.05,0.050,14,1836,1230,0,0.054460,0.000000,33713,2132,29667
sort,h16,h16/uniform-random-w0.05,0.050,15,1832,735,0,0.054341,0.000000,33713,2132,29667
sort,h16,h16/uniform-random-w0.05,0.050,16,1856,1164,0,0.055053,0.000000,33713,2132,29667
sort,h16,h16/uniform-random-w0.10,0.100,1,1161,383,14,0.051055,0.006567,22740,2132,29667
sort,h16,h16/uniform-random-w0.10,0.100,2,1197,959,0,0.052639,0.000000,22740,2132,29667
sort,h16,h16/uniform-random-w0.10,0.100,3,1152,328,14,0.050660,0.006567,22740,2132,29667
sort,h16,h16/uniform-random-w0.10,0.100,4,1179,879,0,0.051847,0.000000,22740,2132,29667
sort,h16,h16/uniform-random-w0.10,0.100,5,1142,325,0,0.050220,0.000000,22740,2132,29667
sort,h16,h16/uniform-random-w0.10,0.100,6,1166,835,0,0.051275,0.000000,22740,2132,29667
sort,h16,h16/uniform-random-w0.10,0.100,7,1125,258,0,0.049472,0.000000,22740,2132,29667
sort,h16,h16/uniform-random-w0.10,0.100,8,1155,829,0,0.050792,0.000000,22740,2132,29667
sort,h16,h16/uniform-random-w0.10,0.100,9,3270,2485,1072,0.143799,0.502814,22740,2132,29667
sort,h16,h16/uniform-random-w0.10,0.100,10,3276,2933,1032,0.144063,0.484053,22740,2132,29667
sort,h16,h16/uniform-random-w0.10,0.100,11,1150,375,0,0.050572,0.000000,22740,2132,29667
sort,h16,h16/uniform-random-w0.10,0.100,12,1167,785,0,0.051319,0.000000,22740,2132,29667
sort,h16,h16/uniform-random-w0.10,0.100,13,1147,465,0,0.050440,0.000000,22740,2132,29667
sort,h16,h16/uniform-random-w0.10,0.100,14,1147,769,0,0.050440,0.000000,22740,2132,29667
sort,h16,h16/uniform-random-w0.10,0.100,15,1136,451,0,0.049956,0.000000,22740,2132,29667
sort,h16,h16/uniform-random-w0.10,0.100,16,1170,731,0,0.051451,0.000000,22740,2132,29667
sort,h16,h16/uniform-random-w0.25,0.250,1,646,209,14,0.044967,0.006567,14366,2132,29667
sort,h16,h16/uniform-random-w0.25,0.250,2,632,500,0,0.043993,0.000000,14366,2132,29667
sort,h16,h16/uniform-random-w0.25,0.250,3,634,182,14,0.044132,0.006567,14366,2132,29667
sort,h16,h16/uniform-random-w0.25,0.250,4,626,461,0,0.043575,0.000000,14366,2132,29667
sort,h16,h16/uniform-random-w0.25,0.250,5,628,183,0,0.043714,0.000000,14366,2132,29667
sort,h16,h16/uniform-random-w0.25,0.250,6,636,455,0,0.044271,0.000000,14366,2132,29667
sort,h16,h16/uniform-random-w0.25,0.250,7,628,145,0,0.043714,0.000000,14366,2132,29667
sort,h16,h16/uniform-random-w0.25,0.250,8,628,444,0,0.043714,0.000000,14366,2132,29667
sort,h16,h16/uniform-random-w0.25,0.250,9,2773,2338,1072,0.193025,0.502814,14366,2132,29667
sort,h16,h16/uniform-random-w0.25,0.250,10,2749,2562,1032,0.191355,0.484053,14366,2132,29667
sort,h16,h16/uniform-random-w0.25,0.250,11,628,200,0,0.043714,0.000000,14366,2132,29667
sort,h16,h16/uniform-random-w0.25,0.250,12,633,417,0,0.044062,0.000000,14366,2132,29667
sort,h16,h16/uniform-random-w0.25,0.250,13,628,257,0,0.043714,0.000000,14366,2132,29667
sort,h16,h16/uniform-random-w0.25,0.250,14,628,420,0,0.043714,0.000000,14366,2132,29667
sort,h16,h16/uniform-random-w0.25,0.250,15,627,250,0,0.043645,0.000000,14366,2132,29667
sort,h16,h16/uniform-random-w0.25,0.250,16,642,394,0,0.044689,0.000000,14366,2132,29667
sort,h16,h16/pooled-w0.05,0.050,1,2303,2296,1111,0.062344,0.064279,36940,17284,29667
sort,h16,h16/pooled-w0.05,0.050,2,2309,2303,1094,0.062507,0.063296,36940,17284,29667
sort,h16,h16/pooled-w0.05,0.050,3,2317,2308,1092,0.062723,0.063180,36940,17284,29667
sort,h16,h16/pooled-w0.05,0.050,4,2342,2335,1050,0.063400,0.060750,36940,17284,29667
sort,h16,h16/pooled-w0.05,0.050,5,2373,2361,1052,0.064239,0.060866,36940,17284,29667
sort,h16,h16/pooled-w0.05,0.050,6,2394,2384,1101,0.064808,0.063701,36940,17284,29667
sort,h16,h16/pooled-w0.05,0.050,7,2283,2273,1074,0.061803,0.062138,36940,17284,29667
sort,h16,h16/pooled-w0.05,0.050,8,2252,2251,1076,0.060964,0.062254,36940,17284,29667
sort,h16,h16/pooled-w0.05,0.050,9,2330,2315,1057,0.063075,0.061155,36940,17284,29667
sort,h16,h16/pooled-w0.05,0.050,10,2299,2289,1087,0.062236,0.062891,36940,17284,29667
sort,h16,h16/pooled-w0.05,0.050,11,2310,2299,1123,0.062534,0.064973,36940,17284,29667
sort,h16,h16/pooled-w0.05,0.050,12,2221,2213,1072,0.060125,0.062023,36940,17284,29667
sort,h16,h16/pooled-w0.05,0.050,13,2317,2309,1082,0.062723,0.062601,36940,17284,29667
sort,h16,h16/pooled-w0.05,0.050,14,2313,2304,1062,0.062615,0.061444,36940,17284,29667
sort,h16,h16/pooled-w0.05,0.050,15,2273,2268,1059,0.061532,0.061271,36940,17284,29667
sort,h16,h16/pooled-w0.05,0.050,16,2304,2295,1092,0.062371,0.063180,36940,17284,29667
sort,h16,h16/pooled-w0.25,0.250,1,2189,2185,1056,0.062085,0.061097,35258,17284,29667
sort,h16,h16/pooled-w0.25,0.250,2,2240,2238,1096,0.063532,0.063411,35258,17284,29667
sort,h16,h16/pooled-w0.25,0.250,3,2212,2208,1063,0.062738,0.061502,35258,17284,29667
sort,h16,h16/pooled-w0.25,0.250,4,2245,2243,1095,0.063673,0.063353,35258,17284,29667
sort,h16,h16/pooled-w0.25,0.250,5,2262,2259,1098,0.064156,0.063527,35258,17284,29667
sort,h16,h16/pooled-w0.25,0.250,6,2286,2286,1139,0.064836,0.065899,35258,17284,29667
sort,h16,h16/pooled-w0.25,0.250,7,2172,2171,1103,0.061603,0.063816,35258,17284,29667
sort,h16,h16/pooled-w0.25,0.250,8,2142,2140,1025,0.060752,0.059303,35258,17284,29667
sort,h16,h16/pooled-w0.25,0.250,9,2224,2221,1136,0.063078,0.065726,35258,17284,29667
sort,h16,h16/pooled-w0.25,0.250,10,2189,2183,1063,0.062085,0.061502,35258,17284,29667
sort,h16,h16/pooled-w0.25,0.250,11,2180,2177,1071,0.061830,0.061965,35258,17284,29667
sort,h16,h16/pooled-w0.25,0.250,12,2119,2118,1052,0.060100,0.060866,35258,17284,29667
sort,h16,h16/pooled-w0.25,0.250,13,2194,2190,1038,0.062227,0.060056,35258,17284,29667
sort,h16,h16/pooled-w0.25,0.250,14,2219,2218,1090,0.062936,0.063064,35258,17284,29667
sort,h16,h16/pooled-w0.25,0.250,15,2165,2161,1035,0.061405,0.059882,35258,17284,29667
sort,h16,h16/pooled-w0.25,0.250,16,2220,2219,1124,0.062964,0.065031,35258,17284,29667
sort,h16,h16/best-ev-tested-w0.05,0.050,1,2628,907,186,0.041162,0.010715,63846,17359,29667
sort,h16,h16/best-ev-tested-w0.05,0.050,2,2285,1785,0,0.035789,0.000000,63846,17359,29667
sort,h16,h16/best-ev-tested-w0.05,0.050,3,2195,605,0,0.034380,0.000000,63846,17359,29667
sort,h16,h16/best-ev-tested-w0.05,0.050,4,2140,1612,0,0.033518,0.000000,63846,17359,29667
sort,h16,h16/best-ev-tested-w0.05,0.050,5,2043,613,0,0.031999,0.000000,63846,17359,29667
sort,h16,h16/best-ev-tested-w0.05,0.050,6,1923,1404,0,0.030119,0.000000,63846,17359,29667
sort,h16,h16/best-ev-tested-w0.05,0.050,7,1849,407,0,0.028960,0.000000,63846,17359,29667
sort,h16,h16/best-ev-tested-w0.05,0.050,8,1773,1271,0,0.027770,0.000000,63846,17359,29667
sort,h16,h16/best-ev-tested-w0.05,0.050,9,36050,34827,17173,0.564640,0.989285,63846,17359,29667
sort,h16,h16/best-ev-tested-w0.05,0.050,10,1652,1191,0,0.025875,0.000000,63846,17359,29667
sort,h16,h16/best-ev-tested-w0.05,0.050,11,1614,534,0,0.025280,0.000000,63846,17359,29667
sort,h16,h16/best-ev-tested-w0.05,0.050,12,1588,1097,0,0.024872,0.000000,63846,17359,29667
sort,h16,h16/best-ev-tested-w0.05,0.050,13,1577,659,0,0.024700,0.000000,63846,17359,29667
sort,h16,h16/best-ev-tested-w0.05,0.050,14,1526,1053,0,0.023901,0.000000,63846,17359,29667
sort,h16,h16/best-ev-tested-w0.05,0.050,15,1516,612,0,0.023745,0.000000,63846,17359,29667
sort,h16,h16/best-ev-tested-w0.05,0.050,16,1487,975,0,0.023290,0.000000,63846,17359,29667
sort,h16,h16/best-ev-tested-w0.25,0.250,1,957,397,186,0.021343,0.010666,44839,17438,29667
sort,h16,h16/best-ev-tested-w0.25,0.250,2,675,531,0,0.015054,0.000000,44839,17438,29667
sort,h16,h16/best-ev-tested-w0.25,0.250,3,666,182,0,0.014853,0.000000,44839,17438,29667
sort,h16,h16/best-ev-tested-w0.25,0.250,4,662,489,0,0.014764,0.000000,44839,17438,29667
sort,h16,h16/best-ev-tested-w0.25,0.250,5,663,191,0,0.014786,0.000000,44839,17438,29667
sort,h16,h16/best-ev-tested-w0.25,0.250,6,648,462,0,0.014452,0.000000,44839,17438,29667
sort,h16,h16/best-ev-tested-w0.25,0.250,7,638,146,0,0.014229,0.000000,44839,17438,29667
sort,h16,h16/best-ev-tested-w0.25,0.250,8,635,449,0,0.014162,0.000000,44839,17438,29667
sort,h16,h16/best-ev-tested-w0.25,0.250,9,35122,34685,17252,0.783291,0.989334,44839,17438,29667
sort,h16,h16/best-ev-tested-w0.25,0.250,10,611,432,0,0.013627,0.000000,44839,17438,29667
sort,h16,h16/best-ev-tested-w0.25,0.250,11,611,209,0,0.013627,0.000000,44839,17438,29667
sort,h16,h16/best-ev-tested-w0.25,0.250,12,603,412,0,0.013448,0.000000,44839,17438,29667
sort,h16,h16/best-ev-tested-w0.25,0.250,13,599,244,0,0.013359,0.000000,44839,17438,29667
sort,h16,h16/best-ev-tested-w0.25,0.250,14,591,395,0,0.013180,0.000000,44839,17438,29667
sort,h16,h16/best-ev-tested-w0.25,0.250,15,580,237,0,0.012935,0.000000,44839,17438,29667
sort,h16,h16/best-ev-tested-w0.25,0.250,16,578,360,0,0.012891,0.000000,44839,17438,29667
sort,h32,h32/best-ev-w0.05,0.050,1,1550,536,0,0.013204,0.000000,117393,29650,29667
sort,h32,h32/best-ev-w0.05,0.050,2,1545,1234,0,0.013161,0.000000,117393,29650,29667
sort,h32,h32/best-ev-w0.05,0.050,3,1543,458,1,0.013144,0.000034,117393,29650,29667
sort,h32,h32/best-ev-w0.05,0.050,4,1541,1164,0,0.013127,0.000000,117393,29650,29667
sort,h32,h32/best-ev-w0.05,0.050,5,1540,488,0,0.013118,0.000000,117393,29650,29667
sort,h32,h32/best-ev-w0.05,0.050,6,1538,1092,0,0.013101,0.000000,117393,29650,29667
sort,h32,h32/best-ev-w0.05,0.050,7,1535,377,0,0.013076,0.000000,117393,29650,29667
sort,h32,h32/best-ev-w0.05,0.050,8,1529,1049,0,0.013025,0.000000,117393,29650,29667
sort,h32,h32/best-ev-w0.05,0.050,9,36079,35039,17277,0.307335,0.582698,117393,29650,29667
sort,h32,h32/best-ev-w0.05,0.050,10,1526,1070,0,0.012999,0.000000,117393,29650,29667
sort,h32,h32/best-ev-w0.05,0.050,11,1526,541,0,0.012999,0.000000,117393,29650,29667
sort,h32,h32/best-ev-w0.05,0.050,12,1520,1022,0,0.012948,0.000000,117393,29650,29667
sort,h32,h32/best-ev-w0.05,0.050,13,1518,657,0,0.012931,0.000000,117393,29650,29667
sort,h32,h32/best-ev-w0.05,0.050,14,1519,1006,0,0.012939,0.000000,117393,29650,29667
sort,h32,h32/best-ev-w0.05,0.050,15,1514,643,0,0.012897,0.000000,117393,29650,29667
sort,h32,h32/best-ev-w0.05,0.050,16,1511,934,0,0.012871,0.000000,117393,29650,29667
sort,h32,h32/best-ev-w0.05,0.050,17,1506,646,0,0.012829,0.000000,117393,29650,29667
sort,h32,h32/best-ev-w0.05,0.050,18,1507,897,0,0.012837,0.000000,117393,29650,29667
sort,h32,h32/best-ev-w0.05,0.050,19,1505,662,0,0.012820,0.000000,117393,29650,29667
sort,h32,h32/best-ev-w0.05,0.050,20,1502,843,0,0.012795,0.000000,117393,29650,29667
sort,h32,h32/best-ev-w0.05,0.050,21,1598,794,20,0.013612,0.000675,117393,29650,29667
sort,h32,h32/best-ev-w0.05,0.050,22,1501,838,0,0.012786,0.000000,117393,29650,29667
sort,h32,h32/best-ev-w0.05,0.050,23,1538,757,8,0.013101,0.000270,117393,29650,29667
sort,h32,h32/best-ev-w0.05,0.050,24,1493,819,0,0.012718,0.000000,117393,29650,29667
sort,h32,h32/best-ev-w0.05,0.050,25,1513,785,3,0.012888,0.000101,117393,29650,29667
sort,h32,h32/best-ev-w0.05,0.050,26,1485,793,0,0.012650,0.000000,117393,29650,29667
sort,h32,h32/best-ev-w0.05,0.050,27,1922,1285,153,0.016372,0.005160,117393,29650,29667
sort,h32,h32/best-ev-w0.05,0.050,28,1476,768,0,0.012573,0.000000,117393,29650,29667
sort,h32,h32/best-ev-w0.05,0.050,29,35405,24558,12188,0.301594,0.411062,117393,29650,29667
sort,h32,h32/best-ev-w0.05,0.050,30,1472,725,0,0.012539,0.000000,117393,29650,29667
sort,h32,h32/best-ev-w0.05,0.050,31,1468,840,0,0.012505,0.000000,117393,29650,29667
sort,h32,h32/best-ev-w0.05,0.050,32,1468,691,0,0.012505,0.000000,117393,29650,29667
sort,h32,h32/best-ev-w0.25,0.250,1,826,336,157,0.014787,0.008484,55859,18506,29667
sort,h32,h32/best-ev-w0.25,0.250,2,584,467,0,0.010455,0.000000,55859,18506,29667
sort,h32,h32/best-ev-w0.25,0.250,3,579,150,0,0.010365,0.000000,55859,18506,29667
sort,h32,h32/best-ev-w0.25,0.250,4,579,441,0,0.010365,0.000000,55859,18506,29667
sort,h32,h32/best-ev-w0.25,0.250,5,578,163,0,0.010347,0.000000,55859,18506,29667
sort,h32,h32/best-ev-w0.25,0.250,6,579,423,0,0.010365,0.000000,55859,18506,29667
sort,h32,h32/best-ev-w0.25,0.250,7,577,128,0,0.010330,0.000000,55859,18506,29667
sort,h32,h32/best-ev-w0.25,0.250,8,575,412,0,0.010294,0.000000,55859,18506,29667
sort,h32,h32/best-ev-w0.25,0.250,9,35125,34718,17277,0.628815,0.933589,55859,18506,29667
sort,h32,h32/best-ev-w0.25,0.250,10,569,411,0,0.010186,0.000000,55859,18506,29667
sort,h32,h32/best-ev-w0.25,0.250,11,567,187,0,0.010151,0.000000,55859,18506,29667
sort,h32,h32/best-ev-w0.25,0.250,12,565,386,0,0.010115,0.000000,55859,18506,29667
sort,h32,h32/best-ev-w0.25,0.250,13,564,224,0,0.010097,0.000000,55859,18506,29667
sort,h32,h32/best-ev-w0.25,0.250,14,564,384,0,0.010097,0.000000,55859,18506,29667
sort,h32,h32/best-ev-w0.25,0.250,15,563,222,0,0.010079,0.000000,55859,18506,29667
sort,h32,h32/best-ev-w0.25,0.250,16,560,353,0,0.010025,0.000000,55859,18506,29667
sort,h32,h32/best-ev-w0.25,0.250,17,560,227,0,0.010025,0.000000,55859,18506,29667
sort,h32,h32/best-ev-w0.25,0.250,18,576,351,5,0.010312,0.000270,55859,18506,29667
sort,h32,h32/best-ev-w0.25,0.250,19,556,236,0,0.009954,0.000000,55859,18506,29667
sort,h32,h32/best-ev-w0.25,0.250,20,557,313,0,0.009972,0.000000,55859,18506,29667
sort,h32,h32/best-ev-w0.25,0.250,21,560,271,1,0.010025,0.000054,55859,18506,29667
sort,h32,h32/best-ev-w0.25,0.250,22,552,306,0,0.009882,0.000000,55859,18506,29667
sort,h32,h32/best-ev-w0.25,0.250,23,566,268,3,0.010133,0.000162,55859,18506,29667
sort,h32,h32/best-ev-w0.25,0.250,24,600,340,12,0.010741,0.000648,55859,18506,29667
sort,h32,h32/best-ev-w0.25,0.250,25,1355,819,265,0.024258,0.014320,55859,18506,29667
sort,h32,h32/best-ev-w0.25,0.250,26,561,298,5,0.010043,0.000270,55859,18506,29667
sort,h32,h32/best-ev-w0.25,0.250,27,2407,1564,654,0.043091,0.035340,55859,18506,29667
sort,h32,h32/best-ev-w0.25,0.250,28,539,272,0,0.009649,0.000000,55859,18506,29667
sort,h32,h32/best-ev-w0.25,0.250,29,902,553,127,0.016148,0.006863,55859,18506,29667
sort,h32,h32/best-ev-w0.25,0.250,30,540,257,0,0.009667,0.000000,55859,18506,29667
sort,h32,h32/best-ev-w0.25,0.250,31,537,299,0,0.009613,0.000000,55859,18506,29667
sort,h32,h32/best-ev-w0.25,0.250,32,537,240,0,0.009613,0.000000,55859,18506,29667
sort,h32,h32/uniform-random-w0.01,0.010,1,3655,1267,4,0.027562,0.000635,132608,6301,29667
sort,h32,h32/uniform-random-w0.01,0.010,2,3677,2930,0,0.027728,0.000000,132608,6301,29667
sort,h32,h32/uniform-random-w0.01,0.010,3,3658,1113,7,0.027585,0.001111,132608,6301,29667
sort,h32,h32/uniform-random-w0.01,0.010,4,3679,2756,0,0.027743,0.000000,132608,6301,29667
sort,h32,h32/uniform-random-w0.01,0.010,5,3640,1123,0,0.027449,0.000000,132608,6301,29667
sort,h32,h32/uniform-random-w0.01,0.010,6,3632,2536,0,0.027389,0.000000,132608,6301,29667
sort,h32,h32/uniform-random-w0.01,0.010,7,3606,903,0,0.027193,0.000000,132608,6301,29667
sort,h32,h32/uniform-random-w0.01,0.010,8,3635,2499,0,0.027412,0.000000,132608,6301,29667
sort,h32,h32/uniform-random-w0.01,0.010,9,4612,2214,536,0.034779,0.085066,132608,6301,29667
sort,h32,h32/uniform-random-w0.01,0.010,10,4666,3618,520,0.035186,0.082527,132608,6301,29667
sort,h32,h32/uniform-random-w0.01,0.010,11,3644,1225,0,0.027479,0.000000,132608,6301,29667
sort,h32,h32/uniform-random-w0.01,0.010,12,3654,2463,0,0.027555,0.000000,132608,6301,29667
sort,h32,h32/uniform-random-w0.01,0.010,13,3654,1535,0,0.027555,0.000000,132608,6301,29667
sort,h32,h32/uniform-random-w0.01,0.010,14,3660,2408,0,0.027600,0.000000,132608,6301,29667
sort,h32,h32/uniform-random-w0.01,0.010,15,3632,1483,0,0.027389,0.000000,132608,6301,29667
sort,h32,h32/uniform-random-w0.01,0.010,16,3636,2229,0,0.027419,0.000000,132608,6301,29667
sort,h32,h32/uniform-random-w0.01,0.010,17,3608,1530,0,0.027208,0.000000,132608,6301,29667
sort,h32,h32/uniform-random-w0.01,0.010,18,8481,5111,1751,0.063955,0.277892,132608,6301,29667
sort,h32,h32/uniform-random-w0.01,0.010,19,3629,1524,0,0.027366,0.000000,132608,6301,29667
sort,h32,h32/uniform-random-w0.01,0.010,20,3626,1841,0,0.027344,0.000000,132608,6301,29667
sort,h32,h32/uniform-random-w0.01,0.010,21,8319,4616,1654,0.062734,0.262498,132608,6301,29667
sort,h32,h32/uniform-random-w0.01,0.010,22,3630,1859,0,0.027374,0.000000,132608,6301,29667
sort,h32,h32/uniform-random-w0.01,0.010,23,4414,2280,297,0.033286,0.047135,132608,6301,29667
sort,h32,h32/uniform-random-w0.01,0.010,24,3610,1846,1,0.027223,0.000159,132608,6301,29667
sort,h32,h32/uniform-random-w0.01,0.010,25,5635,3260,770,0.042494,0.122203,132608,6301,29667
sort,h32,h32/uniform-random-w0.01,0.010,26,3617,1769,0,0.027276,0.000000,132608,6301,29667
sort,h32,h32/uniform-random-w0.01,0.010,27,4593,3098,393,0.034636,0.062371,132608,6301,29667
sort,h32,h32/uniform-random-w0.01,0.010,28,3624,1727,0,0.027329,0.000000,132608,6301,29667
sort,h32,h32/uniform-random-w0.01,0.010,29,4549,2659,368,0.034304,0.058403,132608,6301,29667
sort,h32,h32/uniform-random-w0.01,0.010,30,3633,1658,0,0.027397,0.000000,132608,6301,29667
sort,h32,h32/uniform-random-w0.01,0.010,31,3670,1946,0,0.027676,0.000000,132608,6301,29667
sort,h32,h32/uniform-random-w0.01,0.010,32,3630,1605,0,0.027374,0.000000,132608,6301,29667
sort,h32,h32/uniform-random-w0.02,0.020,1,2696,926,4,0.026413,0.000635,102071,6303,29667
sort,h32,h32/uniform-random-w0.02,0.020,2,2717,2169,0,0.026619,0.000000,102071,6303,29667
sort,h32,h32/uniform-random-w0.02,0.020,3,2698,817,7,0.026433,0.001111,102071,6303,29667
sort,h32,h32/uniform-random-w0.02,0.020,4,2719,2040,0,0.026638,0.000000,102071,6303,29667
sort,h32,h32/uniform-random-w0.02,0.020,5,2681,818,0,0.026266,0.000000,102071,6303,29667
sort,h32,h32/uniform-random-w0.02,0.020,6,2676,1875,0,0.026217,0.000000,102071,6303,29667
sort,h32,h32/uniform-random-w0.02,0.020,7,2646,653,0,0.025923,0.000000,102071,6303,29667
sort,h32,h32/uniform-random-w0.02,0.020,8,2676,1856,0,0.026217,0.000000,102071,6303,29667
sort,h32,h32/uniform-random-w0.02,0.020,9,3672,1900,536,0.035975,0.085039,102071,6303,29667
sort,h32,h32/uniform-random-w0.02,0.020,10,3726,2956,520,0.036504,0.082500,102071,6303,29667
sort,h32,h32/uniform-random-w0.02,0.020,11,2684,888,0,0.026295,0.000000,102071,6303,29667
sort,h32,h32/uniform-random-w0.02,0.020,12,2693,1816,0,0.026384,0.000000,102071,6303,29667
sort,h32,h32/uniform-random-w0.02,0.020,13,2694,1123,0,0.026393,0.000000,102071,6303,29667
sort,h32,h32/uniform-random-w0.02,0.020,14,2700,1786,0,0.026452,0.000000,102071,6303,29667
sort,h32,h32/uniform-random-w0.02,0.020,15,2673,1078,0,0.026188,0.000000,102071,6303,29667
sort,h32,h32/uniform-random-w0.02,0.020,16,2676,1648,0,0.026217,0.000000,102071,6303,29667
sort,h32,h32/uniform-random-w0.02,0.020,17,2649,1117,0,0.025953,0.000000,102071,6303,29667
sort,h32,h32/uniform-random-w0.02,0.020,18,7535,4571,1752,0.073821,0.277963,102071,6303,29667
sort,h32,h32/uniform-random-w0.02,0.020,19,2670,1109,0,0.026158,0.000000,102071,6303,29667
sort,h32,h32/uniform-random-w0.02,0.020,20,2666,1364,0,0.026119,0.000000,102071,6303,29667
sort,h32,h32/uniform-random-w0.02,0.020,21,7377,4152,1655,0.072273,0.262573,102071,6303,29667
sort,h32,h32/uniform-random-w0.02,0.020,22,2671,1379,0,0.026168,0.000000,102071,6303,29667
sort,h32,h32/uniform-random-w0.02,0.020,23,3466,1814,297,0.033957,0.047120,102071,6303,29667
sort,h32,h32/uniform-random-w0.02,0.020,24,2652,1361,1,0.025982,0.000159,102071,6303,29667
sort,h32,h32/uniform-random-w0.02,0.020,25,4697,2754,770,0.046017,0.122164,102071,6303,29667
sort,h32,h32/uniform-random-w0.02,0.020,26,2657,1318,0,0.026031,0.000000,102071,6303,29667
sort,h32,h32/uniform-random-w0.02,0.020,27,3654,2457,393,0.035799,0.062351,102071,6303,29667
sort,h32,h32/uniform-random-w0.02,0.020,28,2664,1276,0,0.026099,0.000000,102071,6303,29667
sort,h32,h32/uniform-random-w0.02,0.020,29,3630,2151,368,0.035563,0.058385,102071,6303,29667
sort,h32,h32/uniform-random-w0.02,0.020,30,2674,1226,0,0.026197,0.000000,102071,6303,29667
sort,h32,h32/uniform-random-w0.02,0.020,31,2712,1440,0,0.026570,0.000000,102071,6303,29667
sort,h32,h32/uniform-random-w0.02,0.020,32,2670,1186,0,0.026158,0.000000,102071,6303,29667
sort,h32,h32/uniform-random-w0.05,0.050,1,1637,553,4,0.023939,0.000634,68382,6306,29667
sort,h32,h32/uniform-random-w0.05,0.050,2,1656,1333,0,0.024217,0.000000,68382,6306,29667
sort,h32,h32/uniform-random-w0.05,0.050,3,1641,481,7,0.023998,0.001110,68382,6306,29667
sort,h32,h32/uniform-random-w0.05,0.050,4,1654,1243,0,0.024188,0.000000,68382,6306,29667
sort,h32,h32/uniform-random-w0.05,0.050,5,1624,477,0,0.023749,0.000000,68382,6306,29667
sort,h32,h32/uniform-random-w0.05,0.050,6,1617,1147,0,0.023647,0.000000,68382,6306,29667
sort,h32,h32/uniform-random-w0.05,0.050,7,1590,379,0,0.023252,0.000000,68382,6306,29667
sort,h32,h32/uniform-random-w0.05,0.050,8,1616,1139,0,0.023632,0.000000,68382,6306,29667
sort,h32,h32/uniform-random-w0.05,0.050,9,2638,1553,536,0.038577,0.084998,68382,6306,29667
sort,h32,h32/uniform-random-w0.05,0.050,10,2693,2227,520,0.039382,0.082461,68382,6306,29667
sort,h32,h32/uniform-random-w0.05,0.050,11,1626,526,0,0.023778,0.000000,68382,6306,29667
sort,h32,h32/uniform-random-w0.05,0.050,12,1631,1109,0,0.023851,0.000000,68382,6306,29667
sort,h32,h32/uniform-random-w0.05,0.050,13,1625,669,0,0.023764,0.000000,68382,6306,29667
sort,h32,h32/uniform-random-w0.05,0.050,14,1633,1092,0,0.023881,0.000000,68382,6306,29667
sort,h32,h32/uniform-random-w0.05,0.050,15,1613,639,0,0.023588,0.000000,68382,6306,29667
sort,h32,h32/uniform-random-w0.05,0.050,16,1615,1013,0,0.023617,0.000000,68382,6306,29667
sort,h32,h32/uniform-random-w0.05,0.050,17,1592,661,0,0.023281,0.000000,68382,6306,29667
sort,h32,h32/uniform-random-w0.05,0.050,18,6499,3979,1754,0.095040,0.278148,68382,6306,29667
sort,h32,h32/uniform-random-w0.05,0.050,19,1609,655,0,0.023530,0.000000,68382,6306,29667
sort,h32,h32/uniform-random-w0.05,0.050,20,1611,846,0,0.023559,0.000000,68382,6306,29667
sort,h32,h32/uniform-random-w0.05,0.050,21,6341,3633,1656,0.092729,0.262607,68382,6306,29667
sort,h32,h32/uniform-random-w0.05,0.050,22,1614,852,0,0.023603,0.000000,68382,6306,29667
sort,h32,h32/uniform-random-w0.05,0.050,23,2421,1299,297,0.035404,0.047098,68382,6306,29667
sort,h32,h32/uniform-random-w0.05,0.050,24,1596,829,1,0.023339,0.000159,68382,6306,29667
sort,h32,h32/uniform-random-w0.05,0.050,25,3659,2199,770,0.053508,0.122106,68382,6306,29667
sort,h32,h32/uniform-random-w0.05,0.050,26,1601,809,0,0.023413,0.000000,68382,6306,29667
sort,h32,h32/uniform-random-w0.05,0.050,27,2618,1744,393,0.038285,0.062322,68382,6306,29667
sort,h32,h32/uniform-random-w0.05,0.050,28,1605,774,0,0.023471,0.000000,68382,6306,29667
sort,h32,h32/uniform-random-w0.05,0.050,29,2622,1594,368,0.038343,0.058357,68382,6306,29667
sort,h32,h32/uniform-random-w0.05,0.050,30,1621,757,0,0.023705,0.000000,68382,6306,29667
sort,h32,h32/uniform-random-w0.05,0.050,31,1649,869,0,0.024115,0.000000,68382,6306,29667
sort,h32,h32/uniform-random-w0.05,0.050,32,1615,718,0,0.023617,0.000000,68382,6306,29667
sort,h32,h32/uniform-random-w0.10,0.100,1,1036,344,4,0.021048,0.000634,49220,6307,29667
sort,h32,h32/uniform-random-w0.10,0.100,2,1048,847,0,0.021292,0.000000,49220,6307,29667
sort,h32,h32/uniform-random-w0.10,0.100,3,1028,295,7,0.020886,0.001110,49220,6307,29667
sort,h32,h32/uniform-random-w0.10,0.100,4,1050,787,0,0.021333,0.000000,49220,6307,29667
sort,h32,h32/uniform-random-w0.10,0.100,5,1011,287,0,0.020540,0.000000,49220,6307,29667
sort,h32,h32/uniform-random-w0.10,0.100,6,1019,728,0,0.020703,0.000000,49220,6307,29667
sort,h32,h32/uniform-random-w0.10,0.100,7,993,228,0,0.020175,0.000000,49220,6307,29667
sort,h32,h32/uniform-random-w0.10,0.100,8,1016,728,0,0.020642,0.000000,49220,6307,29667
sort,h32,h32/uniform-random-w0.10,0.100,9,2047,1364,536,0.041589,0.084985,49220,6307,29667
sort,h32,h32/uniform-random-w0.10,0.100,10,2092,1798,520,0.042503,0.082448,49220,6307,29667
sort,h32,h32/uniform-random-w0.10,0.100,11,1019,324,0,0.020703,0.000000,49220,6307,29667
sort,h32,h32/uniform-random-w0.10,0.100,12,1026,698,0,0.020845,0.000000,49220,6307,29667
sort,h32,h32/uniform-random-w0.10,0.100,13,1022,414,0,0.020764,0.000000,49220,6307,29667
sort,h32,h32/uniform-random-w0.10,0.100,14,1018,683,0,0.020683,0.000000,49220,6307,29667
sort,h32,h32/uniform-random-w0.10,0.100,15,1001,393,0,0.020337,0.000000,49220,6307,29667
sort,h32,h32/uniform-random-w0.10,0.100,16,1013,637,0,0.020581,0.000000,49220,6307,29667
sort,h32,h32/uniform-random-w0.10,0.100,17,990,395,0,0.020114,0.000000,49220,6307,29667
sort,h32,h32/uniform-random-w0.10,0.100,18,5907,3633,1754,0.120012,0.278104,49220,6307,29667
sort,h32,h32/uniform-random-w0.10,0.100,19,1013,411,0,0.020581,0.000000,49220,6307,29667
sort,h32,h32/uniform-random-w0.10,0.100,20,1014,545,0,0.020601,0.000000,49220,6307,29667
sort,h32,h32/uniform-random-w0.10,0.100,21,5755,3353,1657,0.116924,0.262724,49220,6307,29667
sort,h32,h32/uniform-random-w0.10,0.100,22,1011,534,0,0.020540,0.000000,49220,6307,29667
sort,h32,h32/uniform-random-w0.10,0.100,23,1828,1012,297,0.037139,0.047091,49220,6307,29667
sort,h32,h32/uniform-random-w0.10,0.100,24,995,523,1,0.020215,0.000159,49220,6307,29667
sort,h32,h32/uniform-random-w0.10,0.100,25,3081,1904,770,0.062597,0.122087,49220,6307,29667
sort,h32,h32/uniform-random-w0.10,0.100,26,1013,522,0,0.020581,0.000000,49220,6307,29667
sort,h32,h32/uniform-random-w0.10,0.100,27,2030,1351,393,0.041243,0.062312,49220,6307,29667
sort,h32,h32/uniform-random-w0.10,0.100,28,1017,491,0,0.020662,0.000000,49220,6307,29667
sort,h32,h32/uniform-random-w0.10,0.100,29,2055,1287,368,0.041751,0.058348,49220,6307,29667
sort,h32,h32/uniform-random-w0.10,0.100,30,1014,475,0,0.020601,0.000000,49220,6307,29667
sort,h32,h32/uniform-random-w0.10,0.100,31,1036,554,0,0.021048,0.000000,49220,6307,29667
sort,h32,h32/uniform-random-w0.10,0.100,32,1022,449,0,0.020764,0.000000,49220,6307,29667
sort,h32,h32/uniform-random-w0.25,0.250,1,591,195,6,0.026405,0.003304,22382,1816,29667
sort,h32,h32/uniform-random-w0.25,0.250,2,584,473,0,0.026092,0.000000,22382,1816,29667
sort,h32,h32/uniform-random-w0.25,0.250,3,573,162,11,0.025601,0.006057,22382,1816,29667
sort,h32,h32/uniform-random-w0.25,0.250,4,580,430,0,0.025914,0.000000,22382,1816,29667
sort,h32,h32/uniform-random-w0.25,0.250,5,562,157,0,0.025109,0.000000,22382,1816,29667
sort,h32,h32/uniform-random-w0.25,0.250,6,579,415,0,0.025869,0.000000,22382,1816,29667
sort,h32,h32/uniform-random-w0.25,0.250,7,552,125,0,0.024663,0.000000,22382,1816,29667
sort,h32,h32/uniform-random-w0.25,0.250,8,561,402,0,0.025065,0.000000,22382,1816,29667
sort,h32,h32/uniform-random-w0.25,0.250,9,1615,1233,536,0.072156,0.295154,22382,1816,29667
sort,h32,h32/uniform-random-w0.25,0.250,10,1644,1477,520,0.073452,0.286344,22382,1816,29667
sort,h32,h32/uniform-random-w0.25,0.250,11,566,177,0,0.025288,0.000000,22382,1816,29667
sort,h32,h32/uniform-random-w0.25,0.250,12,577,390,0,0.025780,0.000000,22382,1816,29667
sort,h32,h32/uniform-random-w0.25,0.250,13,567,229,0,0.025333,0.000000,22382,1816,29667
sort,h32,h32/uniform-random-w0.25,0.250,14,572,387,0,0.025556,0.000000,22382,1816,29667
sort,h32,h32/uniform-random-w0.25,0.250,15,553,215,0,0.024707,0.000000,22382,1816,29667
sort,h32,h32/uniform-random-w0.25,0.250,16,571,357,0,0.025512,0.000000,22382,1816,29667
sort,h32,h32/uniform-random-w0.25,0.250,17,554,220,0,0.024752,0.000000,22382,1816,29667
sort,h32,h32/uniform-random-w0.25,0.250,18,798,480,77,0.035654,0.042401,22382,1816,29667
sort,h32,h32/uniform-random-w0.25,0.250,19,570,235,0,0.025467,0.000000,22382,1816,29667
sort,h32,h32/uniform-random-w0.25,0.250,20,569,311,0,0.025422,0.000000,22382,1816,29667
sort,h32,h32/uniform-random-w0.25,0.250,21,602,287,7,0.026897,0.003855,22382,1816,29667
sort,h32,h32/uniform-random-w0.25,0.250,22,561,295,0,0.025065,0.000000,22382,1816,29667
sort,h32,h32/uniform-random-w0.25,0.250,23,665,342,33,0.029711,0.018172,22382,1816,29667
sort,h32,h32/uniform-random-w0.25,0.250,24,566,295,1,0.025288,0.000551,22382,1816,29667
sort,h32,h32/uniform-random-w0.25,0.250,25,1498,881,354,0.066929,0.194934,22382,1816,29667
sort,h32,h32/uniform-random-w0.25,0.250,26,564,285,0,0.025199,0.000000,22382,1816,29667
sort,h32,h32/uniform-random-w0.25,0.250,27,1195,780,231,0.053391,0.127203,22382,1816,29667
sort,h32,h32/uniform-random-w0.25,0.250,28,571,280,0,0.025512,0.000000,22382,1816,29667
sort,h32,h32/uniform-random-w0.25,0.250,29,703,410,40,0.031409,0.022026,22382,1816,29667
sort,h32,h32/uniform-random-w0.25,0.250,30,562,268,0,0.025109,0.000000,22382,1816,29667
sort,h32,h32/uniform-random-w0.25,0.250,31,574,302,0,0.025646,0.000000,22382,1816,29667
sort,h32,h32/uniform-random-w0.25,0.250,32,583,260,0,0.026048,0.000000,22382,1816,29667
sort,h32,h32/pooled-w0.05,0.050,1,1167,1160,545,0.031594,0.031532,36937,17284,29667
sort,h32,h32/pooled-w0.05,0.050,2,1178,1175,554,0.031892,0.032053,36937,17284,29667
sort,h32,h32/pooled-w0.05,0.050,3,1157,1153,546,0.031324,0.031590,36937,17284,29667
sort,h32,h32/pooled-w0.05,0.050,4,1183,1182,537,0.032028,0.031069,36937,17284,29667
sort,h32,h32/pooled-w0.05,0.050,5,1165,1163,578,0.031540,0.033441,36937,17284,29667
sort,h32,h32/pooled-w0.05,0.050,6,1179,1176,564,0.031919,0.032631,36937,17284,29667
sort,h32,h32/pooled-w0.05,0.050,7,1135,1132,519,0.030728,0.030028,36937,17284,29667
sort,h32,h32/pooled-w0.05,0.050,8,1141,1139,550,0.030890,0.031821,36937,17284,29667
sort,h32,h32/pooled-w0.05,0.050,9,1173,1170,567,0.031757,0.032805,36937,17284,29667
sort,h32,h32/pooled-w0.05,0.050,10,1140,1137,525,0.030863,0.030375,36937,17284,29667
sort,h32,h32/pooled-w0.05,0.050,11,1166,1164,566,0.031567,0.032747,36937,17284,29667
sort,h32,h32/pooled-w0.05,0.050,12,1105,1100,518,0.029916,0.029970,36937,17284,29667
sort,h32,h32/pooled-w0.05,0.050,13,1140,1136,536,0.030863,0.031011,36937,17284,29667
sort,h32,h32/pooled-w0.05,0.050,14,1179,1175,554,0.031919,0.032053,36937,17284,29667
sort,h32,h32/pooled-w0.05,0.050,15,1122,1119,520,0.030376,0.030086,36937,17284,29667
sort,h32,h32/pooled-w0.05,0.050,16,1120,1117,525,0.030322,0.030375,36937,17284,29667
sort,h32,h32/pooled-w0.05,0.050,17,1150,1146,518,0.031134,0.029970,36937,17284,29667
sort,h32,h32/pooled-w0.05,0.050,18,1130,1127,534,0.030593,0.030896,36937,17284,29667
sort,h32,h32/pooled-w0.05,0.050,19,1162,1158,542,0.031459,0.031358,36937,17284,29667
sort,h32,h32/pooled-w0.05,0.050,20,1161,1159,554,0.031432,0.032053,36937,17284,29667
sort,h32,h32/pooled-w0.05,0.050,21,1200,1194,552,0.032488,0.031937,36937,17284,29667
sort,h32,h32/pooled-w0.05,0.050,22,1224,1216,567,0.033138,0.032805,36937,17284,29667
sort,h32,h32/pooled-w0.05,0.050,23,1164,1160,533,0.031513,0.030838,36937,17284,29667
sort,h32,h32/pooled-w0.05,0.050,24,1101,1096,521,0.029808,0.030143,36937,17284,29667
sort,h32,h32/pooled-w0.05,0.050,25,1175,1172,542,0.031811,0.031358,36937,17284,29667
sort,h32,h32/pooled-w0.05,0.050,26,1139,1134,509,0.030836,0.029449,36937,17284,29667
sort,h32,h32/pooled-w0.05,0.050,27,1139,1137,541,0.030836,0.031301,36937,17284,29667
sort,h32,h32/pooled-w0.05,0.050,28,1133,1130,510,0.030674,0.029507,36937,17284,29667
sort,h32,h32/pooled-w0.05,0.050,29,1149,1144,532,0.031107,0.030780,36937,17284,29667
sort,h32,h32/pooled-w0.05,0.050,30,1131,1126,540,0.030620,0.031243,36937,17284,29667
sort,h32,h32/pooled-w0.05,0.050,31,1130,1130,533,0.030593,0.030838,36937,17284,29667
sort,h32,h32/pooled-w0.05,0.050,32,1199,1193,552,0.032461,0.031937,36937,17284,29667
sort,h32,h32/pooled-w0.25,0.250,1,1107,1105,565,0.031397,0.032689,35258,17284,29667
sort,h32,h32/pooled-w0.25,0.250,2,1152,1150,600,0.032673,0.034714,35258,17284,29667
sort,h32,h32/pooled-w0.25,0.250,3,1107,1104,546,0.031397,0.031590,35258,17284,29667
sort,h32,h32/pooled-w0.25,0.250,4,1134,1131,592,0.032163,0.034251,35258,17284,29667
sort,h32,h32/pooled-w0.25,0.250,5,1117,1116,548,0.031681,0.031706,35258,17284,29667
sort,h32,h32/pooled-w0.25,0.250,6,1116,1116,551,0.031652,0.031879,35258,17284,29667
sort,h32,h32/pooled-w0.25,0.250,7,1056,1055,501,0.029951,0.028986,35258,17284,29667
sort,h32,h32/pooled-w0.25,0.250,8,1093,1092,538,0.031000,0.031127,35258,17284,29667
sort,h32,h32/pooled-w0.25,0.250,9,1109,1108,532,0.031454,0.030780,35258,17284,29667
sort,h32,h32/pooled-w0.25,0.250,10,1084,1083,512,0.030745,0.029623,35258,17284,29667
sort,h32,h32/pooled-w0.25,0.250,11,1099,1097,548,0.031170,0.031706,35258,17284,29667
sort,h32,h32/pooled-w0.25,0.250,12,1053,1052,512,0.029866,0.029623,35258,17284,29667
sort,h32,h32/pooled-w0.25,0.250,13,1071,1071,530,0.030376,0.030664,35258,17284,29667
sort,h32,h32/pooled-w0.25,0.250,14,1138,1137,538,0.032276,0.031127,35258,17284,29667
sort,h32,h32/pooled-w0.25,0.250,15,1085,1085,537,0.030773,0.031069,35258,17284,29667
sort,h32,h32/pooled-w0.25,0.250,16,1084,1084,522,0.030745,0.030201,35258,17284,29667
sort,h32,h32/pooled-w0.25,0.250,17,1095,1095,526,0.031057,0.030433,35258,17284,29667
sort,h32,h32/pooled-w0.25,0.250,18,1089,1089,513,0.030887,0.029681,35258,17284,29667
sort,h32,h32/pooled-w0.25,0.250,19,1110,1109,535,0.031482,0.030953,35258,17284,29667
sort,h32,h32/pooled-w0.25,0.250,20,1115,1113,560,0.031624,0.032400,35258,17284,29667
sort,h32,h32/pooled-w0.25,0.250,21,1146,1144,560,0.032503,0.032400,35258,17284,29667
sort,h32,h32/pooled-w0.25,0.250,22,1168,1165,552,0.033127,0.031937,35258,17284,29667
sort,h32,h32/pooled-w0.25,0.250,23,1111,1111,550,0.031511,0.031821,35258,17284,29667
sort,h32,h32/pooled-w0.25,0.250,24,1055,1054,524,0.029922,0.030317,35258,17284,29667
sort,h32,h32/pooled-w0.25,0.250,25,1106,1106,521,0.031369,0.030143,35258,17284,29667
sort,h32,h32/pooled-w0.25,0.250,26,1096,1094,548,0.031085,0.031706,35258,17284,29667
sort,h32,h32/pooled-w0.25,0.250,27,1087,1083,526,0.030830,0.030433,35258,17284,29667
sort,h32,h32/pooled-w0.25,0.250,28,1064,1064,517,0.030178,0.029912,35258,17284,29667
sort,h32,h32/pooled-w0.25,0.250,29,1119,1119,527,0.031737,0.030491,35258,17284,29667
sort,h32,h32/pooled-w0.25,0.250,30,1073,1071,546,0.030433,0.031590,35258,17284,29667
sort,h32,h32/pooled-w0.25,0.250,31,1094,1093,550,0.031028,0.031821,35258,17284,29667
sort,h32,h32/pooled-w0.25,0.250,32,1125,1124,557,0.031908,0.032226,35258,17284,29667
sort,h32,h32/best-ev-tested-w0.05,0.050,1,2355,723,1,0.019720,0.000034,119423,29499,29667
sort,h32,h32/best-ev-tested-w0.05,0.050,2,2284,1785,0,0.019125,0.000000,119423,29499,29667
sort,h32,h32/best-ev-tested-w0.05,0.050,3,2195,605,0,0.018380,0.000000,119423,29499,29667
sort,h32,h32/best-ev-tested-w0.05,0.050,4,2141,1612,0,0.017928,0.000000,119423,29499,29667
sort,h32,h32/best-ev-tested-w0.05,0.050,5,2043,613,0,0.017107,0.000000,119423,29499,29667
sort,h32,h32/best-ev-tested-w0.05,0.050,6,1922,1405,0,0.016094,0.000000,119423,29499,29667
sort,h32,h32/best-ev-tested-w0.05,0.050,7,1849,408,0,0.015483,0.000000,119423,29499,29667
sort,h32,h32/best-ev-tested-w0.05,0.050,8,1765,1265,0,0.014779,0.000000,119423,29499,29667
sort,h32,h32/best-ev-tested-w0.05,0.050,9,36049,34828,17173,0.301860,0.582155,119423,29499,29667
sort,h32,h32/best-ev-tested-w0.05,0.050,10,1652,1193,0,0.013833,0.000000,119423,29499,29667
sort,h32,h32/best-ev-tested-w0.05,0.050,11,1613,532,0,0.013507,0.000000,119423,29499,29667
sort,h32,h32/best-ev-tested-w0.05,0.050,12,1590,1092,0,0.013314,0.000000,119423,29499,29667
sort,h32,h32/best-ev-tested-w0.05,0.050,13,1575,653,0,0.013188,0.000000,119423,29499,29667
sort,h32,h32/best-ev-tested-w0.05,0.050,14,1526,1058,0,0.012778,0.000000,119423,29499,29667
sort,h32,h32/best-ev-tested-w0.05,0.050,15,1515,619,0,0.012686,0.000000,119423,29499,29667
sort,h32,h32/best-ev-tested-w0.05,0.050,16,1486,971,0,0.012443,0.000000,119423,29499,29667
sort,h32,h32/best-ev-tested-w0.05,0.050,17,1465,638,0,0.012267,0.000000,119423,29499,29667
sort,h32,h32/best-ev-tested-w0.05,0.050,18,1733,1032,84,0.014511,0.002848,119423,29499,29667
sort,h32,h32/best-ev-tested-w0.05,0.050,19,1424,601,0,0.011924,0.000000,119423,29499,29667
sort,h32,h32/best-ev-tested-w0.05,0.050,20,1386,728,0,0.011606,0.000000,119423,29499,29667
sort,h32,h32/best-ev-tested-w0.05,0.050,21,1373,670,0,0.011497,0.000000,119423,29499,29667
sort,h32,h32/best-ev-tested-w0.05,0.050,22,1375,737,0,0.011514,0.000000,119423,29499,29667
sort,h32,h32/best-ev-tested-w0.05,0.050,23,1428,679,10,0.011957,0.000339,119423,29499,29667
sort,h32,h32/best-ev-tested-w0.05,0.050,24,1360,719,0,0.011388,0.000000,119423,29499,29667
sort,h32,h32/best-ev-tested-w0.05,0.050,25,1675,897,108,0.014026,0.003661,119423,29499,29667
sort,h32,h32/best-ev-tested-w0.05,0.050,26,1332,677,0,0.011154,0.000000,119423,29499,29667
sort,h32,h32/best-ev-tested-w0.05,0.050,27,2391,1640,357,0.020021,0.012102,119423,29499,29667
sort,h32,h32/best-ev-tested-w0.05,0.050,28,1289,640,0,0.010794,0.000000,119423,29499,29667
sort,h32,h32/best-ev-tested-w0.05,0.050,29,33932,23632,11766,0.284133,0.398861,119423,29499,29667
sort,h32,h32/best-ev-tested-w0.05,0.050,30,1233,624,0,0.010325,0.000000,119423,29499,29667
sort,h32,h32/best-ev-tested-w0.05,0.050,31,1232,712,0,0.010316,0.000000,119423,29499,29667
sort,h32,h32/best-ev-tested-w0.05,0.050,32,1235,599,0,0.010341,0.000000,119423,29499,29667
sort,h32,h32/best-ev-tested-w0.25,0.250,1,931,374,163,0.017142,0.009090,54310,17931,29667
sort,h32,h32/best-ev-tested-w0.25,0.250,2,670,526,0,0.012337,0.000000,54310,17931,29667
sort,h32,h32/best-ev-tested-w0.25,0.250,3,658,178,0,0.012116,0.000000,54310,17931,29667
sort,h32,h32/best-ev-tested-w0.25,0.250,4,650,485,0,0.011968,0.000000,54310,17931,29667
sort,h32,h32/best-ev-tested-w0.25,0.250,5,648,183,0,0.011932,0.000000,54310,17931,29667
sort,h32,h32/best-ev-tested-w0.25,0.250,6,635,457,0,0.011692,0.000000,54310,17931,29667
sort,h32,h32/best-ev-tested-w0.25,0.250,7,621,138,0,0.011434,0.000000,54310,17931,29667
sort,h32,h32/best-ev-tested-w0.25,0.250,8,614,441,0,0.011305,0.000000,54310,17931,29667
sort,h32,h32/best-ev-tested-w0.25,0.250,9,35098,34675,17252,0.646253,0.962133,54310,17931,29667
sort,h32,h32/best-ev-tested-w0.25,0.250,10,594,427,0,0.010937,0.000000,54310,17931,29667
sort,h32,h32/best-ev-tested-w0.25,0.250,11,591,197,0,0.010882,0.000000,54310,17931,29667
sort,h32,h32/best-ev-tested-w0.25,0.250,12,587,405,0,0.010808,0.000000,54310,17931,29667
sort,h32,h32/best-ev-tested-w0.25,0.250,13,584,232,0,0.010753,0.000000,54310,17931,29667
sort,h32,h32/best-ev-tested-w0.25,0.250,14,578,390,0,0.010643,0.000000,54310,17931,29667
sort,h32,h32/best-ev-tested-w0.25,0.250,15,566,229,0,0.010422,0.000000,54310,17931,29667
sort,h32,h32/best-ev-tested-w0.25,0.250,16,556,349,0,0.010238,0.000000,54310,17931,29667
sort,h32,h32/best-ev-tested-w0.25,0.250,17,549,232,0,0.010109,0.000000,54310,17931,29667
sort,h32,h32/best-ev-tested-w0.25,0.250,18,639,382,26,0.011766,0.001450,54310,17931,29667
sort,h32,h32/best-ev-tested-w0.25,0.250,19,546,232,0,0.010053,0.000000,54310,17931,29667
sort,h32,h32/best-ev-tested-w0.25,0.250,20,530,288,0,0.009759,0.000000,54310,17931,29667
sort,h32,h32/best-ev-tested-w0.25,0.250,21,528,256,0,0.009722,0.000000,54310,17931,29667
sort,h32,h32/best-ev-tested-w0.25,0.250,22,522,280,0,0.009611,0.000000,54310,17931,29667
sort,h32,h32/best-ev-tested-w0.25,0.250,23,516,249,1,0.009501,0.000056,54310,17931,29667
sort,h32,h32/best-ev-tested-w0.25,0.250,24,544,317,9,0.010017,0.000502,54310,17931,29667
sort,h32,h32/best-ev-tested-w0.25,0.250,25,605,326,29,0.011140,0.001617,54310,17931,29667
sort,h32,h32/best-ev-tested-w0.25,0.250,26,529,287,6,0.009740,0.000335,54310,17931,29667
sort,h32,h32/best-ev-tested-w0.25,0.250,27,1167,760,235,0.021488,0.013106,54310,17931,29667
sort,h32,h32/best-ev-tested-w0.25,0.250,28,499,245,0,0.009188,0.000000,54310,17931,29667
sort,h32,h32/best-ev-tested-w0.25,0.250,29,1109,657,210,0.020420,0.011712,54310,17931,29667
sort,h32,h32/best-ev-tested-w0.25,0.250,30,487,234,0,0.008967,0.000000,54310,17931,29667
sort,h32,h32/best-ev-tested-w0.25,0.250,31,482,267,0,0.008875,0.000000,54310,17931,29667
sort,h32,h32/best-ev-tested-w0.25,0.250,32,477,214,0,0.008783,0.000000,54310,17931,29667
tsort,coarse,coarse/best-ev-w0.05,0.050,1,73178,44602,10325,0.208326,0.237247,351266,43520,97428
tsort,coarse,coarse/best-ev-w0.05,0.050,2,47126,31308,169,0.134160,0.003883,351266,43520,97428
tsort,coarse,coarse/best-ev-w0.05,0.050,4,91150,69001,30852,0.259490,0.708915,351266,43520,97428
tsort,coarse,coarse/best-ev-w0.05,0.050,8,45091,29159,205,0.128367,0.004710,351266,43520,97428
tsort,coarse,coarse/best-ev-w0.05,0.050,16,50792,29003,1688,0.144597,0.038787,351266,43520,97428
tsort,coarse,coarse/best-ev-w0.05,0.050,32,43929,24394,281,0.125059,0.006457,351266,43520,97428
tsort,coarse,coarse/best-ev-w0.25,0.250,1,33666,19997,5628,0.204725,0.183753,164445,30628,97428
tsort,coarse,coarse/best-ev-w0.25,0.250,2,21112,13681,44,0.128383,0.001437,164445,30628,97428
tsort,coarse,coarse/best-ev-w0.25,0.250,4,50297,38812,23988,0.305859,0.783205,164445,30628,97428
tsort,coarse,coarse/best-ev-w0.25,0.250,8,19844,12454,118,0.120673,0.003853,164445,30628,97428
tsort,coarse,coarse/best-ev-w0.25,0.250,16,20896,12014,732,0.127070,0.023900,164445,30628,97428
tsort,coarse,coarse/best-ev-w0.25,0.250,32,18630,10035,118,0.113290,0.003853,164445,30628,97428
tsort,coarse,coarse/uniform-random-w0.01,0.010,1,88475,56890,2971,0.172894,0.286113,511730,10384,97428
tsort,coarse,coarse/uniform-random-w0.01,0.010,2,83483,56886,114,0.163139,0.010978,511730,10384,97428
tsort,coarse,coarse/uniform-random-w0.01,0.010,4,89726,60964,5678,0.175339,0.546803,511730,10384,97428
tsort,coarse,coarse/uniform-random-w0.01,0.010,8,81490,53491,216,0.159244,0.020801,511730,10384,97428
tsort,coarse,coarse/uniform-random-w0.01,0.010,16,84473,50740,1076,0.165073,0.103621,511730,10384,97428
tsort,coarse,coarse/uniform-random-w0.01,0.010,32,84083,47404,329,0.164311,0.031683,511730,10384,97428
tsort,coarse,coarse/uniform-random-w0.02,0.020,1,73761,46949,2965,0.174087,0.293303,423702,10109,97428
tsort,coarse,coarse/uniform-random-w0.02,0.020,2,68632,46569,99,0.161982,0.009793,423702,10109,97428
tsort,coarse,coarse/uniform-random-w0.02,0.020,4,75029,51213,5559,0.177080,0.549906,423702,10109,97428
tsort,coarse,coarse/uniform-random-w0.02,0.020,8,67216,43913,199,0.158640,0.019685,423702,10109,97428
tsort,coarse,coarse/uniform-random-w0.02,0.020,16,70243,41760,1029,0.165784,0.101790,423702,10109,97428
tsort,coarse,coarse/uniform-random-w0.02,0.020,32,68821,38610,258,0.162428,0.025522,423702,10109,97428
tsort,coarse,coarse/uniform-random-w0.05,0.050,1,53290,33481,2921,0.176914,0.301538,301219,9687,97428
tsort,coarse,coarse/uniform-random-w0.05,0.050,2,48163,32296,82,0.159894,0.008465,301219,9687,97428
tsort,coarse,coarse/uniform-random-w0.05,0.050,4,55216,38011,5516,0.183308,0.569423,301219,9687,97428
tsort,coarse,coarse/uniform-random-w0.05,0.050,8,47503,30566,179,0.157703,0.018478,301219,9687,97428
tsort,coarse,coarse/uniform-random-w0.05,0.050,16,49126,28903,805,0.163091,0.083101,301219,9687,97428
tsort,coarse,coarse/uniform-random-w0.05,0.050,32,47921,26521,184,0.159090,0.018995,301219,9687,97428
tsort,coarse,coarse/uniform-random-w0.10,0.100,1,38226,23767,2823,0.180773,0.309099,211458,9133,97428
tsort,coarse,coarse/uniform-random-w0.10,0.100,2,33281,22040,66,0.157388,0.007227,211458,9133,97428
tsort,coarse,coarse/uniform-random-w0.10,0.100,4,40501,28248,5452,0.191532,0.596956,211458,9133,97428
tsort,coarse,coarse/uniform-random-w0.10,0.100,8,32896,20883,129,0.155568,0.014125,211458,9133,97428
tsort,coarse,coarse/uniform-random-w0.10,0.100,16,33693,19670,556,0.159337,0.060878,211458,9133,97428
tsort,coarse,coarse/uniform-random-w0.10,0.100,32,32861,17966,107,0.155402,0.011716,211458,9133,97428
tsort,coarse,coarse/uniform-random-w0.25,0.250,1,23277,14390,2074,0.177690,0.264271,130998,7848,97428
tsort,coarse,coarse/uniform-random-w0.25,0.250,2,20140,13158,35,0.153743,0.004460,130998,7848,97428
tsort,coarse,coarse/uniform-random-w0.25,0.250,4,27185,19425,5244,0.207522,0.668196,130998,7848,97428
tsort,coarse,coarse/uniform-random-w0.25,0.250,8,19992,12577,81,0.152613,0.010321,130998,7848,97428
tsort,coarse,coarse/uniform-random-w0.25,0.250,16,20485,11815,352,0.156376,0.044852,130998,7848,97428
tsort,coarse,coarse/uniform-random-w0.25,0.250,32,19919,10678,62,0.152056,0.007900,130998,7848,97428
tsort,coarse,coarse/pooled-w0.05,0.050,1,23031,17005,2850,0.166363,0.163850,138438,17394,97428
tsort,coarse,coarse/pooled-w0.05,0.050,2,23211,17166,2963,0.167664,0.170346,138438,17394,97428
tsort,coarse,coarse/pooled-w0.05,0.050,4,23407,17124,2910,0.169079,0.167299,138438,17394,97428
tsort,coarse,coarse/pooled-w0.05,0.050,8,22965,16931,2934,0.165887,0.168679,138438,17394,97428
tsort,coarse,coarse/pooled-w0.05,0.050,16,22758,16825,2850,0.164391,0.163850,138438,17394,97428
tsort,coarse,coarse/pooled-w0.05,0.050,32,23066,16916,2887,0.166616,0.165977,138438,17394,97428
tsort,coarse,coarse/pooled-w0.25,0.250,1,10164,6852,1601,0.167466,0.170555,60693,9387,97428
tsort,coarse,coarse/pooled-w0.25,0.250,2,10203,6943,1565,0.168108,0.166720,60693,9387,97428
tsort,coarse,coarse/pooled-w0.25,0.250,4,10234,6951,1592,0.168619,0.169596,60693,9387,97428
tsort,coarse,coarse/pooled-w0.25,0.250,8,10027,6828,1532,0.165209,0.163204,60693,9387,97428
tsort,coarse,coarse/pooled-w0.25,0.250,16,9997,6755,1552,0.164714,0.165335,60693,9387,97428
tsort,coarse,coarse/pooled-w0.25,0.250,32,10068,6812,1545,0.165884,0.164589,60693,9387,97428
tsort,coarse,coarse/best-ev-tested-w0.05,0.050,1,108013,64297,10609,0.296325,0.245636,364508,43190,97428
tsort,coarse,coarse/best-ev-tested-w0.05,0.050,2,55817,37641,151,0.153130,0.003496,364508,43190,97428
tsort,coarse,coarse/best-ev-tested-w0.05,0.050,4,90659,69498,30838,0.248716,0.714008,364508,43190,97428
tsort,coarse,coarse/best-ev-tested-w0.05,0.050,8,38412,26007,161,0.105380,0.003728,364508,43190,97428
tsort,coarse,coarse/best-ev-tested-w0.05,0.050,16,40259,23953,1283,0.110448,0.029706,364508,43190,97428
tsort,coarse,coarse/best-ev-tested-w0.05,0.050,32,31348,18490,148,0.086001,0.003427,364508,43190,97428
tsort,coarse,coarse/best-ev-tested-w0.25,0.250,1,37835,22155,4592,0.214003,0.127616,176797,35983,97428
tsort,coarse,coarse/best-ev-tested-w0.25,0.250,2,23240,15005,34,0.131450,0.000945,176797,35983,97428
tsort,coarse,coarse/best-ev-tested-w0.25,0.250,4,63568,51431,30498,0.359554,0.847567,176797,35983,97428
tsort,coarse,coarse/best-ev-tested-w0.25,0.250,8,18396,11746,127,0.104052,0.003529,176797,35983,97428
tsort,coarse,coarse/best-ev-tested-w0.25,0.250,16,18501,10845,701,0.104645,0.019481,176797,35983,97428
tsort,coarse,coarse/best-ev-tested-w0.25,0.250,32,15257,8659,31,0.086297,0.000862,176797,35983,97428
tsort,h16,h16/best-ev-w0.05,0.050,1,43432,26838,5261,0.081336,0.117109,533981,44924,97428
tsort,h16,h16/best-ev-w0.05,0.050,2,30614,20465,23,0.057332,0.000512,533981,44924,97428
tsort,h16,h16/best-ev-w0.05,0.050,3,36851,25951,6231,0.069012,0.138701,533981,44924,97428
tsort,h16,h16/best-ev-w0.05,0.050,4,54889,40345,17255,0.102792,0.384093,533981,44924,97428
tsort,h16,h16/best-ev-w0.05,0.050,5,38181,23574,3618,0.071503,0.080536,533981,44924,97428
tsort,h16,h16/best-ev-w0.05,0.050,6,30031,18570,428,0.056240,0.009527,533981,44924,97428
tsort,h16,h16/best-ev-w0.05,0.050,7,36524,22123,3562,0.068399,0.079289,533981,44924,97428
tsort,h16,h16/best-ev-w0.05,0.050,8,27463,18252,42,0.051431,0.000935,533981,44924,97428
tsort,h16,h16/best-ev-w0.05,0.050,9,27287,17585,92,0.051101,0.002048,533981,44924,97428
tsort,h16,h16/best-ev-w0.05,0.050,10,43411,26994,6179,0.081297,0.137543,533981,44924,97428
tsort,h16,h16/best-ev-w0.05,0.050,11,28585,17184,483,0.053532,0.010751,533981,44924,97428
tsort,h16,h16/best-ev-w0.05,0.050,12,27611,16725,364,0.051708,0.008103,533981,44924,97428
tsort,h16,h16/best-ev-w0.05,0.050,13,27620,16280,351,0.051725,0.007813,533981,44924,97428
tsort,h16,h16/best-ev-w0.05,0.050,14,26586,16242,224,0.049788,0.004986,533981,44924,97428
tsort,h16,h16/best-ev-w0.05,0.050,15,27028,15546,367,0.050616,0.008169,533981,44924,97428
tsort,h16,h16/best-ev-w0.05,0.050,16,27868,16656,444,0.052189,0.009883,533981,44924,97428
tsort,h16,h16/best-ev-w0.25,0.250,1,25755,15202,4175,0.087974,0.103349,292758,40397,97428
tsort,h16,h16/best-ev-w0.25,0.250,2,16517,10754,18,0.056419,0.000446,292758,40397,97428
tsort,h16,h16/best-ev-w0.25,0.250,3,23289,17373,6495,0.079550,0.160779,292758,40397,97428
tsort,h16,h16/best-ev-w0.25,0.250,4,43207,33782,18170,0.147586,0.449786,292758,40397,97428
tsort,h16,h16/best-ev-w0.25,0.250,5,21984,13717,3540,0.075093,0.087630,292758,40397,97428
tsort,h16,h16/best-ev-w0.25,0.250,6,15843,9735,617,0.054116,0.015273,292758,40397,97428
tsort,h16,h16/best-ev-w0.25,0.250,7,18429,10495,2002,0.062950,0.049558,292758,40397,97428
tsort,h16,h16/best-ev-w0.25,0.250,8,13786,8817,22,0.047090,0.000545,292758,40397,97428
tsort,h16,h16/best-ev-w0.25,0.250,9,13651,8648,92,0.046629,0.002277,292758,40397,97428
tsort,h16,h16/best-ev-w0.25,0.250,10,22111,13659,3959,0.075527,0.098002,292758,40397,97428
tsort,h16,h16/best-ev-w0.25,0.250,11,13571,8211,245,0.046356,0.006065,292758,40397,97428
tsort,h16,h16/best-ev-w0.25,0.250,12,13588,8066,341,0.046414,0.008441,292758,40397,97428
tsort,h16,h16/best-ev-w0.25,0.250,13,13248,7800,246,0.045252,0.006090,292758,40397,97428
tsort,h16,h16/best-ev-w0.25,0.250,14,12667,7695,122,0.043268,0.003020,292758,40397,97428
tsort,h16,h16/best-ev-w0.25,0.250,15,12592,7131,147,0.043012,0.003639,292758,40397,97428
tsort,h16,h16/best-ev-w0.25,0.250,16,12520,7573,206,0.042766,0.005099,292758,40397,97428
tsort,h16,h16/uniform-random-w0.01,0.010,1,53781,35350,1194,0.067100,0.115810,801510,10310,97428
tsort,h16,h16/uniform-random-w0.01,0.010,2,50724,34947,33,0.063286,0.003201,801510,10310,97428
tsort,h16,h16/uniform-random-w0.01,0.010,3,49672,32190,633,0.061973,0.061397,801510,10310,97428
tsort,h16,h16/uniform-random-w0.01,0.010,4,51042,34260,2052,0.063682,0.199030,801510,10310,97428
tsort,h16,h16/uniform-random-w0.01,0.010,5,49863,32734,1237,0.062211,0.119981,801510,10310,97428
tsort,h16,h16/uniform-random-w0.01,0.010,6,50395,32084,1571,0.062875,0.152376,801510,10310,97428
tsort,h16,h16/uniform-random-w0.01,0.010,7,49116,30115,636,0.061279,0.061688,801510,10310,97428
tsort,h16,h16/uniform-random-w0.01,0.010,8,48567,32081,57,0.060594,0.005529,801510,10310,97428
tsort,h16,h16/uniform-random-w0.01,0.010,9,47983,31955,117,0.059866,0.011348,801510,10310,97428
tsort,h16,h16/uniform-random-w0.01,0.010,10,49237,31729,887,0.061430,0.086033,801510,10310,97428
tsort,h16,h16/uniform-random-w0.01,0.010,11,48058,29116,339,0.059959,0.032881,801510,10310,97428
tsort,h16,h16/uniform-random-w0.01,0.010,12,49067,29363,294,0.061218,0.028516,801510,10310,97428
tsort,h16,h16/uniform-random-w0.01,0.010,13,49161,30023,244,0.061335,0.023666,801510,10310,97428
tsort,h16,h16/uniform-random-w0.01,0.010,14,50486,31438,253,0.062989,0.024539,801510,10310,97428
tsort,h16,h16/uniform-random-w0.01,0.010,15,51711,30628,345,0.064517,0.033463,801510,10310,97428
tsort,h16,h16/uniform-random-w0.01,0.010,16,52647,32909,418,0.065685,0.040543,801510,10310,97428
tsort,h16,h16/uniform-random-w0.02,0.020,1,45829,29918,1190,0.067267,0.118467,681295,10045,97428
tsort,h16,h16/uniform-random-w0.02,0.020,2,43059,29511,33,0.063202,0.003285,681295,10045,97428
tsort,h16,h16/uniform-random-w0.02,0.020,3,42154,27296,632,0.061873,0.062917,681295,10045,97428
tsort,h16,h16/uniform-random-w0.02,0.020,4,43785,29391,2056,0.064267,0.204679,681295,10045,97428
tsort,h16,h16/uniform-random-w0.02,0.020,5,42480,27835,1221,0.062352,0.121553,681295,10045,97428
tsort,h16,h16/uniform-random-w0.02,0.020,6,43106,27564,1532,0.063271,0.152514,681295,10045,97428
tsort,h16,h16/uniform-random-w0.02,0.020,7,41534,25371,612,0.060963,0.060926,681295,10045,97428
tsort,h16,h16/uniform-random-w0.02,0.020,8,41253,27079,57,0.060551,0.005674,681295,10045,97428
tsort,h16,h16/uniform-random-w0.02,0.020,9,40832,27120,114,0.059933,0.011349,681295,10045,97428
tsort,h16,h16/uniform-random-w0.02,0.020,10,42128,27138,827,0.061835,0.082330,681295,10045,97428
tsort,h16,h16/uniform-random-w0.02,0.020,11,41040,24836,313,0.060238,0.031160,681295,10045,97428
tsort,h16,h16/uniform-random-w0.02,0.020,12,41650,24929,277,0.061134,0.027576,681295,10045,97428
tsort,h16,h16/uniform-random-w0.02,0.020,13,41704,25276,228,0.061213,0.022698,681295,10045,97428
tsort,h16,h16/uniform-random-w0.02,0.020,14,42872,26591,244,0.062927,0.024291,681295,10045,97428
tsort,h16,h16/uniform-random-w0.02,0.020,15,43342,25636,308,0.063617,0.030662,681295,10045,97428
tsort,h16,h16/uniform-random-w0.02,0.020,16,44527,27650,401,0.065356,0.039920,681295,10045,97428
tsort,h16,h16/uniform-random-w0.05,0.050,1,33981,21838,1171,0.067206,0.122349,505622,9571,97428
tsort,h16,h16/uniform-random-w0.05,0.050,2,31635,21509,26,0.062567,0.002717,505622,9571,97428
tsort,h16,h16/uniform-random-w0.05,0.050,3,31264,20179,634,0.061833,0.066242,505622,9571,97428
tsort,h16,h16/uniform-random-w0.05,0.050,4,33268,22507,2052,0.065796,0.214398,505622,9571,97428
tsort,h16,h16/uniform-random-w0.05,0.050,5,31832,20804,1153,0.062956,0.120468,505622,9571,97428
tsort,h16,h16/uniform-random-w0.05,0.050,6,32409,20901,1498,0.064097,0.156514,505622,9571,97428
tsort,h16,h16/uniform-random-w0.05,0.050,7,30819,18699,542,0.060953,0.056629,505622,9571,97428
tsort,h16,h16/uniform-random-w0.05,0.050,8,30496,19855,53,0.060314,0.005538,505622,9571,97428
tsort,h16,h16/uniform-random-w0.05,0.050,9,30188,19814,107,0.059705,0.011180,505622,9571,97428
tsort,h16,h16/uniform-random-w0.05,0.050,10,31885,20399,816,0.063061,0.085258,505622,9571,97428
tsort,h16,h16/uniform-random-w0.05,0.050,11,30446,18443,262,0.060215,0.027374,505622,9571,97428
tsort,h16,h16/uniform-random-w0.05,0.050,12,31065,18458,252,0.061439,0.026330,505622,9571,97428
tsort,h16,h16/uniform-random-w0.05,0.050,13,30824,18542,200,0.060963,0.020896,505622,9571,97428
tsort,h16,h16/uniform-random-w0.05,0.050,14,31602,19483,221,0.062501,0.023091,505622,9571,97428
tsort,h16,h16/uniform-random-w0.05,0.050,15,31492,18487,248,0.062284,0.025912,505622,9571,97428
tsort,h16,h16/uniform-random-w0.05,0.050,16,32416,19895,336,0.064111,0.035106,505622,9571,97428
tsort,h16,h16/uniform-random-w0.10,0.100,1,24883,15781,1100,0.067440,0.121641,368965,9043,97428
tsort,h16,h16/uniform-random-w0.10,0.100,2,22811,15368,20,0.061824,0.002212,368965,9043,97428
tsort,h16,h16/uniform-random-w0.10,0.100,3,22848,14772,629,0.061925,0.069557,368965,9043,97428
tsort,h16,h16/uniform-random-w0.10,0.100,4,24968,17049,2047,0.067670,0.226363,368965,9043,97428
tsort,h16,h16/uniform-random-w0.10,0.100,5,23518,15284,1112,0.063740,0.122968,368965,9043,97428
tsort,h16,h16/uniform-random-w0.10,0.100,6,24023,15647,1431,0.065109,0.158244,368965,9043,97428
tsort,h16,h16/uniform-random-w0.10,0.100,7,22678,13611,517,0.061464,0.057171,368965,9043,97428
tsort,h16,h16/uniform-random-w0.10,0.100,8,22115,14239,42,0.059938,0.004644,368965,9043,97428
tsort,h16,h16/uniform-random-w0.10,0.100,9,21876,14175,92,0.059290,0.010174,368965,9043,97428
tsort,h16,h16/uniform-random-w0.10,0.100,10,23677,14975,778,0.064171,0.086033,368965,9043,97428
tsort,h16,h16/uniform-random-w0.10,0.100,11,22061,13284,223,0.059792,0.024660,368965,9043,97428
tsort,h16,h16/uniform-random-w0.10,0.100,12,22336,13212,196,0.060537,0.021674,368965,9043,97428
tsort,h16,h16/uniform-random-w0.10,0.100,13,22346,13317,175,0.060564,0.019352,368965,9043,97428
tsort,h16,h16/uniform-random-w0.10,0.100,14,22841,13999,194,0.061906,0.021453,368965,9043,97428
tsort,h16,h16/uniform-random-w0.10,0.100,15,22767,13164,220,0.061705,0.024328,368965,9043,97428
tsort,h16,h16/uniform-random-w0.10,0.100,16,23217,14033,267,0.062925,0.029526,368965,9043,97428
tsort,h16,h16/uniform-random-w0.25,0.250,1,15999,10021,847,0.066893,0.109051,239173,7767,97428
tsort,h16,h16/uniform-random-w0.25,0.250,2,14635,9737,14,0.061190,0.001802,239173,7767,97428
tsort,h16,h16/uniform-random-w0.25,0.250,3,15071,9813,631,0.063013,0.081241,239173,7767,97428
tsort,h16,h16/uniform-random-w0.25,0.250,4,16927,11820,1955,0.070773,0.251706,239173,7767,97428
tsort,h16,h16/uniform-random-w0.25,0.250,5,15350,9927,968,0.064179,0.124630,239173,7767,97428
tsort,h16,h16/uniform-random-w0.25,0.250,6,15984,10603,1364,0.066830,0.175615,239173,7767,97428
tsort,h16,h16/uniform-random-w0.25,0.250,7,14840,8758,465,0.062047,0.059869,239173,7767,97428
tsort,h16,h16/uniform-random-w0.25,0.250,8,14239,9029,25,0.059534,0.003219,239173,7767,97428
tsort,h16,h16/uniform-random-w0.25,0.250,9,14121,9066,73,0.059041,0.009399,239173,7767,97428
tsort,h16,h16/uniform-random-w0.25,0.250,10,15255,9557,522,0.063782,0.067207,239173,7767,97428
tsort,h16,h16/uniform-random-w0.25,0.250,11,14115,8419,153,0.059016,0.019699,239173,7767,97428
tsort,h16,h16/uniform-random-w0.25,0.250,12,14332,8393,139,0.059923,0.017896,239173,7767,97428
tsort,h16,h16/uniform-random-w0.25,0.250,13,14279,8408,117,0.059702,0.015064,239173,7767,97428
tsort,h16,h16/uniform-random-w0.25,0.250,14,14628,8880,147,0.061161,0.018926,239173,7767,97428
tsort,h16,h16/uniform-random-w0.25,0.250,15,14601,8278,169,0.061048,0.021759,239173,7767,97428
tsort,h16,h16/uniform-random-w0.25,0.250,16,14797,8804,178,0.061867,0.022917,239173,7767,97428
tsort,h16,h16/pooled-w0.05,0.050,1,7617,6325,1338,0.063131,0.065256,120654,20504,97428
tsort,h16,h16/pooled-w0.05,0.050,2,7634,6446,1314,0.063272,0.064085,120654,20504,97428
tsort,h16,h16/pooled-w0.05,0.050,3,7469,6230,1247,0.061904,0.060817,120654,20504,97428
tsort,h16,h16/pooled-w0.05,0.050,4,7760,6511,1301,0.064316,0.063451,120654,20504,97428
tsort,h16,h16/pooled-w0.05,0.050,5,7458,6242,1301,0.061813,0.063451,120654,20504,97428
tsort,h16,h16/pooled-w0.05,0.050,6,7480,6251,1214,0.061995,0.059208,120654,20504,97428
tsort,h16,h16/pooled-w0.05,0.050,7,7523,6358,1311,0.062352,0.063939,120654,20504,97428
tsort,h16,h16/pooled-w0.05,0.050,8,7688,6458,1310,0.063719,0.063890,120654,20504,97428
tsort,h16,h16/pooled-w0.05,0.050,9,7541,6325,1248,0.062501,0.060866,120654,20504,97428
tsort,h16,h16/pooled-w0.05,0.050,10,7447,6196,1286,0.061722,0.062719,120654,20504,97428
tsort,h16,h16/pooled-w0.05,0.050,11,7593,6341,1276,0.062932,0.062232,120654,20504,97428
tsort,h16,h16/pooled-w0.05,0.050,12,7555,6382,1263,0.062617,0.061598,120654,20504,97428
tsort,h16,h16/pooled-w0.05,0.050,13,7487,6293,1320,0.062053,0.064378,120654,20504,97428
tsort,h16,h16/pooled-w0.05,0.050,14,7551,6329,1290,0.062584,0.062915,120654,20504,97428
tsort,h16,h16/pooled-w0.05,0.050,15,7457,6215,1217,0.061805,0.059354,120654,20504,97428
tsort,h16,h16/pooled-w0.05,0.050,16,7394,6230,1268,0.061283,0.061842,120654,20504,97428
tsort,h16,h16/pooled-w0.25,0.250,1,4236,3513,1262,0.063095,0.062033,67137,20344,97428
tsort,h16,h16/pooled-w0.25,0.250,2,4187,3534,1294,0.062365,0.063606,67137,20344,97428
tsort,h16,h16/pooled-w0.25,0.250,3,4193,3509,1255,0.062454,0.061689,67137,20344,97428
tsort,h16,h16/pooled-w0.25,0.250,4,4281,3593,1328,0.063765,0.065277,67137,20344,97428
tsort,h16,h16/pooled-w0.25,0.250,5,4182,3521,1303,0.062291,0.064048,67137,20344,97428
tsort,h16,h16/pooled-w0.25,0.250,6,4104,3397,1248,0.061129,0.061345,67137,20344,97428
tsort,h16,h16/pooled-w0.25,0.250,7,4267,3583,1251,0.063557,0.061492,67137,20344,97428
tsort,h16,h16/pooled-w0.25,0.250,8,4154,3482,1245,0.061873,0.061197,67137,20344,97428
tsort,h16,h16/pooled-w0.25,0.250,9,4201,3533,1300,0.062574,0.063901,67137,20344,97428
tsort,h16,h16/pooled-w0.25,0.250,10,4225,3584,1263,0.062931,0.062082,67137,20344,97428
tsort,h16,h16/pooled-w0.25,0.250,11,4225,3526,1301,0.062931,0.063950,67137,20344,97428
tsort,h16,h16/pooled-w0.25,0.250,12,4223,3512,1240,0.062901,0.060952,67137,20344,97428
tsort,h16,h16/pooled-w0.25,0.250,13,4198,3508,1270,0.062529,0.062426,67137,20344,97428
tsort,h16,h16/pooled-w0.25,0.250,14,4193,3505,1244,0.062454,0.061148,67137,20344,97428
tsort,h16,h16/pooled-w0.25,0.250,15,4119,3455,1271,0.061352,0.062475,67137,20344,97428
tsort,h16,h16/pooled-w0.25,0.250,16,4149,3478,1269,0.061799,0.062377,67137,20344,97428
tsort,h16,h16/best-ev-tested-w0.05,0.050,1,107560,63946,10788,0.189036,0.246408,568993,43781,97428
tsort,h16,h16/best-ev-tested-w0.05,0.050,2,54475,36424,120,0.095739,0.002741,568993,43781,97428
tsort,h16,h16/best-ev-tested-w0.05,0.050,3,51365,35614,6948,0.090274,0.158699,568993,43781,97428
tsort,h16,h16/best-ev-tested-w0.05,0.050,4,64904,47264,18378,0.114068,0.419771,568993,43781,97428
tsort,h16,h16/best-ev-tested-w0.05,0.050,5,46010,29371,5399,0.080862,0.123318,568993,43781,97428
tsort,h16,h16/best-ev-tested-w0.05,0.050,6,30331,19596,374,0.053306,0.008543,568993,43781,97428
tsort,h16,h16/best-ev-tested-w0.05,0.050,7,27428,17113,274,0.048204,0.006258,568993,43781,97428
tsort,h16,h16/best-ev-tested-w0.05,0.050,8,24511,17117,28,0.043078,0.000640,568993,43781,97428
tsort,h16,h16/best-ev-tested-w0.05,0.050,9,23040,15774,52,0.040493,0.001188,568993,43781,97428
tsort,h16,h16/best-ev-tested-w0.05,0.050,10,24151,16009,641,0.042445,0.014641,568993,43781,97428
tsort,h16,h16/best-ev-tested-w0.05,0.050,11,22360,14476,320,0.039297,0.007309,568993,43781,97428
tsort,h16,h16/best-ev-tested-w0.05,0.050,12,19934,12990,60,0.035034,0.001370,568993,43781,97428
tsort,h16,h16/best-ev-tested-w0.05,0.050,13,19118,12335,71,0.033600,0.001622,568993,43781,97428
tsort,h16,h16/best-ev-tested-w0.05,0.050,14,18376,12071,80,0.032296,0.001827,568993,43781,97428
tsort,h16,h16/best-ev-tested-w0.05,0.050,15,17990,11331,107,0.031617,0.002444,568993,43781,97428
tsort,h16,h16/best-ev-tested-w0.05,0.050,16,17440,11455,141,0.030651,0.003221,568993,43781,97428
tsort,h16,h16/best-ev-tested-w0.25,0.250,1,37680,21999,4562,0.126087,0.114736,298842,39761,97428
tsort,h16,h16/best-ev-tested-w0.25,0.250,2,23007,14759,43,0.076987,0.001081,298842,39761,97428
tsort,h16,h16/best-ev-tested-w0.25,0.250,3,27135,19641,6410,0.090800,0.161213,298842,39761,97428
tsort,h16,h16/best-ev-tested-w0.25,0.250,4,47424,36325,19058,0.158693,0.479314,298842,39761,97428
tsort,h16,h16/best-ev-tested-w0.25,0.250,5,24997,15473,4513,0.083646,0.113503,298842,39761,97428
tsort,h16,h16/best-ev-tested-w0.25,0.250,6,15336,9710,295,0.051318,0.007419,298842,39761,97428
tsort,h16,h16/best-ev-tested-w0.25,0.250,7,15342,9087,766,0.051338,0.019265,298842,39761,97428
tsort,h16,h16/best-ev-tested-w0.25,0.250,8,13047,8547,86,0.043659,0.002163,298842,39761,97428
tsort,h16,h16/best-ev-tested-w0.25,0.250,9,12406,8040,65,0.041514,0.001635,298842,39761,97428
tsort,h16,h16/best-ev-tested-w0.25,0.250,10,18660,11629,2996,0.062441,0.075350,298842,39761,97428
tsort,h16,h16/best-ev-tested-w0.25,0.250,11,11848,7442,269,0.039646,0.006765,298842,39761,97428
tsort,h16,h16/best-ev-tested-w0.25,0.250,12,11109,6892,137,0.037173,0.003446,298842,39761,97428
tsort,h16,h16/best-ev-tested-w0.25,0.250,13,10658,6553,116,0.035664,0.002917,298842,39761,97428
tsort,h16,h16/best-ev-tested-w0.25,0.250,14,10305,6556,128,0.034483,0.003219,298842,39761,97428
tsort,h16,h16/best-ev-tested-w0.25,0.250,15,9778,5884,44,0.032720,0.001107,298842,39761,97428
tsort,h16,h16/best-ev-tested-w0.25,0.250,16,10110,6387,273,0.033831,0.006866,298842,39761,97428
tsort,h32,h32/best-ev-w0.05,0.050,1,41319,25262,7534,0.061766,0.163537,668958,46069,97428
tsort,h32,h32/best-ev-w0.05,0.050,2,21892,14697,19,0.032726,0.000412,668958,46069,97428
tsort,h32,h32/best-ev-w0.05,0.050,3,28171,20374,6145,0.042112,0.133387,668958,46069,97428
tsort,h32,h32/best-ev-w0.05,0.050,4,39389,27828,10558,0.058881,0.229178,668958,46069,97428
tsort,h32,h32/best-ev-w0.05,0.050,5,29879,18155,4074,0.044665,0.088433,668958,46069,97428
tsort,h32,h32/best-ev-w0.05,0.050,6,23161,13878,1129,0.034623,0.024507,668958,46069,97428
tsort,h32,h32/best-ev-w0.05,0.050,7,26989,16187,2712,0.040345,0.058868,668958,46069,97428
tsort,h32,h32/best-ev-w0.05,0.050,8,19383,12676,75,0.028975,0.001628,668958,46069,97428
tsort,h32,h32/best-ev-w0.05,0.050,9,18980,11996,40,0.028372,0.000868,668958,46069,97428
tsort,h32,h32/best-ev-w0.05,0.050,10,29499,17973,4442,0.044097,0.096421,668958,46069,97428
tsort,h32,h32/best-ev-w0.05,0.050,11,19633,11502,326,0.029349,0.007076,668958,46069,97428
tsort,h32,h32/best-ev-w0.05,0.050,12,19618,11201,355,0.029326,0.007706,668958,46069,97428
tsort,h32,h32/best-ev-w0.05,0.050,13,19461,10914,376,0.029092,0.008162,668958,46069,97428
tsort,h32,h32/best-ev-w0.05,0.050,14,18609,10782,192,0.027818,0.004168,668958,46069,97428
tsort,h32,h32/best-ev-w0.05,0.050,15,18055,10064,121,0.026990,0.002626,668958,46069,97428
tsort,h32,h32/best-ev-w0.05,0.050,16,18744,11038,239,0.028020,0.005188,668958,46069,97428
tsort,h32,h32/best-ev-w0.05,0.050,17,17678,9785,89,0.026426,0.001932,668958,46069,97428
tsort,h32,h32/best-ev-w0.05,0.050,18,18432,10171,307,0.027553,0.006664,668958,46069,97428
tsort,h32,h32/best-ev-w0.05,0.050,19,16884,9688,16,0.025239,0.000347,668958,46069,97428
tsort,h32,h32/best-ev-w0.05,0.050,20,17127,9959,72,0.025603,0.001563,668958,46069,97428
tsort,h32,h32/best-ev-w0.05,0.050,21,17090,9783,108,0.025547,0.002344,668958,46069,97428
tsort,h32,h32/best-ev-w0.05,0.050,22,17643,9928,192,0.026374,0.004168,668958,46069,97428
tsort,h32,h32/best-ev-w0.05,0.050,23,16898,9139,73,0.025260,0.001585,668958,46069,97428
tsort,h32,h32/best-ev-w0.05,0.050,24,16952,9651,115,0.025341,0.002496,668958,46069,97428
tsort,h32,h32/best-ev-w0.05,0.050,25,16791,8948,114,0.025100,0.002475,668958,46069,97428
tsort,h32,h32/best-ev-w0.05,0.050,26,16506,8559,61,0.024674,0.001324,668958,46069,97428
tsort,h32,h32/best-ev-w0.05,0.050,27,17114,8592,168,0.025583,0.003647,668958,46069,97428
tsort,h32,h32/best-ev-w0.05,0.050,28,22621,14985,6166,0.033815,0.133843,668958,46069,97428
tsort,h32,h32/best-ev-w0.05,0.050,29,16104,9024,46,0.024073,0.000999,668958,46069,97428
tsort,h32,h32/best-ev-w0.05,0.050,30,15766,9019,12,0.023568,0.000260,668958,46069,97428
tsort,h32,h32/best-ev-w0.05,0.050,31,16248,8858,83,0.024289,0.001802,668958,46069,97428
tsort,h32,h32/best-ev-w0.05,0.050,32,16322,9223,110,0.024399,0.002388,668958,46069,97428
tsort,h32,h32/best-ev-w0.25,0.250,1,25070,15128,5078,0.064956,0.126413,385954,40170,97428
tsort,h32,h32/best-ev-w0.25,0.250,2,13530,8773,14,0.035056,0.000349,385954,40170,97428
tsort,h32,h32/best-ev-w0.25,0.250,3,20490,15577,6601,0.053089,0.164327,385954,40170,97428
tsort,h32,h32/best-ev-w0.25,0.250,4,34025,25671,11964,0.088158,0.297834,385954,40170,97428
tsort,h32,h32/best-ev-w0.25,0.250,5,19176,11765,3504,0.049685,0.087229,385954,40170,97428
tsort,h32,h32/best-ev-w0.25,0.250,6,12971,7741,557,0.033608,0.013866,385954,40170,97428
tsort,h32,h32/best-ev-w0.25,0.250,7,14782,8273,1651,0.038300,0.041100,385954,40170,97428
tsort,h32,h32/best-ev-w0.25,0.250,8,11162,7050,44,0.028921,0.001095,385954,40170,97428
tsort,h32,h32/best-ev-w0.25,0.250,9,10872,6763,34,0.028169,0.000846,385954,40170,97428
tsort,h32,h32/best-ev-w0.25,0.250,10,16829,9888,2894,0.043604,0.072044,385954,40170,97428
tsort,h32,h32/best-ev-w0.25,0.250,11,10766,6260,180,0.027895,0.004481,385954,40170,97428
tsort,h32,h32/best-ev-w0.25,0.250,12,10751,6137,259,0.027856,0.006448,385954,40170,97428
tsort,h32,h32/best-ev-w0.25,0.250,13,10217,5800,107,0.026472,0.002664,385954,40170,97428
tsort,h32,h32/best-ev-w0.25,0.250,14,10019,5856,116,0.025959,0.002888,385954,40170,97428
tsort,h32,h32/best-ev-w0.25,0.250,15,10055,5559,182,0.026052,0.004531,385954,40170,97428
tsort,h32,h32/best-ev-w0.25,0.250,16,10000,5881,210,0.025910,0.005228,385954,40170,97428
tsort,h32,h32/best-ev-w0.25,0.250,17,9444,5285,62,0.024469,0.001543,385954,40170,97428
tsort,h32,h32/best-ev-w0.25,0.250,18,9286,5231,41,0.024060,0.001021,385954,40170,97428
tsort,h32,h32/best-ev-w0.25,0.250,19,9064,5227,17,0.023485,0.000423,385954,40170,97428
tsort,h32,h32/best-ev-w0.25,0.250,20,9085,5287,57,0.023539,0.001419,385954,40170,97428
tsort,h32,h32/best-ev-w0.25,0.250,21,9034,5181,58,0.023407,0.001444,385954,40170,97428
tsort,h32,h32/best-ev-w0.25,0.250,22,9034,5185,84,0.023407,0.002091,385954,40170,97428
tsort,h32,h32/best-ev-w0.25,0.250,23,8762,4845,36,0.022702,0.000896,385954,40170,97428
tsort,h32,h32/best-ev-w0.25,0.250,24,8726,4986,55,0.022609,0.001369,385954,40170,97428
tsort,h32,h32/best-ev-w0.25,0.250,25,8708,4701,69,0.022562,0.001718,385954,40170,97428
tsort,h32,h32/best-ev-w0.25,0.250,26,8470,4496,26,0.021946,0.000647,385954,40170,97428
tsort,h32,h32/best-ev-w0.25,0.250,27,8643,4554,118,0.022394,0.002938,385954,40170,97428
tsort,h32,h32/best-ev-w0.25,0.250,28,14383,10655,6087,0.037266,0.151531,385954,40170,97428
tsort,h32,h32/best-ev-w0.25,0.250,29,8218,4671,12,0.021293,0.000299,385954,40170,97428
tsort,h32,h32/best-ev-w0.25,0.250,30,8148,4696,8,0.021111,0.000199,385954,40170,97428
tsort,h32,h32/best-ev-w0.25,0.250,31,8171,4509,32,0.021171,0.000797,385954,40170,97428
tsort,h32,h32/best-ev-w0.25,0.250,32,8063,4553,13,0.020891,0.000324,385954,40170,97428
tsort,h32,h32/uniform-random-w0.01,0.010,1,36642,24317,653,0.035284,0.084640,1038495,7715,97428
tsort,h32,h32/uniform-random-w0.01,0.010,2,34511,23787,25,0.033232,0.003240,1038495,7715,97428
tsort,h32,h32/uniform-random-w0.01,0.010,3,33557,21541,322,0.032313,0.041737,1038495,7715,97428
tsort,h32,h32/uniform-random-w0.01,0.010,4,33994,22613,1061,0.032734,0.137524,1038495,7715,97428
tsort,h32,h32/uniform-random-w0.01,0.010,5,32973,21423,691,0.031751,0.089566,1038495,7715,97428
tsort,h32,h32/uniform-random-w0.01,0.010,6,32971,20473,822,0.031749,0.106546,1038495,7715,97428
tsort,h32,h32/uniform-random-w0.01,0.010,7,32133,19467,307,0.030942,0.039793,1038495,7715,97428
tsort,h32,h32/uniform-random-w0.01,0.010,8,32131,21003,23,0.030940,0.002981,1038495,7715,97428
tsort,h32,h32/uniform-random-w0.01,0.010,9,31274,20650,67,0.030115,0.008684,1038495,7715,97428
tsort,h32,h32/uniform-random-w0.01,0.010,10,31547,19923,475,0.030378,0.061568,1038495,7715,97428
tsort,h32,h32/uniform-random-w0.01,0.010,11,30407,17765,173,0.029280,0.022424,1038495,7715,97428
tsort,h32,h32/uniform-random-w0.01,0.010,12,30787,17448,160,0.029646,0.020739,1038495,7715,97428
tsort,h32,h32/uniform-random-w0.01,0.010,13,30608,18041,121,0.029473,0.015684,1038495,7715,97428
tsort,h32,h32/uniform-random-w0.01,0.010,14,31748,18879,141,0.030571,0.018276,1038495,7715,97428
tsort,h32,h32/uniform-random-w0.01,0.010,15,31564,17806,174,0.030394,0.022553,1038495,7715,97428
tsort,h32,h32/uniform-random-w0.01,0.010,16,32208,19329,224,0.031014,0.029034,1038495,7715,97428
tsort,h32,h32/uniform-random-w0.01,0.010,17,30891,17509,184,0.029746,0.023850,1038495,7715,97428
tsort,h32,h32/uniform-random-w0.01,0.010,18,30926,17413,137,0.029780,0.017758,1038495,7715,97428
tsort,h32,h32/uniform-random-w0.01,0.010,19,30943,17967,99,0.029796,0.012832,1038495,7715,97428
tsort,h32,h32/uniform-random-w0.01,0.010,20,32508,19328,253,0.031303,0.032793,1038495,7715,97428
tsort,h32,h32/uniform-random-w0.01,0.010,21,31915,18486,145,0.030732,0.018795,1038495,7715,97428
tsort,h32,h32/uniform-random-w0.01,0.010,22,33244,19272,257,0.032012,0.033312,1038495,7715,97428
tsort,h32,h32/uniform-random-w0.01,0.010,23,32350,18039,123,0.031151,0.015943,1038495,7715,97428
tsort,h32,h32/uniform-random-w0.01,0.010,24,32814,19156,117,0.031598,0.015165,1038495,7715,97428
tsort,h32,h32/uniform-random-w0.01,0.010,25,31906,17243,107,0.030723,0.013869,1038495,7715,97428
tsort,h32,h32/uniform-random-w0.01,0.010,26,31491,16421,131,0.030324,0.016980,1038495,7715,97428
tsort,h32,h32/uniform-random-w0.01,0.010,27,31917,16399,168,0.030734,0.021776,1038495,7715,97428
tsort,h32,h32/uniform-random-w0.01,0.010,28,32390,17518,259,0.031189,0.033571,1038495,7715,97428
tsort,h32,h32/uniform-random-w0.01,0.010,29,33323,18592,85,0.032088,0.011017,1038495,7715,97428
tsort,h32,h32/uniform-random-w0.01,0.010,30,33897,19561,28,0.032641,0.003629,1038495,7715,97428
tsort,h32,h32/uniform-random-w0.01,0.010,31,34098,19300,85,0.032834,0.011017,1038495,7715,97428
tsort,h32,h32/uniform-random-w0.01,0.010,32,34827,20069,98,0.033536,0.012703,1038495,7715,97428
tsort,h32,h32/uniform-random-w0.02,0.020,1,31675,21001,651,0.035312,0.088128,896993,7387,97428
tsort,h32,h32/uniform-random-w0.02,0.020,2,29822,20574,25,0.033247,0.003384,896993,7387,97428
tsort,h32,h32/uniform-random-w0.02,0.020,3,29172,18838,322,0.032522,0.043590,896993,7387,97428
tsort,h32,h32/uniform-random-w0.02,0.020,4,29822,19963,1045,0.033247,0.141465,896993,7387,97428
tsort,h32,h32/uniform-random-w0.02,0.020,5,28859,18852,636,0.032173,0.086097,896993,7387,97428
tsort,h32,h32/uniform-random-w0.02,0.020,6,28821,18054,797,0.032131,0.107892,896993,7387,97428
tsort,h32,h32/uniform-random-w0.02,0.020,7,28041,17030,301,0.031261,0.040747,896993,7387,97428
tsort,h32,h32/uniform-random-w0.02,0.020,8,27687,18099,21,0.030866,0.002843,896993,7387,97428
tsort,h32,h32/uniform-random-w0.02,0.020,9,27070,17815,67,0.030179,0.009070,896993,7387,97428
tsort,h32,h32/uniform-random-w0.02,0.020,10,27493,17359,456,0.030650,0.061730,896993,7387,97428
tsort,h32,h32/uniform-random-w0.02,0.020,11,26386,15516,165,0.029416,0.022337,896993,7387,97428
tsort,h32,h32/uniform-random-w0.02,0.020,12,26703,15294,152,0.029769,0.020577,896993,7387,97428
tsort,h32,h32/uniform-random-w0.02,0.020,13,26539,15646,118,0.029587,0.015974,896993,7387,97428
tsort,h32,h32/uniform-random-w0.02,0.020,14,27510,16472,141,0.030669,0.019088,896993,7387,97428
tsort,h32,h32/uniform-random-w0.02,0.020,15,27229,15404,167,0.030356,0.022607,896993,7387,97428
tsort,h32,h32/uniform-random-w0.02,0.020,16,27726,16661,202,0.030910,0.027345,896993,7387,97428
tsort,h32,h32/uniform-random-w0.02,0.020,17,26774,15200,180,0.029849,0.024367,896993,7387,97428
tsort,h32,h32/uniform-random-w0.02,0.020,18,26742,15133,131,0.029813,0.017734,896993,7387,97428
tsort,h32,h32/uniform-random-w0.02,0.020,19,26677,15666,93,0.029740,0.012590,896993,7387,97428
tsort,h32,h32/uniform-random-w0.02,0.020,20,27975,16599,247,0.031188,0.033437,896993,7387,97428
tsort,h32,h32/uniform-random-w0.02,0.020,21,27460,15988,135,0.030613,0.018275,896993,7387,97428
tsort,h32,h32/uniform-random-w0.02,0.020,22,28449,16530,239,0.031716,0.032354,896993,7387,97428
tsort,h32,h32/uniform-random-w0.02,0.020,23,27782,15461,111,0.030972,0.015026,896993,7387,97428
tsort,h32,h32/uniform-random-w0.02,0.020,24,28028,16355,104,0.031247,0.014079,896993,7387,97428
tsort,h32,h32/uniform-random-w0.02,0.020,25,27417,14913,101,0.030565,0.013673,896993,7387,97428
tsort,h32,h32/uniform-random-w0.02,0.020,26,27231,14277,127,0.030358,0.017192,896993,7387,97428
tsort,h32,h32/uniform-random-w0.02,0.020,27,27512,14112,161,0.030671,0.021795,896993,7387,97428
tsort,h32,h32/uniform-random-w0.02,0.020,28,27733,15186,241,0.030918,0.032625,896993,7387,97428
tsort,h32,h32/uniform-random-w0.02,0.020,29,28708,16062,76,0.032005,0.010288,896993,7387,97428
tsort,h32,h32/uniform-random-w0.02,0.020,30,29056,16891,20,0.032393,0.002707,896993,7387,97428
tsort,h32,h32/uniform-random-w0.02,0.020,31,29233,16557,79,0.032590,0.010694,896993,7387,97428
tsort,h32,h32/uniform-random-w0.02,0.020,32,29661,17122,76,0.033067,0.010288,896993,7387,97428
tsort,h32,h32/uniform-random-w0.05,0.050,1,24239,15908,632,0.035474,0.091316,683289,6921,97428
tsort,h32,h32/uniform-random-w0.05,0.050,2,22654,15530,22,0.033154,0.003179,683289,6921,97428
tsort,h32,h32/uniform-random-w0.05,0.050,3,22150,14334,321,0.032417,0.046381,683289,6921,97428
tsort,h32,h32/uniform-random-w0.05,0.050,4,23054,15438,1038,0.033740,0.149978,683289,6921,97428
tsort,h32,h32/uniform-random-w0.05,0.050,5,22073,14358,623,0.032304,0.090016,683289,6921,97428
tsort,h32,h32/uniform-random-w0.05,0.050,6,22243,14021,780,0.032553,0.112700,683289,6921,97428
tsort,h32,h32/uniform-random-w0.05,0.050,7,21317,12822,283,0.031198,0.040890,683289,6921,97428
tsort,h32,h32/uniform-random-w0.05,0.050,8,20864,13488,23,0.030535,0.003323,683289,6921,97428
tsort,h32,h32/uniform-random-w0.05,0.050,9,20548,13392,65,0.030072,0.009392,683289,6921,97428
tsort,h32,h32/uniform-random-w0.05,0.050,10,21163,13261,430,0.030972,0.062130,683289,6921,97428
tsort,h32,h32/uniform-random-w0.05,0.050,11,20105,11777,148,0.029424,0.021384,683289,6921,97428
tsort,h32,h32/uniform-random-w0.05,0.050,12,20240,11604,143,0.029621,0.020662,683289,6921,97428
tsort,h32,h32/uniform-random-w0.05,0.050,13,20066,11682,100,0.029367,0.014449,683289,6921,97428
tsort,h32,h32/uniform-random-w0.05,0.050,14,20860,12434,128,0.030529,0.018494,683289,6921,97428
tsort,h32,h32/uniform-random-w0.05,0.050,15,20553,11611,136,0.030080,0.019650,683289,6921,97428
tsort,h32,h32/uniform-random-w0.05,0.050,16,20929,12502,180,0.030630,0.026008,683289,6921,97428
tsort,h32,h32/uniform-random-w0.05,0.050,17,20485,11685,162,0.029980,0.023407,683289,6921,97428
tsort,h32,h32/uniform-random-w0.05,0.050,18,20564,11677,113,0.030096,0.016327,683289,6921,97428
tsort,h32,h32/uniform-random-w0.05,0.050,19,20576,12208,89,0.030113,0.012859,683289,6921,97428
tsort,h32,h32/uniform-random-w0.05,0.050,20,21442,12712,231,0.031381,0.033377,683289,6921,97428
tsort,h32,h32/uniform-random-w0.05,0.050,21,20816,12169,103,0.030464,0.014882,683289,6921,97428
tsort,h32,h32/uniform-random-w0.05,0.050,22,21716,12539,223,0.031782,0.032221,683289,6921,97428
tsort,h32,h32/uniform-random-w0.05,0.050,23,20901,11629,86,0.030589,0.012426,683289,6921,97428
tsort,h32,h32/uniform-random-w0.05,0.050,24,21240,12305,91,0.031085,0.013148,683289,6921,97428
tsort,h32,h32/uniform-random-w0.05,0.050,25,20980,11405,93,0.030704,0.013437,683289,6921,97428
tsort,h32,h32/uniform-random-w0.05,0.050,26,20935,11035,116,0.030639,0.016761,683289,6921,97428
tsort,h32,h32/uniform-random-w0.05,0.050,27,21114,10891,136,0.030901,0.019650,683289,6921,97428
tsort,h32,h32/uniform-random-w0.05,0.050,28,21245,11745,227,0.031092,0.032799,683289,6921,97428
tsort,h32,h32/uniform-random-w0.05,0.050,29,21857,12207,56,0.031988,0.008091,683289,6921,97428
tsort,h32,h32/uniform-random-w0.05,0.050,30,22044,12816,13,0.032262,0.001878,683289,6921,97428
tsort,h32,h32/uniform-random-w0.05,0.050,31,22050,12456,62,0.032270,0.008958,683289,6921,97428
tsort,h32,h32/uniform-random-w0.05,0.050,32,22266,12635,68,0.032587,0.009825,683289,6921,97428
tsort,h32,h32/uniform-random-w0.10,0.100,1,18020,11669,578,0.035099,0.090966,513404,6354,97428
tsort,h32,h32/uniform-random-w0.10,0.100,2,16885,11492,17,0.032888,0.002675,513404,6354,97428
tsort,h32,h32/uniform-random-w0.10,0.100,3,16605,10764,323,0.032343,0.050834,513404,6354,97428
tsort,h32,h32/uniform-random-w0.10,0.100,4,17506,11793,1027,0.034098,0.161630,513404,6354,97428
tsort,h32,h32/uniform-random-w0.10,0.100,5,16560,10688,589,0.032255,0.092698,513404,6354,97428
tsort,h32,h32/uniform-random-w0.10,0.100,6,16659,10627,727,0.032448,0.114416,513404,6354,97428
tsort,h32,h32/uniform-random-w0.10,0.100,7,15911,9480,247,0.030991,0.038873,513404,6354,97428
tsort,h32,h32/uniform-random-w0.10,0.100,8,15576,9957,23,0.030339,0.003620,513404,6354,97428
tsort,h32,h32/uniform-random-w0.10,0.100,9,15343,9894,62,0.029885,0.009758,513404,6354,97428
tsort,h32,h32/uniform-random-w0.10,0.100,10,16180,10096,421,0.031515,0.066257,513404,6354,97428
tsort,h32,h32/uniform-random-w0.10,0.100,11,15211,8934,128,0.029628,0.020145,513404,6354,97428
tsort,h32,h32/uniform-random-w0.10,0.100,12,15345,8808,128,0.029889,0.020145,513404,6354,97428
tsort,h32,h32/uniform-random-w0.10,0.100,13,15177,8761,93,0.029562,0.014636,513404,6354,97428
tsort,h32,h32/uniform-random-w0.10,0.100,14,15641,9261,108,0.030465,0.016997,513404,6354,97428
tsort,h32,h32/uniform-random-w0.10,0.100,15,15239,8577,117,0.029682,0.018414,513404,6354,97428
tsort,h32,h32/uniform-random-w0.10,0.100,16,15742,9297,159,0.030662,0.025024,513404,6354,97428
tsort,h32,h32/uniform-random-w0.10,0.100,17,15496,8844,143,0.030183,0.022506,513404,6354,97428
tsort,h32,h32/uniform-random-w0.10,0.100,18,15571,8887,99,0.030329,0.015581,513404,6354,97428
tsort,h32,h32/uniform-random-w0.10,0.100,19,15619,9268,89,0.030422,0.014007,513404,6354,97428
tsort,h32,h32/uniform-random-w0.10,0.100,20,16291,9666,208,0.031731,0.032735,513404,6354,97428
tsort,h32,h32/uniform-random-w0.10,0.100,21,15662,9109,84,0.030506,0.013220,513404,6354,97428
tsort,h32,h32/uniform-random-w0.10,0.100,22,16331,9460,200,0.031809,0.031476,513404,6354,97428
tsort,h32,h32/uniform-random-w0.10,0.100,23,15661,8658,65,0.030504,0.010230,513404,6354,97428
tsort,h32,h32/uniform-random-w0.10,0.100,24,15897,9176,74,0.030964,0.011646,513404,6354,97428
tsort,h32,h32/uniform-random-w0.10,0.100,25,15803,8608,65,0.030781,0.010230,513404,6354,97428
tsort,h32,h32/uniform-random-w0.10,0.100,26,15852,8411,101,0.030876,0.015895,513404,6354,97428
tsort,h32,h32/uniform-random-w0.10,0.100,27,15969,8317,110,0.031104,0.017312,513404,6354,97428
tsort,h32,h32/uniform-random-w0.10,0.100,28,16005,8906,217,0.031174,0.034152,513404,6354,97428
tsort,h32,h32/uniform-random-w0.10,0.100,29,16270,9064,40,0.031690,0.006295,513404,6354,97428
tsort,h32,h32/uniform-random-w0.10,0.100,30,16432,9492,8,0.032006,0.001259,513404,6354,97428
tsort,h32,h32/uniform-random-w0.10,0.100,31,16383,9121,51,0.031911,0.008026,513404,6354,97428
tsort,h32,h32/uniform-random-w0.10,0.100,32,16562,9271,53,0.032259,0.008341,513404,6354,97428
tsort,h32,h32/uniform-random-w0.25,0.250,1,12036,7641,494,0.034722,0.092735,346639,5327,97428
tsort,h32,h32/uniform-random-w0.25,0.250,2,11171,7539,12,0.032227,0.002253,346639,5327,97428
tsort,h32,h32/uniform-random-w0.25,0.250,3,11172,7279,320,0.032229,0.060071,346639,5327,97428
tsort,h32,h32/uniform-random-w0.25,0.250,4,12145,8284,1011,0.035036,0.189788,346639,5327,97428
tsort,h32,h32/uniform-random-w0.25,0.250,5,11220,7225,526,0.032368,0.098742,346639,5327,97428
tsort,h32,h32/uniform-random-w0.25,0.250,6,11540,7476,697,0.033291,0.130843,346639,5327,97428
tsort,h32,h32/uniform-random-w0.25,0.250,7,10907,6431,230,0.031465,0.043176,346639,5327,97428
tsort,h32,h32/uniform-random-w0.25,0.250,8,10515,6707,15,0.030334,0.002816,346639,5327,97428
tsort,h32,h32/uniform-random-w0.25,0.250,9,10423,6662,54,0.030069,0.010137,346639,5327,97428
tsort,h32,h32/uniform-random-w0.25,0.250,10,11035,6868,298,0.031834,0.055941,346639,5327,97428
tsort,h32,h32/uniform-random-w0.25,0.250,11,10284,6080,87,0.029668,0.016332,346639,5327,97428
tsort,h32,h32/uniform-random-w0.25,0.250,12,10369,5982,81,0.029913,0.015206,346639,5327,97428
tsort,h32,h32/uniform-random-w0.25,0.250,13,10306,5960,65,0.029731,0.012202,346639,5327,97428
tsort,h32,h32/uniform-random-w0.25,0.250,14,10608,6295,85,0.030602,0.015956,346639,5327,97428
tsort,h32,h32/uniform-random-w0.25,0.250,15,10364,5792,104,0.029899,0.019523,346639,5327,97428
tsort,h32,h32/uniform-random-w0.25,0.250,16,10569,6214,112,0.030490,0.021025,346639,5327,97428
tsort,h32,h32/uniform-random-w0.25,0.250,17,10520,6025,115,0.030349,0.021588,346639,5327,97428
tsort,h32,h32/uniform-random-w0.25,0.250,18,10622,6109,69,0.030643,0.012953,346639,5327,97428
tsort,h32,h32/uniform-random-w0.25,0.250,19,10617,6285,73,0.030628,0.013704,346639,5327,97428
tsort,h32,h32/uniform-random-w0.25,0.250,20,10845,6446,93,0.031286,0.017458,346639,5327,97428
tsort,h32,h32/uniform-random-w0.25,0.250,21,10610,6156,67,0.030608,0.012577,346639,5327,97428
tsort,h32,h32/uniform-random-w0.25,0.250,22,10875,6295,118,0.031373,0.022151,346639,5327,97428
tsort,h32,h32/uniform-random-w0.25,0.250,23,10612,5866,49,0.030614,0.009198,346639,5327,97428
tsort,h32,h32/uniform-random-w0.25,0.250,24,10724,6158,56,0.030937,0.010512,346639,5327,97428
tsort,h32,h32/uniform-random-w0.25,0.250,25,10582,5760,47,0.030527,0.008823,346639,5327,97428
tsort,h32,h32/uniform-random-w0.25,0.250,26,10679,5698,73,0.030807,0.013704,346639,5327,97428
tsort,h32,h32/uniform-random-w0.25,0.250,27,10723,5621,76,0.030934,0.014267,346639,5327,97428
tsort,h32,h32/uniform-random-w0.25,0.250,28,10836,6041,207,0.031260,0.038859,346639,5327,97428
tsort,h32,h32/uniform-random-w0.25,0.250,29,10800,5985,29,0.031156,0.005444,346639,5327,97428
tsort,h32,h32/uniform-random-w0.25,0.250,30,10972,6301,5,0.031653,0.000939,346639,5327,97428
tsort,h32,h32/uniform-random-w0.25,0.250,31,10983,6023,34,0.031684,0.006383,346639,5327,97428
tsort,h32,h32/uniform-random-w0.25,0.250,32,10975,6111,25,0.031661,0.004693,346639,5327,97428
tsort,h32,h32/pooled-w0.05,0.050,1,3568,2837,614,0.031073,0.029942,114827,20506,97428
tsort,h32,h32/pooled-w0.05,0.050,2,3649,2925,660,0.031778,0.032186,114827,20506,97428
tsort,h32,h32/pooled-w0.05,0.050,3,3562,2838,635,0.031021,0.030967,114827,20506,97428
tsort,h32,h32/pooled-w0.05,0.050,4,3653,2891,630,0.031813,0.030723,114827,20506,97428
tsort,h32,h32/pooled-w0.05,0.050,5,3592,2886,632,0.031282,0.030820,114827,20506,97428
tsort,h32,h32/pooled-w0.05,0.050,6,3572,2891,653,0.031108,0.031844,114827,20506,97428
tsort,h32,h32/pooled-w0.05,0.050,7,3558,2864,662,0.030986,0.032283,114827,20506,97428
tsort,h32,h32/pooled-w0.05,0.050,8,3594,2875,637,0.031299,0.031064,114827,20506,97428
tsort,h32,h32/pooled-w0.05,0.050,9,3573,2858,625,0.031116,0.030479,114827,20506,97428
tsort,h32,h32/pooled-w0.05,0.050,10,3581,2854,683,0.031186,0.033307,114827,20506,97428
tsort,h32,h32/pooled-w0.05,0.050,11,3652,2866,598,0.031804,0.029162,114827,20506,97428
tsort,h32,h32/pooled-w0.05,0.050,12,3614,2854,625,0.031473,0.030479,114827,20506,97428
tsort,h32,h32/pooled-w0.05,0.050,13,3599,2934,659,0.031343,0.032137,114827,20506,97428
tsort,h32,h32/pooled-w0.05,0.050,14,3589,2878,655,0.031256,0.031942,114827,20506,97428
tsort,h32,h32/pooled-w0.05,0.050,15,3584,2896,657,0.031212,0.032039,114827,20506,97428
tsort,h32,h32/pooled-w0.05,0.050,16,3555,2832,636,0.030960,0.031015,114827,20506,97428
tsort,h32,h32/pooled-w0.05,0.050,17,3728,2948,631,0.032466,0.030771,114827,20506,97428
tsort,h32,h32/pooled-w0.05,0.050,18,3532,2766,626,0.030759,0.030528,114827,20506,97428
tsort,h32,h32/pooled-w0.05,0.050,19,3511,2828,652,0.030576,0.031796,114827,20506,97428
tsort,h32,h32/pooled-w0.05,0.050,20,3675,2891,650,0.032005,0.031698,114827,20506,97428
tsort,h32,h32/pooled-w0.05,0.050,21,3486,2792,654,0.030359,0.031893,114827,20506,97428
tsort,h32,h32/pooled-w0.05,0.050,22,3528,2798,633,0.030724,0.030869,114827,20506,97428
tsort,h32,h32/pooled-w0.05,0.050,23,3522,2807,628,0.030672,0.030625,114827,20506,97428
tsort,h32,h32/pooled-w0.05,0.050,24,3658,2913,636,0.031857,0.031015,114827,20506,97428
tsort,h32,h32/pooled-w0.05,0.050,25,3589,2873,671,0.031256,0.032722,114827,20506,97428
tsort,h32,h32/pooled-w0.05,0.050,26,3526,2791,583,0.030707,0.028431,114827,20506,97428
tsort,h32,h32/pooled-w0.05,0.050,27,3587,2919,645,0.031238,0.031454,114827,20506,97428
tsort,h32,h32/pooled-w0.05,0.050,28,3625,2925,612,0.031569,0.029845,114827,20506,97428
tsort,h32,h32/pooled-w0.05,0.050,29,3658,2903,660,0.031857,0.032186,114827,20506,97428
tsort,h32,h32/pooled-w0.05,0.050,30,3555,2852,645,0.030960,0.031454,114827,20506,97428
tsort,h32,h32/pooled-w0.05,0.050,31,3587,2850,649,0.031238,0.031649,114827,20506,97428
tsort,h32,h32/pooled-w0.05,0.050,32,3565,2853,670,0.031047,0.032673,114827,20506,97428
tsort,h32,h32/pooled-w0.25,0.250,1,2089,1695,596,0.032009,0.029374,65262,20290,97428
tsort,h32,h32/pooled-w0.25,0.250,2,1973,1611,625,0.030232,0.030803,65262,20290,97428
tsort,h32,h32/pooled-w0.25,0.250,3,2056,1652,611,0.031504,0.030113,65262,20290,97428
tsort,h32,h32/pooled-w0.25,0.250,4,2071,1685,665,0.031734,0.032775,65262,20290,97428
tsort,h32,h32/pooled-w0.25,0.250,5,2046,1665,651,0.031351,0.032085,65262,20290,97428
tsort,h32,h32/pooled-w0.25,0.250,6,2054,1641,658,0.031473,0.032430,65262,20290,97428
tsort,h32,h32/pooled-w0.25,0.250,7,2059,1683,650,0.031550,0.032035,65262,20290,97428
tsort,h32,h32/pooled-w0.25,0.250,8,2000,1636,608,0.030646,0.029966,65262,20290,97428
tsort,h32,h32/pooled-w0.25,0.250,9,1992,1615,629,0.030523,0.031000,65262,20290,97428
tsort,h32,h32/pooled-w0.25,0.250,10,2069,1634,643,0.031703,0.031690,65262,20290,97428
tsort,h32,h32/pooled-w0.25,0.250,11,2125,1697,642,0.032561,0.031641,65262,20290,97428
tsort,h32,h32/pooled-w0.25,0.250,12,2042,1678,652,0.031289,0.032134,65262,20290,97428
tsort,h32,h32/pooled-w0.25,0.250,13,2042,1658,676,0.031289,0.033317,65262,20290,97428
tsort,h32,h32/pooled-w0.25,0.250,14,2062,1637,615,0.031596,0.030310,65262,20290,97428
tsort,h32,h32/pooled-w0.25,0.250,15,2045,1648,590,0.031335,0.029078,65262,20290,97428
tsort,h32,h32/pooled-w0.25,0.250,16,2053,1637,650,0.031458,0.032035,65262,20290,97428
tsort,h32,h32/pooled-w0.25,0.250,17,2056,1664,623,0.031504,0.030705,65262,20290,97428
tsort,h32,h32/pooled-w0.25,0.250,18,2006,1619,620,0.030738,0.030557,65262,20290,97428
tsort,h32,h32/pooled-w0.25,0.250,19,1994,1591,624,0.030554,0.030754,65262,20290,97428
tsort,h32,h32/pooled-w0.25,0.250,20,2075,1667,645,0.031795,0.031789,65262,20290,97428
tsort,h32,h32/pooled-w0.25,0.250,21,2008,1618,630,0.030768,0.031050,65262,20290,97428
tsort,h32,h32/pooled-w0.25,0.250,22,2045,1650,591,0.031335,0.029128,65262,20290,97428
tsort,h32,h32/pooled-w0.25,0.250,23,2067,1648,611,0.031672,0.030113,65262,20290,97428
tsort,h32,h32/pooled-w0.25,0.250,24,2109,1727,650,0.032316,0.032035,65262,20290,97428
tsort,h32,h32/pooled-w0.25,0.250,25,2058,1647,667,0.031534,0.032873,65262,20290,97428
tsort,h32,h32/pooled-w0.25,0.250,26,2139,1758,663,0.032776,0.032676,65262,20290,97428
tsort,h32,h32/pooled-w0.25,0.250,27,1988,1614,608,0.030462,0.029966,65262,20290,97428
tsort,h32,h32/pooled-w0.25,0.250,28,2030,1623,641,0.031105,0.031592,65262,20290,97428
tsort,h32,h32/pooled-w0.25,0.250,29,1980,1623,649,0.030339,0.031986,65262,20290,97428
tsort,h32,h32/pooled-w0.25,0.250,30,2005,1632,643,0.030722,0.031690,65262,20290,97428
tsort,h32,h32/pooled-w0.25,0.250,31,2009,1623,634,0.030784,0.031247,65262,20290,97428
tsort,h32,h32/pooled-w0.25,0.250,32,1915,1538,630,0.029343,0.031050,65262,20290,97428
tsort,h32,h32/best-ev-tested-w0.05,0.050,1,107288,63665,10734,0.146323,0.243860,733227,44017,97428
tsort,h32,h32/best-ev-tested-w0.05,0.050,2,54026,35993,120,0.073683,0.002726,733227,44017,97428
tsort,h32,h32/best-ev-tested-w0.05,0.050,3,50564,34886,6946,0.068961,0.157803,733227,44017,97428
tsort,h32,h32/best-ev-tested-w0.05,0.050,4,58858,41492,13516,0.080273,0.307063,733227,44017,97428
tsort,h32,h32/best-ev-tested-w0.05,0.050,5,44834,28320,5265,0.061146,0.119613,733227,44017,97428
tsort,h32,h32/best-ev-tested-w0.05,0.050,6,29625,18614,407,0.040404,0.009246,733227,44017,97428
tsort,h32,h32/best-ev-tested-w0.05,0.050,7,26237,16008,272,0.035783,0.006179,733227,44017,97428
tsort,h32,h32/best-ev-tested-w0.05,0.050,8,23308,16076,27,0.031788,0.000613,733227,44017,97428
tsort,h32,h32/best-ev-tested-w0.05,0.050,9,21702,14586,56,0.029598,0.001272,733227,44017,97428
tsort,h32,h32/best-ev-tested-w0.05,0.050,10,22359,14542,616,0.030494,0.013995,733227,44017,97428
tsort,h32,h32/best-ev-tested-w0.05,0.050,11,20614,13016,300,0.028114,0.006816,733227,44017,97428
tsort,h32,h32/best-ev-tested-w0.05,0.050,12,18188,11474,53,0.024805,0.001204,733227,44017,97428
tsort,h32,h32/best-ev-tested-w0.05,0.050,13,17241,10829,66,0.023514,0.001499,733227,44017,97428
tsort,h32,h32/best-ev-tested-w0.05,0.050,14,16686,10462,95,0.022757,0.002158,733227,44017,97428
tsort,h32,h32/best-ev-tested-w0.05,0.050,15,15977,9694,97,0.021790,0.002204,733227,44017,97428
tsort,h32,h32/best-ev-tested-w0.05,0.050,16,15240,9752,90,0.020785,0.002045,733227,44017,97428
tsort,h32,h32/best-ev-tested-w0.05,0.050,17,14245,8604,55,0.019428,0.001250,733227,44017,97428
tsort,h32,h32/best-ev-tested-w0.05,0.050,18,13647,8267,48,0.018612,0.001090,733227,44017,97428
tsort,h32,h32/best-ev-tested-w0.05,0.050,19,13111,8036,31,0.017881,0.000704,733227,44017,97428
tsort,h32,h32/best-ev-tested-w0.05,0.050,20,12892,8062,41,0.017583,0.000931,733227,44017,97428
tsort,h32,h32/best-ev-tested-w0.05,0.050,21,12258,7632,13,0.016718,0.000295,733227,44017,97428
tsort,h32,h32/best-ev-tested-w0.05,0.050,22,12725,7509,88,0.017355,0.001999,733227,44017,97428
tsort,h32,h32/best-ev-tested-w0.05,0.050,23,11772,6905,22,0.016055,0.000500,733227,44017,97428
tsort,h32,h32/best-ev-tested-w0.05,0.050,24,11589,7202,40,0.015805,0.000909,733227,44017,97428
tsort,h32,h32/best-ev-tested-w0.05,0.050,25,11145,6376,19,0.015200,0.000432,733227,44017,97428
tsort,h32,h32/best-ev-tested-w0.05,0.050,26,11129,6172,42,0.015178,0.000954,733227,44017,97428
tsort,h32,h32/best-ev-tested-w0.05,0.050,27,11296,6181,121,0.015406,0.002749,733227,44017,97428
tsort,h32,h32/best-ev-tested-w0.05,0.050,28,14993,10783,4751,0.020448,0.107936,733227,44017,97428
tsort,h32,h32/best-ev-tested-w0.05,0.050,29,10056,6081,11,0.013715,0.000250,733227,44017,97428
tsort,h32,h32/best-ev-tested-w0.05,0.050,30,9839,5893,5,0.013419,0.000114,733227,44017,97428
tsort,h32,h32/best-ev-tested-w0.05,0.050,31,10056,5901,49,0.013715,0.001113,733227,44017,97428
tsort,h32,h32/best-ev-tested-w0.05,0.050,32,9727,5931,21,0.013266,0.000477,733227,44017,97428
tsort,h32,h32/best-ev-tested-w0.25,0.250,1,37530,21851,4546,0.092981,0.113573,403629,40027,97428
tsort,h32,h32/best-ev-tested-w0.25,0.250,2,22806,14556,36,0.056502,0.000899,403629,40027,97428
tsort,h32,h32/best-ev-tested-w0.25,0.250,3,26824,19341,6410,0.066457,0.160142,403629,40027,97428
tsort,h32,h32/best-ev-tested-w0.25,0.250,4,41532,30422,13457,0.102896,0.336198,403629,40027,97428
tsort,h32,h32/best-ev-tested-w0.25,0.250,5,24238,14847,4376,0.060050,0.109326,403629,40027,97428
tsort,h32,h32/best-ev-tested-w0.25,0.250,6,14908,9259,293,0.036935,0.007320,403629,40027,97428
tsort,h32,h32/best-ev-tested-w0.25,0.250,7,14863,8591,769,0.036823,0.019212,403629,40027,97428
tsort,h32,h32/best-ev-tested-w0.25,0.250,8,12399,8030,40,0.030719,0.000999,403629,40027,97428
tsort,h32,h32/best-ev-tested-w0.25,0.250,9,11807,7489,67,0.029252,0.001674,403629,40027,97428
tsort,h32,h32/best-ev-tested-w0.25,0.250,10,17892,10971,2966,0.044328,0.074100,403629,40027,97428
tsort,h32,h32/best-ev-tested-w0.25,0.250,11,10937,6652,183,0.027097,0.004572,403629,40027,97428
tsort,h32,h32/best-ev-tested-w0.25,0.250,12,10443,6224,177,0.025873,0.004422,403629,40027,97428
tsort,h32,h32/best-ev-tested-w0.25,0.250,13,9912,5838,135,0.024557,0.003373,403629,40027,97428
tsort,h32,h32/best-ev-tested-w0.25,0.250,14,9264,5677,47,0.022952,0.001174,403629,40027,97428
tsort,h32,h32/best-ev-tested-w0.25,0.250,15,8948,5136,37,0.022169,0.000924,403629,40027,97428
tsort,h32,h32/best-ev-tested-w0.25,0.250,16,9281,5632,271,0.022994,0.006770,403629,40027,97428
tsort,h32,h32/best-ev-tested-w0.25,0.250,17,8583,4990,78,0.021265,0.001949,403629,40027,97428
tsort,h32,h32/best-ev-tested-w0.25,0.250,18,8296,4913,60,0.020554,0.001499,403629,40027,97428
tsort,h32,h32/best-ev-tested-w0.25,0.250,19,7897,4782,13,0.019565,0.000325,403629,40027,97428
tsort,h32,h32/best-ev-tested-w0.25,0.250,20,7718,4671,32,0.019122,0.000799,403629,40027,97428
tsort,h32,h32/best-ev-tested-w0.25,0.250,21,7617,4577,54,0.018871,0.001349,403629,40027,97428
tsort,h32,h32/best-ev-tested-w0.25,0.250,22,7404,4488,36,0.018344,0.000899,403629,40027,97428
tsort,h32,h32/best-ev-tested-w0.25,0.250,23,7275,4228,38,0.018024,0.000949,403629,40027,97428
tsort,h32,h32/best-ev-tested-w0.25,0.250,24,7187,4309,51,0.017806,0.001274,403629,40027,97428
tsort,h32,h32/best-ev-tested-w0.25,0.250,25,6900,3909,10,0.017095,0.000250,403629,40027,97428
tsort,h32,h32/best-ev-tested-w0.25,0.250,26,6841,3867,27,0.016949,0.000675,403629,40027,97428
tsort,h32,h32/best-ev-tested-w0.25,0.250,27,6764,3738,40,0.016758,0.000999,403629,40027,97428
tsort,h32,h32/best-ev-tested-w0.25,0.250,28,12277,9525,5728,0.030417,0.143103,403629,40027,97428
tsort,h32,h32/best-ev-tested-w0.25,0.250,29,6452,3860,13,0.015985,0.000325,403629,40027,97428
tsort,h32,h32/best-ev-tested-w0.25,0.250,30,6345,3887,6,0.015720,0.000150,403629,40027,97428
tsort,h32,h32/best-ev-tested-w0.25,0.250,31,6282,3724,16,0.015564,0.000400,403629,40027,97428
tsort,h32,h32/best-ev-tested-w0.25,0.250,32,6207,3727,15,0.015378,0.000375,403629,40027,97428
xz,coarse,coarse/best-ev-w0.05,0.050,1,102770,82308,114,0.173454,0.177019,592490,644,41473
xz,coarse,coarse/best-ev-w0.05,0.050,2,100941,82039,59,0.170367,0.091615,592490,644,41473
xz,coarse,coarse/best-ev-w0.05,0.050,4,99448,79594,256,0.167848,0.397516,592490,644,41473
xz,coarse,coarse/best-ev-w0.05,0.050,8,97650,78157,100,0.164813,0.155280,592490,644,41473
xz,coarse,coarse/best-ev-w0.05,0.050,16,96463,75762,55,0.162809,0.085404,592490,644,41473
xz,coarse,coarse/best-ev-w0.05,0.050,32,95218,70595,60,0.160708,0.093168,592490,644,41473
xz,coarse,coarse/best-ev-w0.25,0.250,1,43628,35033,118,0.177185,0.200000,246228,590,41473
xz,coarse,coarse/best-ev-w0.25,0.250,2,42389,34598,43,0.172153,0.072881,246228,590,41473
xz,coarse,coarse/best-ev-w0.25,0.250,4,41517,33342,249,0.168612,0.422034,246228,590,41473
xz,coarse,coarse/best-ev-w0.25,0.250,8,40429,32599,101,0.164193,0.171186,246228,590,41473
xz,coarse,coarse/best-ev-w0.25,0.250,16,39534,31127,41,0.160559,0.069492,246228,590,41473
xz,coarse,coarse/best-ev-w0.25,0.250,32,38731,28687,38,0.157297,0.064407,246228,590,41473
xz,coarse,coarse/uniform-random-w0.01,0.010,1,170387,136835,25,0.166560,0.044092,1022977,567,41473
xz,coarse,coarse/uniform-random-w0.01,0.010,2,171448,139724,38,0.167597,0.067019,1022977,567,41473
xz,coarse,coarse/uniform-random-w0.01,0.010,4,167780,134546,30,0.164012,0.052910,1022977,567,41473
xz,coarse,coarse/uniform-random-w0.01,0.010,8,168869,134489,83,0.165076,0.146384,1022977,567,41473
xz,coarse,coarse/uniform-random-w0.01,0.010,16,170787,133118,149,0.166951,0.262787,1022977,567,41473
xz,coarse,coarse/uniform-random-w0.01,0.010,32,173706,127417,242,0.169804,0.426808,1022977,567,41473
xz,coarse,coarse/uniform-random-w0.02,0.020,1,142280,114312,25,0.166744,0.045045,853284,555,41473
xz,coarse,coarse/uniform-random-w0.02,0.020,2,142760,116392,38,0.167307,0.068468,853284,555,41473
xz,coarse,coarse/uniform-random-w0.02,0.020,4,140311,112507,30,0.164436,0.054054,853284,555,41473
xz,coarse,coarse/uniform-random-w0.02,0.020,8,141057,112682,81,0.165311,0.145946,853284,555,41473
xz,coarse,coarse/uniform-random-w0.02,0.020,16,142189,110978,144,0.166637,0.259459,853284,555,41473
xz,coarse,coarse/uniform-random-w0.02,0.020,32,144687,106315,237,0.169565,0.427027,853284,555,41473
xz,coarse,coarse/uniform-random-w0.05,0.050,1,100376,80694,24,0.167040,0.044860,600910,535,41473
xz,coarse,coarse/uniform-random-w0.05,0.050,2,100061,81582,38,0.166516,0.071028,600910,535,41473
xz,coarse,coarse/uniform-random-w0.05,0.050,4,99075,79472,28,0.164875,0.052336,600910,535,41473
xz,coarse,coarse/uniform-random-w0.05,0.050,8,99608,79967,77,0.165762,0.143925,600910,535,41473
xz,coarse,coarse/uniform-random-w0.05,0.050,16,100192,78478,137,0.166734,0.256075,600910,535,41473
xz,coarse,coarse/uniform-random-w0.05,0.050,32,101598,74872,231,0.169074,0.431776,600910,535,41473
xz,coarse,coarse/uniform-random-w0.10,0.100,1,68294,54911,21,0.166435,0.040385,410335,520,41473
xz,coarse,coarse/uniform-random-w0.10,0.100,2,68312,55769,35,0.166479,0.067308,410335,520,41473
xz,coarse,coarse/uniform-random-w0.10,0.100,4,67762,54418,26,0.165138,0.050000,410335,520,41473
xz,coarse,coarse/uniform-random-w0.10,0.100,8,68224,54885,77,0.166264,0.148077,410335,520,41473
xz,coarse,coarse/uniform-random-w0.10,0.100,16,68587,53919,134,0.167149,0.257692,410335,520,41473
xz,coarse,coarse/uniform-random-w0.10,0.100,32,69156,51073,227,0.168535,0.436538,410335,520,41473
xz,coarse,coarse/uniform-random-w0.25,0.250,1,40211,32360,16,0.166070,0.032854,242133,487,41473
xz,coarse,coarse/uniform-random-w0.25,0.250,2,40299,32986,33,0.166433,0.067762,242133,487,41473
xz,coarse,coarse/uniform-random-w0.25,0.250,4,40077,32199,26,0.165516,0.053388,242133,487,41473
xz,coarse,coarse/uniform-random-w0.25,0.250,8,40328,32484,76,0.166553,0.156057,242133,487,41473
xz,coarse,coarse/uniform-random-w0.25,0.250,16,40499,31936,128,0.167259,0.262834,242133,487,41473
xz,coarse,coarse/uniform-random-w0.25,0.250,32,40719,30055,208,0.168168,0.427105,242133,487,41473
xz,coarse,coarse/pooled-w0.05,0.050,1,29970,26328,92,0.165869,0.177950,180685,517,41473
xz,coarse,coarse/pooled-w0.05,0.050,2,30085,26348,85,0.166505,0.164410,180685,517,41473
xz,coarse,coarse/pooled-w0.05,0.050,4,30232,26490,77,0.167319,0.148936,180685,517,41473
xz,coarse,coarse/pooled-w0.05,0.050,8,30254,26466,89,0.167441,0.172147,180685,517,41473
xz,coarse,coarse/pooled-w0.05,0.050,16,30054,26297,93,0.166334,0.179884,180685,517,41473
xz,coarse,coarse/pooled-w0.05,0.050,32,30090,26355,81,0.166533,0.156673,180685,517,41473
xz,coarse,coarse/pooled-w0.25,0.250,1,10777,9204,86,0.163541,0.166344,65898,517,41473
xz,coarse,coarse/pooled-w0.25,0.250,2,10939,9352,75,0.165999,0.145068,65898,517,41473
xz,coarse,coarse/pooled-w0.25,0.250,4,11164,9637,91,0.169413,0.176015,65898,517,41473
xz,coarse,coarse/pooled-w0.25,0.250,8,11108,9583,92,0.168564,0.177950,65898,517,41473
xz,coarse,coarse/pooled-w0.25,0.250,16,10898,9394,83,0.165377,0.160542,65898,517,41473
xz,coarse,coarse/pooled-w0.25,0.250,32,11012,9480,90,0.167107,0.174081,65898,517,41473
xz,coarse,coarse/best-ev-tested-w0.05,0.050,1,158236,127063,135,0.259958,0.238095,608698,567,41473
xz,coarse,coarse/best-ev-tested-w0.05,0.050,2,119067,97345,123,0.195609,0.216931,608698,567,41473
xz,coarse,coarse/best-ev-tested-w0.05,0.050,4,99100,79899,236,0.162807,0.416226,608698,567,41473
xz,coarse,coarse/best-ev-tested-w0.05,0.050,8,85742,69028,27,0.140861,0.047619,608698,567,41473
xz,coarse,coarse/best-ev-tested-w0.05,0.050,16,76857,60936,32,0.126265,0.056437,608698,567,41473
xz,coarse,coarse/best-ev-tested-w0.05,0.050,32,69696,52530,14,0.114500,0.024691,608698,567,41473
xz,coarse,coarse/best-ev-tested-w0.25,0.250,1,52007,41584,123,0.210236,0.225275,247374,546,41473
xz,coarse,coarse/best-ev-tested-w0.25,0.250,2,45776,37541,56,0.185048,0.102564,247374,546,41473
xz,coarse,coarse/best-ev-tested-w0.25,0.250,4,41770,33588,245,0.168854,0.448718,247374,546,41473
xz,coarse,coarse/best-ev-tested-w0.25,0.250,8,38262,30871,88,0.154673,0.161172,247374,546,41473
xz,coarse,coarse/best-ev-tested-w0.25,0.250,16,35772,28298,16,0.144607,0.029304,247374,546,41473
xz,coarse,coarse/best-ev-tested-w0.25,0.250,32,33787,25102,18,0.136583,0.032967,247374,546,41473
xz,h16,h16/best-ev-w0.05,0.050,1,66462,52603,32,0.068965,0.046243,963710,692,41473
xz,h16,h16/best-ev-w0.05,0.050,2,65362,52325,128,0.067823,0.184971,963710,692,41473
xz,h16,h16/best-ev-w0.05,0.050,3,64138,49201,7,0.066553,0.010116,963710,692,41473
xz,h16,h16/best-ev-w0.05,0.050,4,63380,50048,256,0.065767,0.369942,963710,692,41473
xz,h16,h16/best-ev-w0.05,0.050,5,62190,47944,5,0.064532,0.007225,963710,692,41473
xz,h16,h16/best-ev-w0.05,0.050,6,61438,48349,91,0.063752,0.131503,963710,692,41473
xz,h16,h16/best-ev-w0.05,0.050,7,60629,47069,6,0.062912,0.008671,963710,692,41473
xz,h16,h16/best-ev-w0.05,0.050,8,59905,46898,4,0.062161,0.005780,963710,692,41473
xz,h16,h16/best-ev-w0.05,0.050,9,59349,46405,16,0.061584,0.023121,963710,692,41473
xz,h16,h16/best-ev-w0.05,0.050,10,58845,45892,21,0.061061,0.030347,963710,692,41473
xz,h16,h16/best-ev-w0.05,0.050,11,58236,45117,18,0.060429,0.026012,963710,692,41473
xz,h16,h16/best-ev-w0.05,0.050,12,57789,44709,26,0.059965,0.037572,963710,692,41473
xz,h16,h16/best-ev-w0.05,0.050,13,57174,43081,26,0.059327,0.037572,963710,692,41473
xz,h16,h16/best-ev-w0.05,0.050,14,56769,43391,28,0.058907,0.040462,963710,692,41473
xz,h16,h16/best-ev-w0.05,0.050,15,56231,42985,15,0.058348,0.021676,963710,692,41473
xz,h16,h16/best-ev-w0.05,0.050,16,55813,43388,13,0.057915,0.018786,963710,692,41473
xz,h16,h16/best-ev-w0.25,0.250,1,35123,27931,31,0.072183,0.048666,486584,637,41473
xz,h16,h16/best-ev-w0.25,0.250,2,34250,27726,125,0.070389,0.196232,486584,637,41473
xz,h16,h16/best-ev-w0.25,0.250,3,33241,25741,2,0.068315,0.003140,486584,637,41473
xz,h16,h16/best-ev-w0.25,0.250,4,32777,26091,253,0.067361,0.397174,486584,637,41473
xz,h16,h16/best-ev-w0.25,0.250,5,31856,24822,4,0.065469,0.006279,486584,637,41473
xz,h16,h16/best-ev-w0.25,0.250,6,31346,24910,85,0.064421,0.133438,486584,637,41473
xz,h16,h16/best-ev-w0.25,0.250,7,30713,24170,4,0.063120,0.006279,486584,637,41473
xz,h16,h16/best-ev-w0.25,0.250,8,30206,24006,4,0.062078,0.006279,486584,637,41473
xz,h16,h16/best-ev-w0.25,0.250,9,29753,23697,12,0.061147,0.018838,486584,637,41473
xz,h16,h16/best-ev-w0.25,0.250,10,29355,23278,14,0.060329,0.021978,486584,637,41473
xz,h16,h16/best-ev-w0.25,0.250,11,28883,22697,6,0.059359,0.009419,486584,637,41473
xz,h16,h16/best-ev-w0.25,0.250,12,28526,22258,24,0.058625,0.037677,486584,637,41473
xz,h16,h16/best-ev-w0.25,0.250,13,28174,21565,33,0.057902,0.051805,486584,637,41473
xz,h16,h16/best-ev-w0.25,0.250,14,27825,21552,26,0.057184,0.040816,486584,637,41473
xz,h16,h16/best-ev-w0.25,0.250,15,27423,21219,10,0.056358,0.015699,486584,637,41473
xz,h16,h16/best-ev-w0.25,0.250,16,27133,21286,4,0.055762,0.006279,486584,637,41473
xz,h16,h16/uniform-random-w0.01,0.010,1,98039,78574,20,0.065004,0.033670,1508197,594,41473
xz,h16,h16/uniform-random-w0.01,0.010,2,96481,77495,17,0.063971,0.028620,1508197,594,41473
xz,h16,h16/uniform-random-w0.01,0.010,3,90926,69073,11,0.060288,0.018519,1508197,594,41473
xz,h16,h16/uniform-random-w0.01,0.010,4,90339,71070,7,0.059899,0.011785,1508197,594,41473
xz,h16,h16/uniform-random-w0.01,0.010,5,88482,67492,7,0.058667,0.011785,1508197,594,41473
xz,h16,h16/uniform-random-w0.01,0.010,6,89106,68923,19,0.059081,0.031987,1508197,594,41473
xz,h16,h16/uniform-random-w0.01,0.010,7,89537,68025,18,0.059367,0.030303,1508197,594,41473
xz,h16,h16/uniform-random-w0.01,0.010,8,89522,68941,24,0.059357,0.040404,1508197,594,41473
xz,h16,h16/uniform-random-w0.01,0.010,9,91421,70583,34,0.060616,0.057239,1508197,594,41473
xz,h16,h16/uniform-random-w0.01,0.010,10,94113,73214,47,0.062401,0.079125,1508197,594,41473
xz,h16,h16/uniform-random-w0.01,0.010,11,95324,73713,43,0.063204,0.072391,1508197,594,41473
xz,h16,h16/uniform-random-w0.01,0.010,12,99129,76976,56,0.065727,0.094276,1508197,594,41473
xz,h16,h16/uniform-random-w0.01,0.010,13,96320,72734,47,0.063864,0.079125,1508197,594,41473
xz,h16,h16/uniform-random-w0.01,0.010,14,100651,77654,63,0.066736,0.106061,1508197,594,41473
xz,h16,h16/uniform-random-w0.01,0.010,15,98909,75565,85,0.065581,0.143098,1508197,594,41473
xz,h16,h16/uniform-random-w0.01,0.010,16,99898,77170,96,0.066237,0.161616,1508197,594,41473
xz,h16,h16/uniform-random-w0.02,0.020,1,85620,68644,18,0.064691,0.031142,1323514,578,41473
xz,h16,h16/uniform-random-w0.02,0.020,2,84274,67901,16,0.063674,0.027682,1323514,578,41473
xz,h16,h16/uniform-random-w0.02,0.020,3,80302,61292,11,0.060673,0.019031,1323514,578,41473
xz,h16,h16/uniform-random-w0.02,0.020,4,79870,63114,6,0.060347,0.010381,1323514,578,41473
xz,h16,h16/uniform-random-w0.02,0.020,5,78269,60103,6,0.059137,0.010381,1323514,578,41473
xz,h16,h16/uniform-random-w0.02,0.020,6,78744,61204,19,0.059496,0.032872,1323514,578,41473
xz,h16,h16/uniform-random-w0.02,0.020,7,78806,60382,16,0.059543,0.027682,1323514,578,41473
xz,h16,h16/uniform-random-w0.02,0.020,8,79049,61364,24,0.059727,0.041522,1323514,578,41473
xz,h16,h16/uniform-random-w0.02,0.020,9,80484,62616,31,0.060811,0.053633,1323514,578,41473
xz,h16,h16/uniform-random-w0.02,0.020,10,82524,64497,46,0.062352,0.079585,1323514,578,41473
xz,h16,h16/uniform-random-w0.02,0.020,11,83570,64854,42,0.063143,0.072664,1323514,578,41473
xz,h16,h16/uniform-random-w0.02,0.020,12,86468,67232,53,0.065332,0.091696,1323514,578,41473
xz,h16,h16/uniform-random-w0.02,0.020,13,84322,63892,47,0.063711,0.081315,1323514,578,41473
xz,h16,h16/uniform-random-w0.02,0.020,14,87647,67814,63,0.066223,0.108997,1323514,578,41473
xz,h16,h16/uniform-random-w0.02,0.020,15,86247,66235,85,0.065165,0.147059,1323514,578,41473
xz,h16,h16/uniform-random-w0.02,0.020,16,87318,67702,95,0.065974,0.164360,1323514,578,41473
xz,h16,h16/uniform-random-w0.05,0.050,1,65189,52298,18,0.064170,0.032550,1015875,553,41473
xz,h16,h16/uniform-random-w0.05,0.050,2,64248,51988,14,0.063244,0.025316,1015875,553,41473
xz,h16,h16/uniform-random-w0.05,0.050,3,62147,47690,9,0.061176,0.016275,1015875,553,41473
xz,h16,h16/uniform-random-w0.05,0.050,4,61615,48813,5,0.060652,0.009042,1015875,553,41473
xz,h16,h16/uniform-random-w0.05,0.050,5,60518,46756,5,0.059572,0.009042,1015875,553,41473
xz,h16,h16/uniform-random-w0.05,0.050,6,61157,47899,19,0.060201,0.034358,1015875,553,41473
xz,h16,h16/uniform-random-w0.05,0.050,7,61141,47402,15,0.060186,0.027125,1015875,553,41473
xz,h16,h16/uniform-random-w0.05,0.050,8,61380,48182,24,0.060421,0.043400,1015875,553,41473
xz,h16,h16/uniform-random-w0.05,0.050,9,62387,49151,30,0.061412,0.054250,1015875,553,41473
xz,h16,h16/uniform-random-w0.05,0.050,10,63610,50030,45,0.062616,0.081374,1015875,553,41473
xz,h16,h16/uniform-random-w0.05,0.050,11,64266,50213,39,0.063262,0.070524,1015875,553,41473
xz,h16,h16/uniform-random-w0.05,0.050,12,65687,51296,51,0.064661,0.092224,1015875,553,41473
xz,h16,h16/uniform-random-w0.05,0.050,13,64419,49076,46,0.063412,0.083183,1015875,553,41473
xz,h16,h16/uniform-random-w0.05,0.050,14,66389,51485,58,0.065352,0.104882,1015875,553,41473
xz,h16,h16/uniform-random-w0.05,0.050,15,65645,50722,84,0.064619,0.151899,1015875,553,41473
xz,h16,h16/uniform-random-w0.05,0.050,16,66077,51498,91,0.065044,0.164557,1015875,553,41473
xz,h16,h16/uniform-random-w0.10,0.100,1,47919,38498,15,0.063836,0.028249,750654,531,41473
xz,h16,h16/uniform-random-w0.10,0.100,2,47312,38377,14,0.063028,0.026365,750654,531,41473
xz,h16,h16/uniform-random-w0.10,0.100,3,46075,35515,9,0.061380,0.016949,750654,531,41473
xz,h16,h16/uniform-random-w0.10,0.100,4,45813,36358,5,0.061031,0.009416,750654,531,41473
xz,h16,h16/uniform-random-w0.10,0.100,5,45276,35176,6,0.060315,0.011299,750654,531,41473
xz,h16,h16/uniform-random-w0.10,0.100,6,45623,36021,18,0.060778,0.033898,750654,531,41473
xz,h16,h16/uniform-random-w0.10,0.100,7,45708,35814,16,0.060891,0.030132,750654,531,41473
xz,h16,h16/uniform-random-w0.10,0.100,8,45638,36091,22,0.060798,0.041431,750654,531,41473
xz,h16,h16/uniform-random-w0.10,0.100,9,46385,36849,29,0.061793,0.054614,750654,531,41473
xz,h16,h16/uniform-random-w0.10,0.100,10,47078,37214,40,0.062716,0.075330,750654,531,41473
xz,h16,h16/uniform-random-w0.10,0.100,11,47327,37227,37,0.063048,0.069680,750654,531,41473
xz,h16,h16/uniform-random-w0.10,0.100,12,48033,37649,45,0.063988,0.084746,750654,531,41473
xz,h16,h16/uniform-random-w0.10,0.100,13,47441,36208,45,0.063200,0.084746,750654,531,41473
xz,h16,h16/uniform-random-w0.10,0.100,14,48503,37679,56,0.064614,0.105461,750654,531,41473
xz,h16,h16/uniform-random-w0.10,0.100,15,48190,37335,84,0.064197,0.158192,750654,531,41473
xz,h16,h16/uniform-random-w0.10,0.100,16,48333,37792,90,0.064388,0.169492,750654,531,41473
xz,h16,h16/uniform-random-w0.25,0.250,1,30611,24597,12,0.063363,0.024291,483108,494,41473
xz,h16,h16/uniform-random-w0.25,0.250,2,30317,24667,15,0.062754,0.030364,483108,494,41473
xz,h16,h16/uniform-random-w0.25,0.250,3,29788,23092,6,0.061659,0.012146,483108,494,41473
xz,h16,h16/uniform-random-w0.25,0.250,4,29752,23669,5,0.061585,0.010121,483108,494,41473
xz,h16,h16/uniform-random-w0.25,0.250,5,29478,23043,5,0.061017,0.010121,483108,494,41473
xz,h16,h16/uniform-random-w0.25,0.250,6,29655,23580,19,0.061384,0.038462,483108,494,41473
xz,h16,h16/uniform-random-w0.25,0.250,7,29671,23400,14,0.061417,0.028340,483108,494,41473
xz,h16,h16/uniform-random-w0.25,0.250,8,29605,23549,22,0.061280,0.044534,483108,494,41473
xz,h16,h16/uniform-random-w0.25,0.250,9,30120,24074,24,0.062346,0.048583,483108,494,41473
xz,h16,h16/uniform-random-w0.25,0.250,10,30331,24116,34,0.062783,0.068826,483108,494,41473
xz,h16,h16/uniform-random-w0.25,0.250,11,30324,23983,35,0.062769,0.070850,483108,494,41473
xz,h16,h16/uniform-random-w0.25,0.250,12,30643,24061,40,0.063429,0.080972,483108,494,41473
xz,h16,h16/uniform-random-w0.25,0.250,13,30452,23340,44,0.063034,0.089069,483108,494,41473
xz,h16,h16/uniform-random-w0.25,0.250,14,30804,24020,52,0.063762,0.105263,483108,494,41473
xz,h16,h16/uniform-random-w0.25,0.250,15,30742,23945,82,0.063634,0.165992,483108,494,41473
xz,h16,h16/uniform-random-w0.25,0.250,16,30815,24165,85,0.063785,0.172065,483108,494,41473
xz,h16,h16/pooled-w0.05,0.050,1,10594,9194,33,0.062253,0.064078,170176,515,41473
xz,h16,h16/pooled-w0.05,0.050,2,10656,9231,32,0.062618,0.062136,170176,515,41473
xz,h16,h16/pooled-w0.05,0.050,3,10710,9240,23,0.062935,0.044660,170176,515,41473
xz,h16,h16/pooled-w0.05,0.050,4,10555,9113,34,0.062024,0.066019,170176,515,41473
xz,h16,h16/pooled-w0.05,0.050,5,10647,9213,30,0.062565,0.058252,170176,515,41473
xz,h16,h16/pooled-w0.05,0.050,6,10559,9095,34,0.062048,0.066019,170176,515,41473
xz,h16,h16/pooled-w0.05,0.050,7,10554,9070,34,0.062018,0.066019,170176,515,41473
xz,h16,h16/pooled-w0.05,0.050,8,10812,9344,32,0.063534,0.062136,170176,515,41473
xz,h16,h16/pooled-w0.05,0.050,9,10686,9277,35,0.062794,0.067961,170176,515,41473
xz,h16,h16/pooled-w0.05,0.050,10,10685,9219,29,0.062788,0.056311,170176,515,41473
xz,h16,h16/pooled-w0.05,0.050,11,10594,9165,30,0.062253,0.058252,170176,515,41473
xz,h16,h16/pooled-w0.05,0.050,12,10527,9135,41,0.061859,0.079612,170176,515,41473
xz,h16,h16/pooled-w0.05,0.050,13,10752,9239,36,0.063182,0.069903,170176,515,41473
xz,h16,h16/pooled-w0.05,0.050,14,10567,9109,29,0.062095,0.056311,170176,515,41473
xz,h16,h16/pooled-w0.05,0.050,15,10570,9133,32,0.062112,0.062136,170176,515,41473
xz,h16,h16/pooled-w0.05,0.050,16,10708,9200,31,0.062923,0.060194,170176,515,41473
xz,h16,h16/pooled-w0.25,0.250,1,4005,3389,29,0.063046,0.056974,63525,509,41473
xz,h16,h16/pooled-w0.25,0.250,2,3985,3382,37,0.062731,0.072692,63525,509,41473
xz,h16,h16/pooled-w0.25,0.250,3,3874,3315,34,0.060984,0.066798,63525,509,41473
xz,h16,h16/pooled-w0.25,0.250,4,3971,3344,39,0.062511,0.076621,63525,509,41473
xz,h16,h16/pooled-w0.25,0.250,5,3908,3285,27,0.061519,0.053045,63525,509,41473
xz,h16,h16/pooled-w0.25,0.250,6,3968,3369,25,0.062464,0.049116,63525,509,41473
xz,h16,h16/pooled-w0.25,0.250,7,3892,3266,29,0.061267,0.056974,63525,509,41473
xz,h16,h16/pooled-w0.25,0.250,8,4063,3476,38,0.063959,0.074656,63525,509,41473
xz,h16,h16/pooled-w0.25,0.250,9,4005,3399,26,0.063046,0.051081,63525,509,41473
xz,h16,h16/pooled-w0.25,0.250,10,3975,3352,28,0.062574,0.055010,63525,509,41473
xz,h16,h16/pooled-w0.25,0.250,11,4039,3461,39,0.063581,0.076621,63525,509,41473
xz,h16,h16/pooled-w0.25,0.250,12,3924,3337,39,0.061771,0.076621,63525,509,41473
xz,h16,h16/pooled-w0.25,0.250,13,4018,3389,24,0.063251,0.047151,63525,509,41473
xz,h16,h16/pooled-w0.25,0.250,14,3931,3342,27,0.061881,0.053045,63525,509,41473
xz,h16,h16/pooled-w0.25,0.250,15,4040,3407,38,0.063597,0.074656,63525,509,41473
xz,h16,h16/pooled-w0.25,0.250,16,3927,3311,30,0.061818,0.058939,63525,509,41473
xz,h16,h16/best-ev-tested-w0.05,0.050,1,155750,124630,120,0.154128,0.195440,1010521,614,41473
xz,h16,h16/best-ev-tested-w0.05,0.050,2,114663,93272,156,0.113469,0.254072,1010521,614,41473
xz,h16,h16/best-ev-tested-w0.05,0.050,3,93403,72516,16,0.092431,0.026059,1010521,614,41473
xz,h16,h16/best-ev-tested-w0.05,0.050,4,80138,63669,218,0.079304,0.355049,1010521,614,41473
xz,h16,h16/best-ev-tested-w0.05,0.050,5,70282,54540,23,0.069550,0.037459,1010521,614,41473
xz,h16,h16/best-ev-tested-w0.05,0.050,6,62873,49893,24,0.062218,0.039088,1010521,614,41473
xz,h16,h16/best-ev-tested-w0.05,0.050,7,57183,44780,6,0.056588,0.009772,1010521,614,41473
xz,h16,h16/best-ev-tested-w0.05,0.050,8,52547,41663,2,0.052000,0.003257,1010521,614,41473
xz,h16,h16/best-ev-tested-w0.05,0.050,9,48956,38590,7,0.048446,0.011401,1010521,614,41473
xz,h16,h16/best-ev-tested-w0.05,0.050,10,45951,36095,11,0.045473,0.017915,1010521,614,41473
xz,h16,h16/best-ev-tested-w0.05,0.050,11,43004,33643,3,0.042556,0.004886,1010521,614,41473
xz,h16,h16/best-ev-tested-w0.05,0.050,12,40894,32219,13,0.040468,0.021173,1010521,614,41473
xz,h16,h16/best-ev-tested-w0.05,0.050,13,38808,29821,2,0.038404,0.003257,1010521,614,41473
xz,h16,h16/best-ev-tested-w0.05,0.050,14,37009,28655,6,0.036624,0.009772,1010521,614,41473
xz,h16,h16/best-ev-tested-w0.05,0.050,15,35279,27364,4,0.034912,0.006515,1010521,614,41473
xz,h16,h16/best-ev-tested-w0.05,0.050,16,33781,26641,3,0.033429,0.004886,1010521,614,41473
xz,h16,h16/best-ev-tested-w0.25,0.250,1,51349,40901,52,0.104522,0.089810,491273,579,41473
xz,h16,h16/best-ev-tested-w0.25,0.250,2,44770,36500,136,0.091131,0.234888,491273,579,41473
xz,h16,h16/best-ev-tested-w0.25,0.250,3,40015,31028,8,0.081452,0.013817,491273,579,41473
xz,h16,h16/best-ev-tested-w0.25,0.250,4,36806,29261,237,0.074920,0.409326,491273,579,41473
xz,h16,h16/best-ev-tested-w0.25,0.250,5,33913,26428,4,0.069031,0.006908,491273,579,41473
xz,h16,h16/best-ev-tested-w0.25,0.250,6,31920,25354,83,0.064974,0.143351,491273,579,41473
xz,h16,h16/best-ev-tested-w0.25,0.250,7,30103,23766,2,0.061276,0.003454,491273,579,41473
xz,h16,h16/best-ev-tested-w0.25,0.250,8,28549,22823,2,0.058112,0.003454,491273,579,41473
xz,h16,h16/best-ev-tested-w0.25,0.250,9,27306,21953,4,0.055582,0.006908,491273,579,41473
xz,h16,h16/best-ev-tested-w0.25,0.250,10,26260,20937,12,0.053453,0.020725,491273,579,41473
xz,h16,h16/best-ev-tested-w0.25,0.250,11,25309,19971,3,0.051517,0.005181,491273,579,41473
xz,h16,h16/best-ev-tested-w0.25,0.250,12,24455,19258,8,0.049779,0.013817,491273,579,41473
xz,h16,h16/best-ev-tested-w0.25,0.250,13,23679,18270,7,0.048199,0.012090,491273,579,41473
xz,h16,h16/best-ev-tested-w0.25,0.250,14,22958,17870,9,0.046732,0.015544,491273,579,41473
xz,h16,h16/best-ev-tested-w0.25,0.250,15,22287,17338,1,0.045366,0.001727,491273,579,41473
xz,h16,h16/best-ev-tested-w0.25,0.250,16,21594,17066,11,0.043955,0.018998,491273,579,41473
xz,h32,h32/best-ev-w0.05,0.050,1,44145,34280,30,0.037846,0.040984,1166431,732,41473
xz,h32,h32/best-ev-w0.05,0.050,2,43272,34253,124,0.037098,0.169399,1166431,732,41473
xz,h32,h32/best-ev-w0.05,0.050,3,42265,31646,4,0.036234,0.005464,1166431,732,41473
xz,h32,h32/best-ev-w0.05,0.050,4,41702,32408,254,0.035752,0.346995,1166431,732,41473
xz,h32,h32/best-ev-w0.05,0.050,5,40694,30375,2,0.034888,0.002732,1166431,732,41473
xz,h32,h32/best-ev-w0.05,0.050,6,40105,30652,90,0.034383,0.122951,1166431,732,41473
xz,h32,h32/best-ev-w0.05,0.050,7,39470,29501,7,0.033838,0.009563,1166431,732,41473
xz,h32,h32/best-ev-w0.05,0.050,8,38897,29359,3,0.033347,0.004098,1166431,732,41473
xz,h32,h32/best-ev-w0.05,0.050,9,38438,28913,9,0.032954,0.012295,1166431,732,41473
xz,h32,h32/best-ev-w0.05,0.050,10,38079,28608,14,0.032646,0.019126,1166431,732,41473
xz,h32,h32/best-ev-w0.05,0.050,11,37640,28125,10,0.032269,0.013661,1166431,732,41473
xz,h32,h32/best-ev-w0.05,0.050,12,37325,27969,24,0.031999,0.032787,1166431,732,41473
xz,h32,h32/best-ev-w0.05,0.050,13,36886,26682,12,0.031623,0.016393,1166431,732,41473
xz,h32,h32/best-ev-w0.05,0.050,14,36641,27051,20,0.031413,0.027322,1166431,732,41473
xz,h32,h32/best-ev-w0.05,0.050,15,36186,26747,3,0.031023,0.004098,1166431,732,41473
xz,h32,h32/best-ev-w0.05,0.050,16,35887,27137,4,0.030767,0.005464,1166431,732,41473
xz,h32,h32/best-ev-w0.05,0.050,17,35558,26618,5,0.030484,0.006831,1166431,732,41473
xz,h32,h32/best-ev-w0.05,0.050,18,35266,26896,2,0.030234,0.002732,1166431,732,41473
xz,h32,h32/best-ev-w0.05,0.050,19,35024,26454,14,0.030027,0.019126,1166431,732,41473
xz,h32,h32/best-ev-w0.05,0.050,20,34687,26125,2,0.029738,0.002732,1166431,732,41473
xz,h32,h32/best-ev-w0.05,0.050,21,34415,25144,5,0.029505,0.006831,1166431,732,41473
xz,h32,h32/best-ev-w0.05,0.050,22,34210,25056,7,0.029329,0.009563,1166431,732,41473
xz,h32,h32/best-ev-w0.05,0.050,23,33903,25107,6,0.029066,0.008197,1166431,732,41473
xz,h32,h32/best-ev-w0.05,0.050,24,33805,25371,13,0.028982,0.017760,1166431,732,41473
xz,h32,h32/best-ev-w0.05,0.050,25,33486,25023,2,0.028708,0.002732,1166431,732,41473
xz,h32,h32/best-ev-w0.05,0.050,26,33293,25407,12,0.028543,0.016393,1166431,732,41473
xz,h32,h32/best-ev-w0.05,0.050,27,33027,25176,9,0.028315,0.012295,1166431,732,41473
xz,h32,h32/best-ev-w0.05,0.050,28,32852,24867,10,0.028165,0.013661,1166431,732,41473
xz,h32,h32/best-ev-w0.05,0.050,29,32574,24036,1,0.027926,0.001366,1166431,732,41473
xz,h32,h32/best-ev-w0.05,0.050,30,32473,23632,18,0.027840,0.024590,1166431,732,41473
xz,h32,h32/best-ev-w0.05,0.050,31,32219,23296,12,0.027622,0.016393,1166431,732,41473
xz,h32,h32/best-ev-w0.05,0.050,32,32007,23063,4,0.027440,0.005464,1166431,732,41473
xz,h32,h32/best-ev-w0.25,0.250,1,28462,22513,30,0.040527,0.043228,702296,694,41473
xz,h32,h32/best-ev-w0.25,0.250,2,27686,22217,123,0.039422,0.177233,702296,694,41473
xz,h32,h32/best-ev-w0.25,0.250,3,26804,20511,8,0.038166,0.011527,702296,694,41473
xz,h32,h32/best-ev-w0.25,0.250,4,26353,20764,250,0.037524,0.360231,702296,694,41473
xz,h32,h32/best-ev-w0.25,0.250,5,25480,19602,3,0.036281,0.004323,702296,694,41473
xz,h32,h32/best-ev-w0.25,0.250,6,25033,19621,82,0.035645,0.118156,702296,694,41473
xz,h32,h32/best-ev-w0.25,0.250,7,24469,18970,3,0.034841,0.004323,702296,694,41473
xz,h32,h32/best-ev-w0.25,0.250,8,24021,18819,5,0.034204,0.007205,702296,694,41473
xz,h32,h32/best-ev-w0.25,0.250,9,23602,18538,8,0.033607,0.011527,702296,694,41473
xz,h32,h32/best-ev-w0.25,0.250,10,23252,18092,8,0.033109,0.011527,702296,694,41473
xz,h32,h32/best-ev-w0.25,0.250,11,22945,17696,15,0.032671,0.021614,702296,694,41473
xz,h32,h32/best-ev-w0.25,0.250,12,22649,17358,24,0.032250,0.034582,702296,694,41473
xz,h32,h32/best-ev-w0.25,0.250,13,22310,16735,12,0.031767,0.017291,702296,694,41473
xz,h32,h32/best-ev-w0.25,0.250,14,22018,16735,15,0.031351,0.021614,702296,694,41473
xz,h32,h32/best-ev-w0.25,0.250,15,21708,16507,2,0.030910,0.002882,702296,694,41473
xz,h32,h32/best-ev-w0.25,0.250,16,21453,16537,7,0.030547,0.010086,702296,694,41473
xz,h32,h32/best-ev-w0.25,0.250,17,21180,16186,10,0.030158,0.014409,702296,694,41473
xz,h32,h32/best-ev-w0.25,0.250,18,20917,16265,5,0.029784,0.007205,702296,694,41473
xz,h32,h32/best-ev-w0.25,0.250,19,20705,15982,10,0.029482,0.014409,702296,694,41473
xz,h32,h32/best-ev-w0.25,0.250,20,20464,15683,3,0.029139,0.004323,702296,694,41473
xz,h32,h32/best-ev-w0.25,0.250,21,20236,15076,1,0.028814,0.001441,702296,694,41473
xz,h32,h32/best-ev-w0.25,0.250,22,20045,14941,9,0.028542,0.012968,702296,694,41473
xz,h32,h32/best-ev-w0.25,0.250,23,19824,14920,2,0.028227,0.002882,702296,694,41473
xz,h32,h32/best-ev-w0.25,0.250,24,19674,14778,8,0.028014,0.011527,702296,694,41473
xz,h32,h32/best-ev-w0.25,0.250,25,19487,14698,11,0.027748,0.015850,702296,694,41473
xz,h32,h32/best-ev-w0.25,0.250,26,19322,14863,11,0.027513,0.015850,702296,694,41473
xz,h32,h32/best-ev-w0.25,0.250,27,19110,14697,3,0.027211,0.004323,702296,694,41473
xz,h32,h32/best-ev-w0.25,0.250,28,18950,14478,7,0.026983,0.010086,702296,694,41473
xz,h32,h32/best-ev-w0.25,0.250,29,18775,13961,2,0.026734,0.002882,702296,694,41473
xz,h32,h32/best-ev-w0.25,0.250,30,18634,13722,12,0.026533,0.017291,702296,694,41473
xz,h32,h32/best-ev-w0.25,0.250,31,18437,13423,2,0.026252,0.002882,702296,694,41473
xz,h32,h32/best-ev-w0.25,0.250,32,18291,13313,3,0.026045,0.004323,702296,694,41473
xz,h32,h32/uniform-random-w0.01,0.010,1,61612,49148,9,0.034723,0.013975,1774362,644,41473
xz,h32,h32/uniform-random-w0.01,0.010,2,60153,48061,10,0.033901,0.015528,1774362,644,41473
xz,h32,h32/uniform-random-w0.01,0.010,3,55036,41179,7,0.031017,0.010870,1774362,644,41473
xz,h32,h32/uniform-random-w0.01,0.010,4,53767,41630,5,0.030302,0.007764,1774362,644,41473
xz,h32,h32/uniform-random-w0.01,0.010,5,53439,39983,2,0.030117,0.003106,1774362,644,41473
xz,h32,h32/uniform-random-w0.01,0.010,6,52491,39707,8,0.029583,0.012422,1774362,644,41473
xz,h32,h32/uniform-random-w0.01,0.010,7,53078,39023,11,0.029914,0.017081,1774362,644,41473
xz,h32,h32/uniform-random-w0.01,0.010,8,52443,39205,12,0.029556,0.018634,1774362,644,41473
xz,h32,h32/uniform-random-w0.01,0.010,9,53078,39640,8,0.029914,0.012422,1774362,644,41473
xz,h32,h32/uniform-random-w0.01,0.010,10,54924,41600,16,0.030954,0.024845,1774362,644,41473
xz,h32,h32/uniform-random-w0.01,0.010,11,55095,41403,11,0.031051,0.017081,1774362,644,41473
xz,h32,h32/uniform-random-w0.01,0.010,12,57620,43512,13,0.032474,0.020186,1774362,644,41473
xz,h32,h32/uniform-random-w0.01,0.010,13,53650,38831,13,0.030236,0.020186,1774362,644,41473
xz,h32,h32/uniform-random-w0.01,0.010,14,55315,41196,16,0.031175,0.024845,1774362,644,41473
xz,h32,h32/uniform-random-w0.01,0.010,15,52933,38543,22,0.029832,0.034161,1774362,644,41473
xz,h32,h32/uniform-random-w0.01,0.010,16,52915,38854,20,0.029822,0.031056,1774362,644,41473
xz,h32,h32/uniform-random-w0.01,0.010,17,52461,38095,18,0.029566,0.027950,1774362,644,41473
xz,h32,h32/uniform-random-w0.01,0.010,18,53584,39619,21,0.030199,0.032609,1774362,644,41473
xz,h32,h32/uniform-random-w0.01,0.010,19,53553,39262,12,0.030182,0.018634,1774362,644,41473
xz,h32,h32/uniform-random-w0.01,0.010,20,53659,39406,8,0.030241,0.012422,1774362,644,41473
xz,h32,h32/uniform-random-w0.01,0.010,21,53606,38559,14,0.030211,0.021739,1774362,644,41473
xz,h32,h32/uniform-random-w0.01,0.010,22,55308,40052,27,0.031171,0.041925,1774362,644,41473
xz,h32,h32/uniform-random-w0.01,0.010,23,55186,40355,23,0.031102,0.035714,1774362,644,41473
xz,h32,h32/uniform-random-w0.01,0.010,24,57777,42486,34,0.032562,0.052795,1774362,644,41473
xz,h32,h32/uniform-random-w0.01,0.010,25,56472,41172,24,0.031827,0.037267,1774362,644,41473
xz,h32,h32/uniform-random-w0.01,0.010,26,58492,43668,35,0.032965,0.054348,1774362,644,41473
xz,h32,h32/uniform-random-w0.01,0.010,27,56347,41835,36,0.031756,0.055901,1774362,644,41473
xz,h32,h32/uniform-random-w0.01,0.010,28,57504,42513,39,0.032408,0.060559,1774362,644,41473
xz,h32,h32/uniform-random-w0.01,0.010,29,56780,41098,32,0.032000,0.049689,1774362,644,41473
xz,h32,h32/uniform-random-w0.01,0.010,30,58035,41595,40,0.032708,0.062112,1774362,644,41473
xz,h32,h32/uniform-random-w0.01,0.010,31,58153,41243,42,0.032774,0.065217,1774362,644,41473
xz,h32,h32/uniform-random-w0.01,0.010,32,59896,42559,56,0.033756,0.086957,1774362,644,41473
xz,h32,h32/uniform-random-w0.02,0.020,1,55783,44539,9,0.034314,0.014286,1625666,630,41473
xz,h32,h32/uniform-random-w0.02,0.020,2,54592,43774,10,0.033581,0.015873,1625666,630,41473
xz,h32,h32/uniform-random-w0.02,0.020,3,50485,37992,7,0.031055,0.011111,1625666,630,41473
xz,h32,h32/uniform-random-w0.02,0.020,4,49563,38651,5,0.030488,0.007937,1625666,630,41473
xz,h32,h32/uniform-random-w0.02,0.020,5,49202,37209,1,0.030266,0.001587,1625666,630,41473
xz,h32,h32/uniform-random-w0.02,0.020,6,48375,36847,8,0.029757,0.012698,1625666,630,41473
xz,h32,h32/uniform-random-w0.02,0.020,7,48736,36220,10,0.029979,0.015873,1625666,630,41473
xz,h32,h32/uniform-random-w0.02,0.020,8,48290,36484,12,0.029705,0.019048,1625666,630,41473
xz,h32,h32/uniform-random-w0.02,0.020,9,48873,36903,8,0.030063,0.012698,1625666,630,41473
xz,h32,h32/uniform-random-w0.02,0.020,10,50158,38223,15,0.030854,0.023810,1625666,630,41473
xz,h32,h32/uniform-random-w0.02,0.020,11,50183,37945,11,0.030869,0.017460,1625666,630,41473
xz,h32,h32/uniform-random-w0.02,0.020,12,52296,39665,12,0.032169,0.019048,1625666,630,41473
xz,h32,h32/uniform-random-w0.02,0.020,13,49115,35773,13,0.030212,0.020635,1625666,630,41473
xz,h32,h32/uniform-random-w0.02,0.020,14,50924,38182,16,0.031325,0.025397,1625666,630,41473
xz,h32,h32/uniform-random-w0.02,0.020,15,48838,35950,19,0.030042,0.030159,1625666,630,41473
xz,h32,h32/uniform-random-w0.02,0.020,16,48980,36372,19,0.030129,0.030159,1625666,630,41473
xz,h32,h32/uniform-random-w0.02,0.020,17,48620,35721,18,0.029908,0.028571,1625666,630,41473
xz,h32,h32/uniform-random-w0.02,0.020,18,49518,36985,20,0.030460,0.031746,1625666,630,41473
xz,h32,h32/uniform-random-w0.02,0.020,19,49428,36580,11,0.030405,0.017460,1625666,630,41473
xz,h32,h32/uniform-random-w0.02,0.020,20,49672,36868,8,0.030555,0.012698,1625666,630,41473
xz,h32,h32/uniform-random-w0.02,0.020,21,49448,35942,13,0.030417,0.020635,1625666,630,41473
xz,h32,h32/uniform-random-w0.02,0.020,22,50898,37140,27,0.031309,0.042857,1625666,630,41473
xz,h32,h32/uniform-random-w0.02,0.020,23,50696,37276,23,0.031185,0.036508,1625666,630,41473
xz,h32,h32/uniform-random-w0.02,0.020,24,52547,38807,34,0.032323,0.053968,1625666,630,41473
xz,h32,h32/uniform-random-w0.02,0.020,25,51461,37853,23,0.031655,0.036508,1625666,630,41473
xz,h32,h32/uniform-random-w0.02,0.020,26,53097,39843,35,0.032662,0.055556,1625666,630,41473
xz,h32,h32/uniform-random-w0.02,0.020,27,51554,38522,36,0.031713,0.057143,1625666,630,41473
xz,h32,h32/uniform-random-w0.02,0.020,28,52502,39088,39,0.032296,0.061905,1625666,630,41473
xz,h32,h32/uniform-random-w0.02,0.020,29,51761,37660,32,0.031840,0.050794,1625666,630,41473
xz,h32,h32/uniform-random-w0.02,0.020,30,52898,38198,39,0.032539,0.061905,1625666,630,41473
xz,h32,h32/uniform-random-w0.02,0.020,31,52863,37760,41,0.032518,0.065079,1625666,630,41473
xz,h32,h32/uniform-random-w0.02,0.020,32,54310,38868,56,0.033408,0.088889,1625666,630,41473
xz,h32,h32/uniform-random-w0.05,0.050,1,45014,36045,7,0.033670,0.011628,1336916,602,41473
xz,h32,h32/uniform-random-w0.05,0.050,2,44216,35628,9,0.033073,0.014950,1336916,602,41473
xz,h32,h32/uniform-random-w0.05,0.050,3,41632,31651,6,0.031140,0.009967,1336916,602,41473
xz,h32,h32/uniform-random-w0.05,0.050,4,41196,32426,5,0.030814,0.008306,1336916,602,41473
xz,h32,h32/uniform-random-w0.05,0.050,5,40871,31325,1,0.030571,0.001661,1336916,602,41473
xz,h32,h32/uniform-random-w0.05,0.050,6,40159,31006,8,0.030039,0.013289,1336916,602,41473
xz,h32,h32/uniform-random-w0.05,0.050,7,40316,30474,8,0.030156,0.013289,1336916,602,41473
xz,h32,h32/uniform-random-w0.05,0.050,8,40201,30933,12,0.030070,0.019934,1336916,602,41473
xz,h32,h32/uniform-random-w0.05,0.050,9,40698,31239,9,0.030442,0.014950,1336916,602,41473
xz,h32,h32/uniform-random-w0.05,0.050,10,41193,31808,14,0.030812,0.023256,1336916,602,41473
xz,h32,h32/uniform-random-w0.05,0.050,11,41183,31469,10,0.030804,0.016611,1336916,602,41473
xz,h32,h32/uniform-random-w0.05,0.050,12,42514,32509,12,0.031800,0.019934,1336916,602,41473
xz,h32,h32/uniform-random-w0.05,0.050,13,40573,29975,12,0.030348,0.019934,1336916,602,41473
xz,h32,h32/uniform-random-w0.05,0.050,14,42193,31984,15,0.031560,0.024917,1336916,602,41473
xz,h32,h32/uniform-random-w0.05,0.050,15,40605,30301,19,0.030372,0.031561,1336916,602,41473
xz,h32,h32/uniform-random-w0.05,0.050,16,40915,30920,17,0.030604,0.028239,1336916,602,41473
xz,h32,h32/uniform-random-w0.05,0.050,17,40527,30384,18,0.030314,0.029900,1336916,602,41473
xz,h32,h32/uniform-random-w0.05,0.050,18,41251,31324,20,0.030855,0.033223,1336916,602,41473
xz,h32,h32/uniform-random-w0.05,0.050,19,41209,30982,11,0.030824,0.018272,1336916,602,41473
xz,h32,h32/uniform-random-w0.05,0.050,20,41347,31107,8,0.030927,0.013289,1336916,602,41473
xz,h32,h32/uniform-random-w0.05,0.050,21,40724,29971,11,0.030461,0.018272,1336916,602,41473
xz,h32,h32/uniform-random-w0.05,0.050,22,41863,30822,26,0.031313,0.043189,1336916,602,41473
xz,h32,h32/uniform-random-w0.05,0.050,23,41507,30738,22,0.031047,0.036545,1336916,602,41473
xz,h32,h32/uniform-random-w0.05,0.050,24,42728,31756,30,0.031960,0.049834,1336916,602,41473
xz,h32,h32/uniform-random-w0.05,0.050,25,41812,31045,22,0.031275,0.036545,1336916,602,41473
xz,h32,h32/uniform-random-w0.05,0.050,26,43067,32554,32,0.032214,0.053156,1336916,602,41473
xz,h32,h32/uniform-random-w0.05,0.050,27,42045,31786,36,0.031449,0.059801,1336916,602,41473
xz,h32,h32/uniform-random-w0.05,0.050,28,42648,32057,37,0.031900,0.061462,1336916,602,41473
xz,h32,h32/uniform-random-w0.05,0.050,29,42408,31205,32,0.031721,0.053156,1336916,602,41473
xz,h32,h32/uniform-random-w0.05,0.050,30,43400,31673,36,0.032463,0.059801,1336916,602,41473
xz,h32,h32/uniform-random-w0.05,0.050,31,43029,31042,41,0.032185,0.068106,1336916,602,41473
xz,h32,h32/uniform-random-w0.05,0.050,32,43872,31665,56,0.032816,0.093023,1336916,602,41473
xz,h32,h32/uniform-random-w0.10,0.100,1,34800,27892,7,0.033175,0.012153,1048972,576,41473
xz,h32,h32/uniform-random-w0.10,0.100,2,34243,27728,8,0.032644,0.013889,1048972,576,41473
xz,h32,h32/uniform-random-w0.10,0.100,3,32768,25160,5,0.031238,0.008681,1048972,576,41473
xz,h32,h32/uniform-random-w0.10,0.100,4,32508,25764,4,0.030990,0.006944,1048972,576,41473
xz,h32,h32/uniform-random-w0.10,0.100,5,32164,24910,1,0.030662,0.001736,1048972,576,41473
xz,h32,h32/uniform-random-w0.10,0.100,6,31882,24819,9,0.030394,0.015625,1048972,576,41473
xz,h32,h32/uniform-random-w0.10,0.100,7,31961,24497,7,0.030469,0.012153,1048972,576,41473
xz,h32,h32/uniform-random-w0.10,0.100,8,31767,24832,11,0.030284,0.019097,1048972,576,41473
xz,h32,h32/uniform-random-w0.10,0.100,9,32129,25051,8,0.030629,0.013889,1048972,576,41473
xz,h32,h32/uniform-random-w0.10,0.100,10,32567,25413,13,0.031047,0.022569,1048972,576,41473
xz,h32,h32/uniform-random-w0.10,0.100,11,32574,25153,9,0.031053,0.015625,1048972,576,41473
xz,h32,h32/uniform-random-w0.10,0.100,12,33249,25623,11,0.031697,0.019097,1048972,576,41473
xz,h32,h32/uniform-random-w0.10,0.100,13,32164,24033,12,0.030662,0.020833,1048972,576,41473
xz,h32,h32/uniform-random-w0.10,0.100,14,33158,25313,14,0.031610,0.024306,1048972,576,41473
xz,h32,h32/uniform-random-w0.10,0.100,15,32270,24357,18,0.030763,0.031250,1048972,576,41473
xz,h32,h32/uniform-random-w0.10,0.100,16,32506,24847,18,0.030988,0.031250,1048972,576,41473
xz,h32,h32/uniform-random-w0.10,0.100,17,32164,24409,18,0.030662,0.031250,1048972,576,41473
xz,h32,h32/uniform-random-w0.10,0.100,18,32388,24891,20,0.030876,0.034722,1048972,576,41473
xz,h32,h32/uniform-random-w0.10,0.100,19,32523,24731,10,0.031005,0.017361,1048972,576,41473
xz,h32,h32/uniform-random-w0.10,0.100,20,32491,24696,8,0.030974,0.013889,1048972,576,41473
xz,h32,h32/uniform-random-w0.10,0.100,21,32029,23747,10,0.030534,0.017361,1048972,576,41473
xz,h32,h32/uniform-random-w0.10,0.100,22,32677,24184,25,0.031151,0.043403,1048972,576,41473
xz,h32,h32/uniform-random-w0.10,0.100,23,32469,24189,22,0.030953,0.038194,1048972,576,41473
xz,h32,h32/uniform-random-w0.10,0.100,24,33259,24806,30,0.031706,0.052083,1048972,576,41473
xz,h32,h32/uniform-random-w0.10,0.100,25,32575,24353,21,0.031054,0.036458,1048972,576,41473
xz,h32,h32/uniform-random-w0.10,0.100,26,33366,25260,29,0.031808,0.050347,1048972,576,41473
xz,h32,h32/uniform-random-w0.10,0.100,27,32733,24944,35,0.031205,0.060764,1048972,576,41473
xz,h32,h32/uniform-random-w0.10,0.100,28,33200,25102,35,0.031650,0.060764,1048972,576,41473
xz,h32,h32/uniform-random-w0.10,0.100,29,33088,24447,31,0.031543,0.053819,1048972,576,41473
xz,h32,h32/uniform-random-w0.10,0.100,30,33920,24839,34,0.032336,0.059028,1048972,576,41473
xz,h32,h32/uniform-random-w0.10,0.100,31,33509,24357,41,0.031945,0.071181,1048972,576,41473
xz,h32,h32/uniform-random-w0.10,0.100,32,33871,24561,52,0.032290,0.090278,1048972,576,41473
xz,h32,h32/uniform-random-w0.25,0.250,1,23598,18934,4,0.032568,0.007394,724571,541,41473
xz,h32,h32/uniform-random-w0.25,0.250,2,23403,19009,8,0.032299,0.014787,724571,541,41473
xz,h32,h32/uniform-random-w0.25,0.250,3,22545,17381,5,0.031115,0.009242,724571,541,41473
xz,h32,h32/uniform-random-w0.25,0.250,4,22468,17880,4,0.031009,0.007394,724571,541,41473
xz,h32,h32/uniform-random-w0.25,0.250,5,22314,17373,1,0.030796,0.001848,724571,541,41473
xz,h32,h32/uniform-random-w0.25,0.250,6,22190,17483,9,0.030625,0.016636,724571,541,41473
xz,h32,h32/uniform-random-w0.25,0.250,7,22307,17344,7,0.030786,0.012939,724571,541,41473
xz,h32,h32/uniform-random-w0.25,0.250,8,22049,17415,11,0.030430,0.020333,724571,541,41473
xz,h32,h32/uniform-random-w0.25,0.250,9,22285,17608,8,0.030756,0.014787,724571,541,41473
xz,h32,h32/uniform-random-w0.25,0.250,10,22611,17822,7,0.031206,0.012939,724571,541,41473
xz,h32,h32/uniform-random-w0.25,0.250,11,22652,17683,9,0.031263,0.016636,724571,541,41473
xz,h32,h32/uniform-random-w0.25,0.250,12,22887,17771,9,0.031587,0.016636,724571,541,41473
xz,h32,h32/uniform-random-w0.25,0.250,13,22408,16882,11,0.030926,0.020333,724571,541,41473
xz,h32,h32/uniform-random-w0.25,0.250,14,22794,17564,14,0.031459,0.025878,724571,541,41473
xz,h32,h32/uniform-random-w0.25,0.250,15,22422,17119,18,0.030945,0.033272,724571,541,41473
xz,h32,h32/uniform-random-w0.25,0.250,16,22451,17311,18,0.030985,0.033272,724571,541,41473
xz,h32,h32/uniform-random-w0.25,0.250,17,22331,17125,17,0.030820,0.031423,724571,541,41473
xz,h32,h32/uniform-random-w0.25,0.250,18,22360,17375,21,0.030860,0.038817,724571,541,41473
xz,h32,h32/uniform-random-w0.25,0.250,19,22609,17336,8,0.031203,0.014787,724571,541,41473
xz,h32,h32/uniform-random-w0.25,0.250,20,22468,17183,8,0.031009,0.014787,724571,541,41473
xz,h32,h32/uniform-random-w0.25,0.250,21,22309,16683,10,0.030789,0.018484,724571,541,41473
xz,h32,h32/uniform-random-w0.25,0.250,22,22662,16921,23,0.031276,0.042514,724571,541,41473
xz,h32,h32/uniform-random-w0.25,0.250,23,22539,16887,21,0.031107,0.038817,724571,541,41473
xz,h32,h32/uniform-random-w0.25,0.250,24,22911,17151,27,0.031620,0.049908,724571,541,41473
xz,h32,h32/uniform-random-w0.25,0.250,25,22551,16981,20,0.031123,0.036969,724571,541,41473
xz,h32,h32/uniform-random-w0.25,0.250,26,22940,17464,26,0.031660,0.048059,724571,541,41473
xz,h32,h32/uniform-random-w0.25,0.250,27,22620,17437,32,0.031218,0.059150,724571,541,41473
xz,h32,h32/uniform-random-w0.25,0.250,28,22811,17394,30,0.031482,0.055453,724571,541,41473
xz,h32,h32/uniform-random-w0.25,0.250,29,22851,17038,30,0.031537,0.055453,724571,541,41473
xz,h32,h32/uniform-random-w0.25,0.250,30,23160,17058,31,0.031964,0.057301,724571,541,41473
xz,h32,h32/uniform-random-w0.25,0.250,31,22995,16828,42,0.031736,0.077634,724571,541,41473
xz,h32,h32/uniform-random-w0.25,0.250,32,23070,16810,52,0.031840,0.096118,724571,541,41473
xz,h32,h32/pooled-w0.05,0.050,1,5069,4303,18,0.030588,0.034221,165717,526,41473
xz,h32,h32/pooled-w0.05,0.050,2,5273,4506,26,0.031819,0.049430,165717,526,41473
xz,h32,h32/pooled-w0.05,0.050,3,5069,4331,17,0.030588,0.032319,165717,526,41473
xz,h32,h32/pooled-w0.05,0.050,4,5238,4473,16,0.031608,0.030418,165717,526,41473
xz,h32,h32/pooled-w0.05,0.050,5,5089,4326,23,0.030709,0.043726,165717,526,41473
xz,h32,h32/pooled-w0.05,0.050,6,5109,4366,17,0.030830,0.032319,165717,526,41473
xz,h32,h32/pooled-w0.05,0.050,7,5225,4450,11,0.031530,0.020913,165717,526,41473
xz,h32,h32/pooled-w0.05,0.050,8,5264,4468,13,0.031765,0.024715,165717,526,41473
xz,h32,h32/pooled-w0.05,0.050,9,5084,4385,12,0.030679,0.022814,165717,526,41473
xz,h32,h32/pooled-w0.05,0.050,10,5279,4493,14,0.031856,0.026616,165717,526,41473
xz,h32,h32/pooled-w0.05,0.050,11,5219,4482,24,0.031493,0.045627,165717,526,41473
xz,h32,h32/pooled-w0.05,0.050,12,5083,4342,21,0.030673,0.039924,165717,526,41473
xz,h32,h32/pooled-w0.05,0.050,13,5222,4507,21,0.031512,0.039924,165717,526,41473
xz,h32,h32/pooled-w0.05,0.050,14,5159,4356,13,0.031131,0.024715,165717,526,41473
xz,h32,h32/pooled-w0.05,0.050,15,5143,4323,10,0.031035,0.019011,165717,526,41473
xz,h32,h32/pooled-w0.05,0.050,16,5206,4387,7,0.031415,0.013308,165717,526,41473
xz,h32,h32/pooled-w0.05,0.050,17,5145,4368,15,0.031047,0.028517,165717,526,41473
xz,h32,h32/pooled-w0.05,0.050,18,5233,4432,14,0.031578,0.026616,165717,526,41473
xz,h32,h32/pooled-w0.05,0.050,19,5215,4455,11,0.031469,0.020913,165717,526,41473
xz,h32,h32/pooled-w0.05,0.050,20,5174,4418,16,0.031222,0.030418,165717,526,41473
xz,h32,h32/pooled-w0.05,0.050,21,5169,4379,16,0.031192,0.030418,165717,526,41473
xz,h32,h32/pooled-w0.05,0.050,22,5154,4383,13,0.031101,0.024715,165717,526,41473
xz,h32,h32/pooled-w0.05,0.050,23,5193,4430,19,0.031337,0.036122,165717,526,41473
xz,h32,h32/pooled-w0.05,0.050,24,5355,4603,17,0.032314,0.032319,165717,526,41473
xz,h32,h32/pooled-w0.05,0.050,25,5150,4392,22,0.031077,0.041825,165717,526,41473
xz,h32,h32/pooled-w0.05,0.050,26,5143,4372,16,0.031035,0.030418,165717,526,41473
xz,h32,h32/pooled-w0.05,0.050,27,5099,4349,18,0.030769,0.034221,165717,526,41473
xz,h32,h32/pooled-w0.05,0.050,28,5064,4286,21,0.030558,0.039924,165717,526,41473
xz,h32,h32/pooled-w0.05,0.050,29,5173,4432,22,0.031216,0.041825,165717,526,41473
xz,h32,h32/pooled-w0.05,0.050,30,5269,4481,15,0.031795,0.028517,165717,526,41473
xz,h32,h32/pooled-w0.05,0.050,31,5233,4483,12,0.031578,0.022814,165717,526,41473
xz,h32,h32/pooled-w0.05,0.050,32,5217,4416,16,0.031481,0.030418,165717,526,41473
xz,h32,h32/pooled-w0.25,0.250,1,1908,1619,18,0.030543,0.035714,62470,504,41473
xz,h32,h32/pooled-w0.25,0.250,2,2021,1754,16,0.032352,0.031746,62470,504,41473
xz,h32,h32/pooled-w0.25,0.250,3,1883,1596,17,0.030142,0.033730,62470,504,41473
xz,h32,h32/pooled-w0.25,0.250,4,2006,1693,23,0.032111,0.045635,62470,504,41473
xz,h32,h32/pooled-w0.25,0.250,5,1920,1618,19,0.030735,0.037698,62470,504,41473
xz,h32,h32/pooled-w0.25,0.250,6,1931,1616,16,0.030911,0.031746,62470,504,41473
xz,h32,h32/pooled-w0.25,0.250,7,1878,1583,15,0.030062,0.029762,62470,504,41473
xz,h32,h32/pooled-w0.25,0.250,8,1989,1677,14,0.031839,0.027778,62470,504,41473
xz,h32,h32/pooled-w0.25,0.250,9,1962,1672,18,0.031407,0.035714,62470,504,41473
xz,h32,h32/pooled-w0.25,0.250,10,1917,1636,13,0.030687,0.025794,62470,504,41473
xz,h32,h32/pooled-w0.25,0.250,11,2040,1733,16,0.032656,0.031746,62470,504,41473
xz,h32,h32/pooled-w0.25,0.250,12,1965,1649,11,0.031455,0.021825,62470,504,41473
xz,h32,h32/pooled-w0.25,0.250,13,1982,1695,14,0.031727,0.027778,62470,504,41473
xz,h32,h32/pooled-w0.25,0.250,14,1989,1679,17,0.031839,0.033730,62470,504,41473
xz,h32,h32/pooled-w0.25,0.250,15,1961,1631,19,0.031391,0.037698,62470,504,41473
xz,h32,h32/pooled-w0.25,0.250,16,1868,1602,15,0.029902,0.029762,62470,504,41473
xz,h32,h32/pooled-w0.25,0.250,17,1961,1637,24,0.031391,0.047619,62470,504,41473
xz,h32,h32/pooled-w0.25,0.250,18,1943,1656,15,0.031103,0.029762,62470,504,41473
xz,h32,h32/pooled-w0.25,0.250,19,1979,1675,10,0.031679,0.019841,62470,504,41473
xz,h32,h32/pooled-w0.25,0.250,20,1968,1649,10,0.031503,0.019841,62470,504,41473
xz,h32,h32/pooled-w0.25,0.250,21,1943,1671,9,0.031103,0.017857,62470,504,41473
xz,h32,h32/pooled-w0.25,0.250,22,1977,1673,8,0.031647,0.015873,62470,504,41473
xz,h32,h32/pooled-w0.25,0.250,23,1950,1657,16,0.031215,0.031746,62470,504,41473
xz,h32,h32/pooled-w0.25,0.250,24,1990,1668,17,0.031855,0.033730,62470,504,41473
xz,h32,h32/pooled-w0.25,0.250,25,1957,1636,12,0.031327,0.023810,62470,504,41473
xz,h32,h32/pooled-w0.25,0.250,26,1865,1560,17,0.029854,0.033730,62470,504,41473
xz,h32,h32/pooled-w0.25,0.250,27,1954,1658,15,0.031279,0.029762,62470,504,41473
xz,h32,h32/pooled-w0.25,0.250,28,1958,1657,25,0.031343,0.049603,62470,504,41473
xz,h32,h32/pooled-w0.25,0.250,29,2013,1701,12,0.032223,0.023810,62470,504,41473
xz,h32,h32/pooled-w0.25,0.250,30,1958,1642,20,0.031343,0.039683,62470,504,41473
xz,h32,h32/pooled-w0.25,0.250,31,1926,1601,20,0.030831,0.039683,62470,504,41473
xz,h32,h32/pooled-w0.25,0.250,32,1908,1608,13,0.030543,0.025794,62470,504,41473
xz,h32,h32/best-ev-tested-w0.05,0.050,1,154674,123514,120,0.119945,0.189274,1289545,634,41473
xz,h32,h32/best-ev-tested-w0.05,0.050,2,112653,91419,157,0.087359,0.247634,1289545,634,41473
xz,h32,h32/best-ev-tested-w0.05,0.050,3,90896,70077,31,0.070487,0.048896,1289545,634,41473
xz,h32,h32/best-ev-tested-w0.05,0.050,4,77008,60634,219,0.059717,0.345426,1289545,634,41473
xz,h32,h32/best-ev-tested-w0.05,0.050,5,66506,50909,6,0.051573,0.009464,1289545,634,41473
xz,h32,h32/best-ev-tested-w0.05,0.050,6,58817,46044,23,0.045611,0.036278,1289545,634,41473
xz,h32,h32/best-ev-tested-w0.05,0.050,7,52706,40358,5,0.040872,0.007886,1289545,634,41473
xz,h32,h32/best-ev-tested-w0.05,0.050,8,48228,37479,2,0.037399,0.003155,1289545,634,41473
xz,h32,h32/best-ev-tested-w0.05,0.050,9,44447,34195,6,0.034467,0.009464,1289545,634,41473
xz,h32,h32/best-ev-tested-w0.05,0.050,10,41415,31787,11,0.032116,0.017350,1289545,634,41473
xz,h32,h32/best-ev-tested-w0.05,0.050,11,38614,29488,3,0.029944,0.004732,1289545,634,41473
xz,h32,h32/best-ev-tested-w0.05,0.050,12,36456,28085,12,0.028270,0.018927,1289545,634,41473
xz,h32,h32/best-ev-tested-w0.05,0.050,13,34331,25611,1,0.026623,0.001577,1289545,634,41473
xz,h32,h32/best-ev-tested-w0.05,0.050,14,32294,24384,8,0.025043,0.012618,1289545,634,41473
xz,h32,h32/best-ev-tested-w0.05,0.050,15,30677,23004,4,0.023789,0.006309,1289545,634,41473
xz,h32,h32/best-ev-tested-w0.05,0.050,16,29198,22370,8,0.022642,0.012618,1289545,634,41473
xz,h32,h32/best-ev-tested-w0.05,0.050,17,27829,21120,1,0.021580,0.001577,1289545,634,41473
xz,h32,h32/best-ev-tested-w0.05,0.050,18,26414,20593,0,0.020483,0.000000,1289545,634,41473
xz,h32,h32/best-ev-tested-w0.05,0.050,19,25332,19538,2,0.019644,0.003155,1289545,634,41473
xz,h32,h32/best-ev-tested-w0.05,0.050,20,24346,18738,1,0.018880,0.001577,1289545,634,41473
xz,h32,h32/best-ev-tested-w0.05,0.050,21,23341,17520,2,0.018100,0.003155,1289545,634,41473
xz,h32,h32/best-ev-tested-w0.05,0.050,22,22575,16960,0,0.017506,0.000000,1289545,634,41473
xz,h32,h32/best-ev-tested-w0.05,0.050,23,21680,16399,1,0.016812,0.001577,1289545,634,41473
xz,h32,h32/best-ev-tested-w0.05,0.050,24,21056,16176,3,0.016328,0.004732,1289545,634,41473
xz,h32,h32/best-ev-tested-w0.05,0.050,25,20360,15557,0,0.015789,0.000000,1289545,634,41473
xz,h32,h32/best-ev-tested-w0.05,0.050,26,19818,15491,6,0.015368,0.009464,1289545,634,41473
xz,h32,h32/best-ev-tested-w0.05,0.050,27,19200,14978,0,0.014889,0.000000,1289545,634,41473
xz,h32,h32/best-ev-tested-w0.05,0.050,28,18662,14452,0,0.014472,0.000000,1289545,634,41473
xz,h32,h32/best-ev-tested-w0.05,0.050,29,18231,13769,0,0.014138,0.000000,1289545,634,41473
xz,h32,h32/best-ev-tested-w0.05,0.050,30,17644,13086,1,0.013682,0.001577,1289545,634,41473
xz,h32,h32/best-ev-tested-w0.05,0.050,31,17261,12676,1,0.013385,0.001577,1289545,634,41473
xz,h32,h32/best-ev-tested-w0.05,0.050,32,16876,12357,0,0.013087,0.000000,1289545,634,41473
xz,h32,h32/best-ev-tested-w0.25,0.250,1,51009,40502,52,0.070548,0.085667,723039,607,41473
xz,h32,h32/best-ev-tested-w0.25,0.250,2,44154,35884,131,0.061067,0.215815,723039,607,41473
xz,h32,h32/best-ev-tested-w0.25,0.250,3,39185,30164,7,0.054195,0.011532,723039,607,41473
xz,h32,h32/best-ev-tested-w0.25,0.250,4,35712,28191,237,0.049392,0.390445,723039,607,41473
xz,h32,h32/best-ev-tested-w0.25,0.250,5,32615,25101,1,0.045108,0.001647,723039,607,41473
xz,h32,h32/best-ev-tested-w0.25,0.250,6,30536,24017,83,0.042233,0.136738,723039,607,41473
xz,h32,h32/best-ev-tested-w0.25,0.250,7,28579,22270,1,0.039526,0.001647,723039,607,41473
xz,h32,h32/best-ev-tested-w0.25,0.250,8,26961,21245,2,0.037288,0.003295,723039,607,41473
xz,h32,h32/best-ev-tested-w0.25,0.250,9,25643,20265,6,0.035466,0.009885,723039,607,41473
xz,h32,h32/best-ev-tested-w0.25,0.250,10,24504,19210,10,0.033890,0.016474,723039,607,41473
xz,h32,h32/best-ev-tested-w0.25,0.250,11,23450,18215,4,0.032433,0.006590,723039,607,41473
xz,h32,h32/best-ev-tested-w0.25,0.250,12,22616,17508,10,0.031279,0.016474,723039,607,41473
xz,h32,h32/best-ev-tested-w0.25,0.250,13,21823,16460,3,0.030182,0.004942,723039,607,41473
xz,h32,h32/best-ev-tested-w0.25,0.250,14,21147,16185,15,0.029247,0.024712,723039,607,41473
xz,h32,h32/best-ev-tested-w0.25,0.250,15,20385,15624,1,0.028193,0.001647,723039,607,41473
xz,h32,h32/best-ev-tested-w0.25,0.250,16,19783,15396,7,0.027361,0.011532,723039,607,41473
xz,h32,h32/best-ev-tested-w0.25,0.250,17,19099,14757,3,0.026415,0.004942,723039,607,41473
xz,h32,h32/best-ev-tested-w0.25,0.250,18,18604,14630,4,0.025730,0.006590,723039,607,41473
xz,h32,h32/best-ev-tested-w0.25,0.250,19,18083,14071,5,0.025010,0.008237,723039,607,41473
xz,h32,h32/best-ev-tested-w0.25,0.250,20,17578,13619,3,0.024311,0.004942,723039,607,41473
xz,h32,h32/best-ev-tested-w0.25,0.250,21,17141,12947,0,0.023707,0.000000,723039,607,41473
xz,h32,h32/best-ev-tested-w0.25,0.250,22,16689,12567,2,0.023082,0.003295,723039,607,41473
xz,h32,h32/best-ev-tested-w0.25,0.250,23,16284,12447,2,0.022522,0.003295,723039,607,41473
xz,h32,h32/best-ev-tested-w0.25,0.250,24,15894,12085,9,0.021982,0.014827,723039,607,41473
xz,h32,h32/best-ev-tested-w0.25,0.250,25,15476,11843,5,0.021404,0.008237,723039,607,41473
xz,h32,h32/best-ev-tested-w0.25,0.250,26,15114,11757,1,0.020903,0.001647,723039,607,41473
xz,h32,h32/best-ev-tested-w0.25,0.250,27,14856,11588,1,0.020547,0.001647,723039,607,41473
xz,h32,h32/best-ev-tested-w0.25,0.250,28,14547,11197,0,0.020119,0.000000,723039,607,41473
xz,h32,h32/best-ev-tested-w0.25,0.250,29,14277,10740,0,0.019746,0.000000,723039,607,41473
xz,h32,h32/best-ev-tested-w0.25,0.250,30,13985,10499,1,0.019342,0.001647,723039,607,41473
xz,h32,h32/best-ev-tested-w0.25,0.250,31,13764,10225,0,0.019036,0.000000,723039,607,41473
xz,h32,h32/best-ev-tested-w0.25,0.250,32,13546,9973,1,0.018735,0.001647,723039,607,41473
awkhash,h32,h32/best-ev-w0.05,0.050,1,26880,18983,254,0.036690,0.106588,732615,2383,56090
awkhash,h32,h32/best-ev-w0.05,0.050,2,25981,17114,188,0.035463,0.078892,732615,2383,56090
awkhash,h32,h32/best-ev-w0.05,0.050,3,25544,15627,208,0.034867,0.087285,732615,2383,56090
awkhash,h32,h32/best-ev-w0.05,0.050,4,25368,15641,220,0.034627,0.092321,732615,2383,56090
awkhash,h32,h32/best-ev-w0.05,0.050,5,25143,14860,212,0.034320,0.088963,732615,2383,56090
awkhash,h32,h32/best-ev-w0.05,0.050,6,24313,15373,37,0.033187,0.015527,732615,2383,56090
awkhash,h32,h32/best-ev-w0.05,0.050,7,24442,15320,178,0.033363,0.074696,732615,2383,56090
awkhash,h32,h32/best-ev-w0.05,0.050,8,23710,15115,24,0.032364,0.010071,732615,2383,56090
awkhash,h32,h32/best-ev-w0.05,0.050,9,23759,14685,93,0.032430,0.039026,732615,2383,56090
awkhash,h32,h32/best-ev-w0.05,0.050,10,24988,15720,542,0.034108,0.227444,732615,2383,56090
awkhash,h32,h32/best-ev-w0.05,0.050,11,23233,14284,42,0.031712,0.017625,732615,2383,56090
awkhash,h32,h32/best-ev-w0.05,0.050,12,23072,14380,26,0.031493,0.010911,732615,2383,56090
awkhash,h32,h32/best-ev-w0.05,0.050,13,23877,15118,282,0.032591,0.118338,732615,2383,56090
awkhash,h32,h32/best-ev-w0.05,0.050,14,22684,14359,9,0.030963,0.003777,732615,2383,56090
awkhash,h32,h32/best-ev-w0.05,0.050,15,22522,13939,4,0.030742,0.001679,732615,2383,56090
awkhash,h32,h32/best-ev-w0.05,0.050,16,22428,13626,28,0.030614,0.011750,732615,2383,56090
awkhash,h32,h32/best-ev-w0.05,0.050,17,22261,13590,1,0.030386,0.000420,732615,2383,56090
awkhash,h32,h32/best-ev-w0.05,0.050,18,22183,13775,2,0.030279,0.000839,732615,2383,56090
awkhash,h32,h32/best-ev-w0.05,0.050,19,22051,13930,2,0.030099,0.000839,732615,2383,56090
awkhash,h32,h32/best-ev-w0.05,0.050,20,21975,13757,4,0.029995,0.001679,732615,2383,56090
awkhash,h32,h32/best-ev-w0.05,0.050,21,21865,13791,4,0.029845,0.001679,732615,2383,56090
awkhash,h32,h32/best-ev-w0.05,0.050,22,21774,13606,5,0.029721,0.002098,732615,2383,56090
awkhash,h32,h32/best-ev-w0.05,0.050,23,21654,13613,1,0.029557,0.000420,732615,2383,56090
awkhash,h32,h32/best-ev-w0.05,0.050,24,21538,13490,1,0.029399,0.000420,732615,2383,56090
awkhash,h32,h32/best-ev-w0.05,0.050,25,21456,13585,3,0.029287,0.001259,732615,2383,56090
awkhash,h32,h32/best-ev-w0.05,0.050,26,21347,13631,0,0.029138,0.000000,732615,2383,56090
awkhash,h32,h32/best-ev-w0.05,0.050,27,21284,13625,2,0.029052,0.000839,732615,2383,56090
awkhash,h32,h32/best-ev-w0.05,0.050,28,21227,13488,4,0.028974,0.001679,732615,2383,56090
awkhash,h32,h32/best-ev-w0.05,0.050,29,21125,13101,2,0.028835,0.000839,732615,2383,56090
awkhash,h32,h32/best-ev-w0.05,0.050,30,21065,13338,4,0.028753,0.001679,732615,2383,56090
awkhash,h32,h32/best-ev-w0.05,0.050,31,20959,13251,0,0.028608,0.000000,732615,2383,56090
awkhash,h32,h32/best-ev-w0.05,0.050,32,20907,13547,1,0.028537,0.000420,732615,2383,56090
awkhash,coarse,coarse/best-ev-w0.05,0.050,1,48720,34466,344,0.175548,0.274541,277531,1253,56090
awkhash,coarse,coarse/best-ev-w0.05,0.050,2,47465,30623,279,0.171026,0.222666,277531,1253,56090
awkhash,coarse,coarse/best-ev-w0.05,0.050,4,46850,27767,323,0.168810,0.257781,277531,1253,56090
awkhash,coarse,coarse/best-ev-w0.05,0.050,8,45577,27735,139,0.164223,0.110934,277531,1253,56090
awkhash,coarse,coarse/best-ev-w0.05,0.050,16,44834,26701,154,0.161546,0.122905,277531,1253,56090
awkhash,coarse,coarse/best-ev-w0.05,0.050,32,44085,28054,14,0.158847,0.011173,277531,1253,56090
awkhash,h32,h32/best-ev-w0.25,0.250,1,14417,10078,245,0.040892,0.169550,352559,1445,56090
awkhash,h32,h32/best-ev-w0.25,0.250,2,13672,8707,142,0.038779,0.098270,352559,1445,56090
awkhash,h32,h32/best-ev-w0.25,0.250,3,13341,7938,217,0.037840,0.150173,352559,1445,56090
awkhash,h32,h32/best-ev-w0.25,0.250,4,12895,7522,116,0.036575,0.080277,352559,1445,56090
awkhash,h32,h32/best-ev-w0.25,0.250,5,12563,7204,84,0.035634,0.058131,352559,1445,56090
awkhash,h32,h32/best-ev-w0.25,0.250,6,12269,7315,40,0.034800,0.027682,352559,1445,56090
awkhash,h32,h32/best-ev-w0.25,0.250,7,12232,7459,136,0.034695,0.094118,352559,1445,56090
awkhash,h32,h32/best-ev-w0.25,0.250,8,11756,7033,19,0.033345,0.013149,352559,1445,56090
awkhash,h32,h32/best-ev-w0.25,0.250,9,11663,6914,68,0.033081,0.047059,352559,1445,56090
awkhash,h32,h32/best-ev-w0.25,0.250,10,11993,7298,201,0.034017,0.139100,352559,1445,56090
awkhash,h32,h32/best-ev-w0.25,0.250,11,11347,6665,41,0.032185,0.028374,352559,1445,56090
awkhash,h32,h32/best-ev-w0.25,0.250,12,11138,6685,4,0.031592,0.002768,352559,1445,56090
awkhash,h32,h32/best-ev-w0.25,0.250,13,11237,7000,81,0.031873,0.056055,352559,1445,56090
awkhash,h32,h32/best-ev-w0.25,0.250,14,10875,6582,3,0.030846,0.002076,352559,1445,56090
awkhash,h32,h32/best-ev-w0.25,0.250,15,10754,6433,3,0.030503,0.002076,352559,1445,56090
awkhash,h32,h32/best-ev-w0.25,0.250,16,10695,6271,27,0.030335,0.018685,352559,1445,56090
awkhash,h32,h32/best-ev-w0.25,0.250,17,10563,6241,0,0.029961,0.000000,352559,1445,56090
awkhash,h32,h32/best-ev-w0.25,0.250,18,10500,6345,1,0.029782,0.000692,352559,1445,56090
awkhash,h32,h32/best-ev-w0.25,0.250,19,10420,6409,3,0.029555,0.002076,352559,1445,56090
awkhash,h32,h32/best-ev-w0.25,0.250,20,10293,6274,2,0.029195,0.001384,352559,1445,56090
awkhash,h32,h32/best-ev-w0.25,0.250,21,10220,6241,1,0.028988,0.000692,352559,1445,56090
awkhash,h32,h32/best-ev-w0.25,0.250,22,10159,6118,2,0.028815,0.001384,352559,1445,56090
awkhash,h32,h32/best-ev-w0.25,0.250,23,10077,6154,1,0.028582,0.000692,352559,1445,56090
awkhash,h32,h32/best-ev-w0.25,0.250,24,9996,6050,0,0.028353,0.000000,352559,1445,56090
awkhash,h32,h32/best-ev-w0.25,0.250,25,9904,6113,0,0.028092,0.000000,352559,1445,56090
awkhash,h32,h32/best-ev-w0.25,0.250,26,9835,6134,0,0.027896,0.000000,352559,1445,56090
awkhash,h32,h32/best-ev-w0.25,0.250,27,9762,6112,0,0.027689,0.000000,352559,1445,56090
awkhash,h32,h32/best-ev-w0.25,0.250,28,9703,6088,2,0.027522,0.001384,352559,1445,56090
awkhash,h32,h32/best-ev-w0.25,0.250,29,9665,5863,5,0.027414,0.003460,352559,1445,56090
awkhash,h32,h32/best-ev-w0.25,0.250,30,9587,5973,0,0.027193,0.000000,352559,1445,56090
awkhash,h32,h32/best-ev-w0.25,0.250,31,9536,5871,0,0.027048,0.000000,352559,1445,56090
awkhash,h32,h32/best-ev-w0.25,0.250,32,9492,6027,1,0.026923,0.000692,352559,1445,56090
awkhash,coarse,coarse/best-ev-w0.25,0.250,1,20340,14156,328,0.182572,0.316602,111408,1036,56090
awkhash,coarse,coarse/best-ev-w0.25,0.250,2,19302,12358,205,0.173255,0.197876,111408,1036,56090
awkhash,coarse,coarse/best-ev-w0.25,0.250,4,18789,11002,216,0.168650,0.208494,111408,1036,56090
awkhash,coarse,coarse/best-ev-w0.25,0.250,8,18123,10772,128,0.162672,0.123552,111408,1036,56090
awkhash,coarse,coarse/best-ev-w0.25,0.250,16,17686,10318,144,0.158750,0.138996,111408,1036,56090
awkhash,coarse,coarse/best-ev-w0.25,0.250,32,17168,10866,15,0.154100,0.014479,111408,1036,56090
awkhash,h32,h32/best-ev-w1.00,1.000,1,6681,4561,153,0.049272,0.174458,135594,877,56090
awkhash,h32,h32/best-ev-w1.00,1.000,2,6277,3960,155,0.046293,0.176739,135594,877,56090
awkhash,h32,h32/best-ev-w1.00,1.000,3,5901,3499,150,0.043520,0.171038,135594,877,56090
awkhash,h32,h32/best-ev-w1.00,1.000,4,5571,3173,81,0.041086,0.092360,135594,877,56090
awkhash,h32,h32/best-ev-w1.00,1.000,5,5311,3011,80,0.039168,0.091220,135594,877,56090
awkhash,h32,h32/best-ev-w1.00,1.000,6,5072,2898,24,0.037406,0.027366,135594,877,56090
awkhash,h32,h32/best-ev-w1.00,1.000,7,4915,2914,42,0.036248,0.047891,135594,877,56090
awkhash,h32,h32/best-ev-w1.00,1.000,8,4749,2712,12,0.035024,0.013683,135594,877,56090
awkhash,h32,h32/best-ev-w1.00,1.000,9,4649,2680,31,0.034286,0.035348,135594,877,56090
awkhash,h32,h32/best-ev-w1.00,1.000,10,4539,2687,38,0.033475,0.043330,135594,877,56090
awkhash,h32,h32/best-ev-w1.00,1.000,11,4410,2542,34,0.032524,0.038769,135594,877,56090
awkhash,h32,h32/best-ev-w1.00,1.000,12,4310,2517,5,0.031786,0.005701,135594,877,56090
awkhash,h32,h32/best-ev-w1.00,1.000,13,4244,2589,36,0.031299,0.041049,135594,877,56090
awkhash,h32,h32/best-ev-w1.00,1.000,14,4109,2420,1,0.030304,0.001140,135594,877,56090
awkhash,h32,h32/best-ev-w1.00,1.000,15,4019,2368,1,0.029640,0.001140,135594,877,56090
awkhash,h32,h32/best-ev-w1.00,1.000,16,4003,2295,26,0.029522,0.029647,135594,877,56090
awkhash,h32,h32/best-ev-w1.00,1.000,17,3908,2258,0,0.028821,0.000000,135594,877,56090
awkhash,h32,h32/best-ev-w1.00,1.000,18,3853,2283,1,0.028416,0.001140,135594,877,56090
awkhash,h32,h32/best-ev-w1.00,1.000,19,3795,2305,2,0.027988,0.002281,135594,877,56090
awkhash,h32,h32/best-ev-w1.00,1.000,20,3739,2240,1,0.027575,0.001140,135594,877,56090
awkhash,h32,h32/best-ev-w1.00,1.000,21,3685,2218,0,0.027177,0.000000,135594,877,56090
awkhash,h32,h32/best-ev-w1.00,1.000,22,3648,2152,0,0.026904,0.000000,135594,877,56090
awkhash,h32,h32/best-ev-w1.00,1.000,23,3599,2167,0,0.026542,0.000000,135594,877,56090
awkhash,h32,h32/best-ev-w1.00,1.000,24,3551,2113,0,0.026188,0.000000,135594,877,56090
awkhash,h32,h32/best-ev-w1.00,1.000,25,3496,2122,0,0.025783,0.000000,135594,877,56090
awkhash,h32,h32/best-ev-w1.00,1.000,26,3465,2136,0,0.025554,0.000000,135594,877,56090
awkhash,h32,h32/best-ev-w1.00,1.000,27,3435,2134,0,0.025333,0.000000,135594,877,56090
awkhash,h32,h32/best-ev-w1.00,1.000,28,3402,2112,1,0.025090,0.001140,135594,877,56090
awkhash,h32,h32/best-ev-w1.00,1.000,29,3367,2027,1,0.024831,0.001140,135594,877,56090
awkhash,h32,h32/best-ev-w1.00,1.000,30,3331,2050,1,0.024566,0.001140,135594,877,56090
awkhash,h32,h32/best-ev-w1.00,1.000,31,3290,2031,0,0.024264,0.000000,135594,877,56090
awkhash,h32,h32/best-ev-w1.00,1.000,32,3270,2061,1,0.024116,0.001140,135594,877,56090
awkhash,coarse,coarse/best-ev-w1.00,1.000,1,6779,4645,167,0.188410,0.226594,35980,737,56090
awkhash,coarse,coarse/best-ev-w1.00,1.000,2,6405,4084,168,0.178016,0.227951,35980,737,56090
awkhash,coarse,coarse/best-ev-w1.00,1.000,4,6032,3527,117,0.167649,0.158752,35980,737,56090
awkhash,coarse,coarse/best-ev-w1.00,1.000,8,5788,3399,124,0.160867,0.168250,35980,737,56090
awkhash,coarse,coarse/best-ev-w1.00,1.000,16,5645,3276,147,0.156893,0.199457,35980,737,56090
awkhash,coarse,coarse/best-ev-w1.00,1.000,32,5331,3310,14,0.148166,0.018996,35980,737,56090
awkhash,h32,h32/best-ev-w4.00,4.000,1,6655,4548,150,0.049114,0.189394,135500,792,56090
awkhash,h32,h32/best-ev-w4.00,4.000,2,6205,3897,92,0.045793,0.116162,135500,792,56090
awkhash,h32,h32/best-ev-w4.00,4.000,3,5858,3457,113,0.043232,0.142677,135500,792,56090
awkhash,h32,h32/best-ev-w4.00,4.000,4,5572,3175,80,0.041122,0.101010,135500,792,56090
awkhash,h32,h32/best-ev-w4.00,4.000,5,5299,2998,68,0.039107,0.085859,135500,792,56090
awkhash,h32,h32/best-ev-w4.00,4.000,6,5081,2907,27,0.037498,0.034091,135500,792,56090
awkhash,h32,h32/best-ev-w4.00,4.000,7,4919,2916,42,0.036303,0.053030,135500,792,56090
awkhash,h32,h32/best-ev-w4.00,4.000,8,4756,2718,14,0.035100,0.017677,135500,792,56090
awkhash,h32,h32/best-ev-w4.00,4.000,9,4642,2675,25,0.034258,0.031566,135500,792,56090
awkhash,h32,h32/best-ev-w4.00,4.000,10,4537,2696,50,0.033483,0.063131,135500,792,56090
awkhash,h32,h32/best-ev-w4.00,4.000,11,4408,2537,26,0.032531,0.032828,135500,792,56090
awkhash,h32,h32/best-ev-w4.00,4.000,12,4327,2537,20,0.031934,0.025253,135500,792,56090
awkhash,h32,h32/best-ev-w4.00,4.000,13,4252,2609,60,0.031380,0.075758,135500,792,56090
awkhash,h32,h32/best-ev-w4.00,4.000,14,4112,2419,1,0.030347,0.001263,135500,792,56090
awkhash,h32,h32/best-ev-w4.00,4.000,15,4020,2366,1,0.029668,0.001263,135500,792,56090
awkhash,h32,h32/best-ev-w4.00,4.000,16,3982,2279,9,0.029387,0.011364,135500,792,56090
awkhash,h32,h32/best-ev-w4.00,4.000,17,3914,2262,5,0.028886,0.006313,135500,792,56090
awkhash,h32,h32/best-ev-w4.00,4.000,18,3855,2283,1,0.028450,0.001263,135500,792,56090
awkhash,h32,h32/best-ev-w4.00,4.000,19,3798,2307,3,0.028030,0.003788,135500,792,56090
awkhash,h32,h32/best-ev-w4.00,4.000,20,3743,2241,1,0.027624,0.001263,135500,792,56090
awkhash,h32,h32/best-ev-w4.00,4.000,21,3690,2221,0,0.027232,0.000000,135500,792,56090
awkhash,h32,h32/best-ev-w4.00,4.000,22,3652,2153,0,0.026952,0.000000,135500,792,56090
awkhash,h32,h32/best-ev-w4.00,4.000,23,3602,2168,0,0.026583,0.000000,135500,792,56090
awkhash,h32,h32/best-ev-w4.00,4.000,24,3554,2113,0,0.026229,0.000000,135500,792,56090
awkhash,h32,h32/best-ev-w4.00,4.000,25,3499,2125,0,0.025823,0.000000,135500,792,56090
awkhash,h32,h32/best-ev-w4.00,4.000,26,3468,2139,0,0.025594,0.000000,135500,792,56090
awkhash,h32,h32/best-ev-w4.00,4.000,27,3436,2136,0,0.025358,0.000000,135500,792,56090
awkhash,h32,h32/best-ev-w4.00,4.000,28,3404,2112,1,0.025122,0.001263,135500,792,56090
awkhash,h32,h32/best-ev-w4.00,4.000,29,3367,2026,1,0.024849,0.001263,135500,792,56090
awkhash,h32,h32/best-ev-w4.00,4.000,30,3331,2049,1,0.024583,0.001263,135500,792,56090
awkhash,h32,h32/best-ev-w4.00,4.000,31,3292,2031,0,0.024295,0.000000,135500,792,56090
awkhash,h32,h32/best-ev-w4.00,4.000,32,3270,2061,1,0.024133,0.001263,135500,792,56090
awkhash,coarse,coarse/best-ev-w4.00,4.000,1,6712,4603,138,0.187880,0.256983,35725,537,56090
awkhash,coarse,coarse/best-ev-w4.00,4.000,2,6324,4015,107,0.177019,0.199255,35725,537,56090
awkhash,coarse,coarse/best-ev-w4.00,4.000,4,6007,3505,97,0.168146,0.180633,35725,537,56090
awkhash,coarse,coarse/best-ev-w4.00,4.000,8,5762,3370,100,0.161288,0.186220,35725,537,56090
awkhash,coarse,coarse/best-ev-w4.00,4.000,16,5559,3196,69,0.155605,0.128492,35725,537,56090
awkhash,coarse,coarse/best-ev-w4.00,4.000,32,5361,3340,26,0.150063,0.048417,35725,537,56090
awkhash,h32,h32/best-ev-w16.00,16.000,1,6645,4538,140,0.049038,0.177665,135508,788,56090
awkhash,h32,h32/best-ev-w16.00,16.000,2,6212,3904,100,0.045842,0.126904,135508,788,56090
awkhash,h32,h32/best-ev-w16.00,16.000,3,5850,3449,104,0.043171,0.131980,135508,788,56090
awkhash,h32,h32/best-ev-w16.00,16.000,4,5575,3178,84,0.041141,0.106599,135508,788,56090
awkhash,h32,h32/best-ev-w16.00,16.000,5,5305,3003,74,0.039149,0.093909,135508,788,56090
awkhash,h32,h32/best-ev-w16.00,16.000,6,5079,2905,26,0.037481,0.032995,135508,788,56090
awkhash,h32,h32/best-ev-w16.00,16.000,7,4917,2915,42,0.036286,0.053299,135508,788,56090
awkhash,h32,h32/best-ev-w16.00,16.000,8,4759,2722,18,0.035120,0.022843,135508,788,56090
awkhash,h32,h32/best-ev-w16.00,16.000,9,4639,2672,25,0.034234,0.031726,135508,788,56090
awkhash,h32,h32/best-ev-w16.00,16.000,10,4540,2698,52,0.033504,0.065990,135508,788,56090
awkhash,h32,h32/best-ev-w16.00,16.000,11,4404,2533,21,0.032500,0.026650,135508,788,56090
awkhash,h32,h32/best-ev-w16.00,16.000,12,4327,2537,19,0.031932,0.024112,135508,788,56090
awkhash,h32,h32/best-ev-w16.00,16.000,13,4247,2604,55,0.031341,0.069797,135508,788,56090
awkhash,h32,h32/best-ev-w16.00,16.000,14,4118,2425,7,0.030389,0.008883,135508,788,56090
awkhash,h32,h32/best-ev-w16.00,16.000,15,4021,2367,1,0.029674,0.001269,135508,788,56090
awkhash,h32,h32/best-ev-w16.00,16.000,16,3980,2278,7,0.029371,0.008883,135508,788,56090
awkhash,h32,h32/best-ev-w16.00,16.000,17,3913,2261,2,0.028877,0.002538,135508,788,56090
awkhash,h32,h32/best-ev-w16.00,16.000,18,3856,2284,1,0.028456,0.001269,135508,788,56090
awkhash,h32,h32/best-ev-w16.00,16.000,19,3801,2310,5,0.028050,0.006345,135508,788,56090
awkhash,h32,h32/best-ev-w16.00,16.000,20,3744,2242,1,0.027629,0.001269,135508,788,56090
awkhash,h32,h32/best-ev-w16.00,16.000,21,3691,2221,0,0.027238,0.000000,135508,788,56090
awkhash,h32,h32/best-ev-w16.00,16.000,22,3654,2154,0,0.026965,0.000000,135508,788,56090
awkhash,h32,h32/best-ev-w16.00,16.000,23,3602,2168,0,0.026581,0.000000,135508,788,56090
awkhash,h32,h32/best-ev-w16.00,16.000,24,3555,2114,0,0.026235,0.000000,135508,788,56090
awkhash,h32,h32/best-ev-w16.00,16.000,25,3500,2126,0,0.025829,0.000000,135508,788,56090
awkhash,h32,h32/best-ev-w16.00,16.000,26,3469,2140,0,0.025600,0.000000,135508,788,56090
awkhash,h32,h32/best-ev-w16.00,16.000,27,3437,2137,0,0.025364,0.000000,135508,788,56090
awkhash,h32,h32/best-ev-w16.00,16.000,28,3405,2113,1,0.025128,0.001269,135508,788,56090
awkhash,h32,h32/best-ev-w16.00,16.000,29,3368,2027,1,0.024855,0.001269,135508,788,56090
awkhash,h32,h32/best-ev-w16.00,16.000,30,3332,2050,1,0.024589,0.001269,135508,788,56090
awkhash,h32,h32/best-ev-w16.00,16.000,31,3292,2032,0,0.024294,0.000000,135508,788,56090
awkhash,h32,h32/best-ev-w16.00,16.000,32,3271,2062,1,0.024139,0.001269,135508,788,56090
awkhash,coarse,coarse/best-ev-w16.00,16.000,1,6713,4605,139,0.187892,0.260300,35728,534,56090
awkhash,coarse,coarse/best-ev-w16.00,16.000,2,6333,4024,116,0.177256,0.217228,35728,534,56090
awkhash,coarse,coarse/best-ev-w16.00,16.000,4,5988,3486,79,0.167600,0.147940,35728,534,56090
awkhash,coarse,coarse/best-ev-w16.00,16.000,8,5792,3399,126,0.162114,0.235955,35728,534,56090
awkhash,coarse,coarse/best-ev-w16.00,16.000,16,5548,3185,57,0.155284,0.106742,35728,534,56090
awkhash,coarse,coarse/best-ev-w16.00,16.000,32,5354,3331,17,0.149854,0.031835,35728,534,56090
awkhash,h32,h32/best-ev-w64.00,64.000,1,6645,4538,140,0.049038,0.177665,135508,788,56090
awkhash,h32,h32/best-ev-w64.00,64.000,2,6212,3904,100,0.045842,0.126904,135508,788,56090
awkhash,h32,h32/best-ev-w64.00,64.000,3,5850,3449,104,0.043171,0.131980,135508,788,56090
awkhash,h32,h32/best-ev-w64.00,64.000,4,5575,3178,84,0.041141,0.106599,135508,788,56090
awkhash,h32,h32/best-ev-w64.00,64.000,5,5305,3003,74,0.039149,0.093909,135508,788,56090
awkhash,h32,h32/best-ev-w64.00,64.000,6,5079,2905,26,0.037481,0.032995,135508,788,56090
awkhash,h32,h32/best-ev-w64.00,64.000,7,4917,2915,42,0.036286,0.053299,135508,788,56090
awkhash,h32,h32/best-ev-w64.00,64.000,8,4759,2722,18,0.035120,0.022843,135508,788,56090
awkhash,h32,h32/best-ev-w64.00,64.000,9,4639,2672,25,0.034234,0.031726,135508,788,56090
awkhash,h32,h32/best-ev-w64.00,64.000,10,4540,2698,52,0.033504,0.065990,135508,788,56090
awkhash,h32,h32/best-ev-w64.00,64.000,11,4404,2533,21,0.032500,0.026650,135508,788,56090
awkhash,h32,h32/best-ev-w64.00,64.000,12,4327,2537,19,0.031932,0.024112,135508,788,56090
awkhash,h32,h32/best-ev-w64.00,64.000,13,4247,2604,55,0.031341,0.069797,135508,788,56090
awkhash,h32,h32/best-ev-w64.00,64.000,14,4118,2425,7,0.030389,0.008883,135508,788,56090
awkhash,h32,h32/best-ev-w64.00,64.000,15,4021,2367,1,0.029674,0.001269,135508,788,56090
awkhash,h32,h32/best-ev-w64.00,64.000,16,3980,2278,7,0.029371,0.008883,135508,788,56090
awkhash,h32,h32/best-ev-w64.00,64.000,17,3913,2261,2,0.028877,0.002538,135508,788,56090
awkhash,h32,h32/best-ev-w64.00,64.000,18,3856,2284,1,0.028456,0.001269,135508,788,56090
awkhash,h32,h32/best-ev-w64.00,64.000,19,3801,2310,5,0.028050,0.006345,135508,788,56090
awkhash,h32,h32/best-ev-w64.00,64.000,20,3744,2242,1,0.027629,0.001269,135508,788,56090
awkhash,h32,h32/best-ev-w64.00,64.000,21,3691,2221,0,0.027238,0.000000,135508,788,56090
awkhash,h32,h32/best-ev-w64.00,64.000,22,3654,2154,0,0.026965,0.000000,135508,788,56090
awkhash,h32,h32/best-ev-w64.00,64.000,23,3602,2168,0,0.026581,0.000000,135508,788,56090
awkhash,h32,h32/best-ev-w64.00,64.000,24,3555,2114,0,0.026235,0.000000,135508,788,56090
awkhash,h32,h32/best-ev-w64.00,64.000,25,3500,2126,0,0.025829,0.000000,135508,788,56090
awkhash,h32,h32/best-ev-w64.00,64.000,26,3469,2140,0,0.025600,0.000000,135508,788,56090
awkhash,h32,h32/best-ev-w64.00,64.000,27,3437,2137,0,0.025364,0.000000,135508,788,56090
awkhash,h32,h32/best-ev-w64.00,64.000,28,3405,2113,1,0.025128,0.001269,135508,788,56090
awkhash,h32,h32/best-ev-w64.00,64.000,29,3368,2027,1,0.024855,0.001269,135508,788,56090
awkhash,h32,h32/best-ev-w64.00,64.000,30,3332,2050,1,0.024589,0.001269,135508,788,56090
awkhash,h32,h32/best-ev-w64.00,64.000,31,3292,2032,0,0.024294,0.000000,135508,788,56090
awkhash,h32,h32/best-ev-w64.00,64.000,32,3271,2062,1,0.024139,0.001269,135508,788,56090
awkhash,coarse,coarse/best-ev-w64.00,64.000,1,6713,4605,139,0.187892,0.260300,35728,534,56090
awkhash,coarse,coarse/best-ev-w64.00,64.000,2,6333,4024,116,0.177256,0.217228,35728,534,56090
awkhash,coarse,coarse/best-ev-w64.00,64.000,4,5988,3486,79,0.167600,0.147940,35728,534,56090
awkhash,coarse,coarse/best-ev-w64.00,64.000,8,5792,3399,126,0.162114,0.235955,35728,534,56090
awkhash,coarse,coarse/best-ev-w64.00,64.000,16,5548,3185,57,0.155284,0.106742,35728,534,56090
awkhash,coarse,coarse/best-ev-w64.00,64.000,32,5354,3331,17,0.149854,0.031835,35728,534,56090
awkhash,h32,h32/best-ev-w256.00,256.000,1,6645,4538,140,0.049038,0.177665,135508,788,56090
awkhash,h32,h32/best-ev-w256.00,256.000,2,6212,3904,100,0.045842,0.126904,135508,788,56090
awkhash,h32,h32/best-ev-w256.00,256.000,3,5850,3449,104,0.043171,0.131980,135508,788,56090
awkhash,h32,h32/best-ev-w256.00,256.000,4,5575,3178,84,0.041141,0.106599,135508,788,56090
awkhash,h32,h32/best-ev-w256.00,256.000,5,5305,3003,74,0.039149,0.093909,135508,788,56090
awkhash,h32,h32/best-ev-w256.00,256.000,6,5079,2905,26,0.037481,0.032995,135508,788,56090
awkhash,h32,h32/best-ev-w256.00,256.000,7,4917,2915,42,0.036286,0.053299,135508,788,56090
awkhash,h32,h32/best-ev-w256.00,256.000,8,4759,2722,18,0.035120,0.022843,135508,788,56090
awkhash,h32,h32/best-ev-w256.00,256.000,9,4639,2672,25,0.034234,0.031726,135508,788,56090
awkhash,h32,h32/best-ev-w256.00,256.000,10,4540,2698,52,0.033504,0.065990,135508,788,56090
awkhash,h32,h32/best-ev-w256.00,256.000,11,4404,2533,21,0.032500,0.026650,135508,788,56090
awkhash,h32,h32/best-ev-w256.00,256.000,12,4327,2537,19,0.031932,0.024112,135508,788,56090
awkhash,h32,h32/best-ev-w256.00,256.000,13,4247,2604,55,0.031341,0.069797,135508,788,56090
awkhash,h32,h32/best-ev-w256.00,256.000,14,4118,2425,7,0.030389,0.008883,135508,788,56090
awkhash,h32,h32/best-ev-w256.00,256.000,15,4021,2367,1,0.029674,0.001269,135508,788,56090
awkhash,h32,h32/best-ev-w256.00,256.000,16,3980,2278,7,0.029371,0.008883,135508,788,56090
awkhash,h32,h32/best-ev-w256.00,256.000,17,3913,2261,2,0.028877,0.002538,135508,788,56090
awkhash,h32,h32/best-ev-w256.00,256.000,18,3856,2284,1,0.028456,0.001269,135508,788,56090
awkhash,h32,h32/best-ev-w256.00,256.000,19,3801,2310,5,0.028050,0.006345,135508,788,56090
awkhash,h32,h32/best-ev-w256.00,256.000,20,3744,2242,1,0.027629,0.001269,135508,788,56090
awkhash,h32,h32/best-ev-w256.00,256.000,21,3691,2221,0,0.027238,0.000000,135508,788,56090
awkhash,h32,h32/best-ev-w256.00,256.000,22,3654,2154,0,0.026965,0.000000,135508,788,56090
awkhash,h32,h32/best-ev-w256.00,256.000,23,3602,2168,0,0.026581,0.000000,135508,788,56090
awkhash,h32,h32/best-ev-w256.00,256.000,24,3555,2114,0,0.026235,0.000000,135508,788,56090
awkhash,h32,h32/best-ev-w256.00,256.000,25,3500,2126,0,0.025829,0.000000,135508,788,56090
awkhash,h32,h32/best-ev-w256.00,256.000,26,3469,2140,0,0.025600,0.000000,135508,788,56090
awkhash,h32,h32/best-ev-w256.00,256.000,27,3437,2137,0,0.025364,0.000000,135508,788,56090
awkhash,h32,h32/best-ev-w256.00,256.000,28,3405,2113,1,0.025128,0.001269,135508,788,56090
awkhash,h32,h32/best-ev-w256.00,256.000,29,3368,2027,1,0.024855,0.001269,135508,788,56090
awkhash,h32,h32/best-ev-w256.00,256.000,30,3332,2050,1,0.024589,0.001269,135508,788,56090
awkhash,h32,h32/best-ev-w256.00,256.000,31,3292,2032,0,0.024294,0.000000,135508,788,56090
awkhash,h32,h32/best-ev-w256.00,256.000,32,3271,2062,1,0.024139,0.001269,135508,788,56090
awkhash,coarse,coarse/best-ev-w256.00,256.000,1,6713,4605,139,0.187892,0.260300,35728,534,56090
awkhash,coarse,coarse/best-ev-w256.00,256.000,2,6333,4024,116,0.177256,0.217228,35728,534,56090
awkhash,coarse,coarse/best-ev-w256.00,256.000,4,5988,3486,79,0.167600,0.147940,35728,534,56090
awkhash,coarse,coarse/best-ev-w256.00,256.000,8,5792,3399,126,0.162114,0.235955,35728,534,56090
awkhash,coarse,coarse/best-ev-w256.00,256.000,16,5548,3185,57,0.155284,0.106742,35728,534,56090
awkhash,coarse,coarse/best-ev-w256.00,256.000,32,5354,3331,17,0.149854,0.031835,35728,534,56090
gcc,h32,h32/best-ev-w0.05,0.050,1,50883,39963,1205,0.048094,0.086960,1057980,13857,33055
gcc,h32,h32/best-ev-w0.05,0.050,2,50733,38264,4511,0.047953,0.325539,1057980,13857,33055
gcc,h32,h32/best-ev-w0.05,0.050,3,45417,32618,1651,0.042928,0.119146,1057980,13857,33055
gcc,h32,h32/best-ev-w0.05,0.050,4,42556,29063,776,0.040224,0.056001,1057980,13857,33055
gcc,h32,h32/best-ev-w0.05,0.050,5,44364,29144,2755,0.041933,0.198816,1057980,13857,33055
gcc,h32,h32/best-ev-w0.05,0.050,6,38227,24629,78,0.036132,0.005629,1057980,13857,33055
gcc,h32,h32/best-ev-w0.05,0.050,7,37199,23180,80,0.035160,0.005773,1057980,13857,33055
gcc,h32,h32/best-ev-w0.05,0.050,8,36210,22610,176,0.034226,0.012701,1057980,13857,33055
gcc,h32,h32/best-ev-w0.05,0.050,9,35013,21945,38,0.033094,0.002742,1057980,13857,33055
gcc,h32,h32/best-ev-w0.05,0.050,10,34395,21162,92,0.032510,0.006639,1057980,13857,33055
gcc,h32,h32/best-ev-w0.05,0.050,11,33569,20606,60,0.031729,0.004330,1057980,13857,33055
gcc,h32,h32/best-ev-w0.05,0.050,12,32891,20363,48,0.031088,0.003464,1057980,13857,33055
gcc,h32,h32/best-ev-w0.05,0.050,13,32474,19898,92,0.030694,0.006639,1057980,13857,33055
gcc,h32,h32/best-ev-w0.05,0.050,14,31711,19408,33,0.029973,0.002381,1057980,13857,33055
gcc,h32,h32/best-ev-w0.05,0.050,15,31283,19470,63,0.029569,0.004546,1057980,13857,33055
gcc,h32,h32/best-ev-w0.05,0.050,16,30918,19224,123,0.029224,0.008876,1057980,13857,33055
gcc,h32,h32/best-ev-w0.05,0.050,17,30301,18786,30,0.028640,0.002165,1057980,13857,33055
gcc,h32,h32/best-ev-w0.05,0.050,18,29929,18786,37,0.028289,0.002670,1057980,13857,33055
gcc,h32,h32/best-ev-w0.05,0.050,19,29517,18023,31,0.027899,0.002237,1057980,13857,33055
gcc,h32,h32/best-ev-w0.05,0.050,20,29203,18043,28,0.027603,0.002021,1057980,13857,33055
gcc,h32,h32/best-ev-w0.05,0.050,21,28905,17929,46,0.027321,0.003320,1057980,13857,33055
gcc,h32,h32/best-ev-w0.05,0.050,22,28531,17488,14,0.026967,0.001010,1057980,13857,33055
gcc,h32,h32/best-ev-w0.05,0.050,23,28338,17246,38,0.026785,0.002742,1057980,13857,33055
gcc,h32,h32/best-ev-w0.05,0.050,24,28108,17380,35,0.026568,0.002526,1057980,13857,33055
gcc,h32,h32/best-ev-w0.05,0.050,25,27808,16833,75,0.026284,0.005412,1057980,13857,33055
gcc,h32,h32/best-ev-w0.05,0.050,26,27439,16678,30,0.025935,0.002165,1057980,13857,33055
gcc,h32,h32/best-ev-w0.05,0.050,27,27244,16702,37,0.025751,0.002670,1057980,13857,33055
gcc,h32,h32/best-ev-w0.05,0.050,28,27402,16482,491,0.025900,0.035433,1057980,13857,33055
gcc,h32,h32/best-ev-w0.05,0.050,29,26881,16069,161,0.025408,0.011619,1057980,13857,33055
gcc,h32,h32/best-ev-w0.05,0.050,30,26542,16133,29,0.025087,0.002093,1057980,13857,33055
gcc,h32,h32/best-ev-w0.05,0.050,31,26818,16063,86,0.025348,0.006206,1057980,13857,33055
gcc,h32,h32/best-ev-w0.05,0.050,32,27171,16609,908,0.025682,0.065526,1057980,13857,33055
gcc,coarse,coarse/best-ev-w0.05,0.050,1,115820,93045,1307,0.179868,0.099528,643918,13132,33055
gcc,coarse,coarse/best-ev-w0.05,0.050,2,115091,88705,4932,0.178735,0.375571,643918,13132,33055
gcc,coarse,coarse/best-ev-w0.05,0.050,4,111315,79737,3903,0.172871,0.297213,643918,13132,33055
gcc,coarse,coarse/best-ev-w0.05,0.050,8,102616,69907,449,0.159362,0.034191,643918,13132,33055
gcc,coarse,coarse/best-ev-w0.05,0.050,16,99687,68164,385,0.154813,0.029318,643918,13132,33055
gcc,coarse,coarse/best-ev-w0.05,0.050,32,99389,65684,2156,0.154350,0.164179,643918,13132,33055
gcc,h32,h32/best-ev-w0.25,0.250,1,38486,30711,1107,0.053882,0.095944,714259,11538,33055
gcc,h32,h32/best-ev-w0.25,0.250,2,38958,30212,4460,0.054543,0.386549,714259,11538,33055
gcc,h32,h32/best-ev-w0.25,0.250,3,33632,24861,1661,0.047087,0.143959,714259,11538,33055
gcc,h32,h32/best-ev-w0.25,0.250,4,30422,21617,418,0.042592,0.036228,714259,11538,33055
gcc,h32,h32/best-ev-w0.25,0.250,5,29922,20881,1170,0.041892,0.101404,714259,11538,33055
gcc,h32,h32/best-ev-w0.25,0.250,6,27007,18272,64,0.037811,0.005547,714259,11538,33055
gcc,h32,h32/best-ev-w0.25,0.250,7,25957,17128,54,0.036341,0.004680,714259,11538,33055
gcc,h32,h32/best-ev-w0.25,0.250,8,25058,16536,153,0.035083,0.013261,714259,11538,33055
gcc,h32,h32/best-ev-w0.25,0.250,9,24073,15857,43,0.033703,0.003727,714259,11538,33055
gcc,h32,h32/best-ev-w0.25,0.250,10,23421,15240,64,0.032791,0.005547,714259,11538,33055
gcc,h32,h32/best-ev-w0.25,0.250,11,22656,14714,31,0.031720,0.002687,714259,11538,33055
gcc,h32,h32/best-ev-w0.25,0.250,12,22135,14437,47,0.030990,0.004073,714259,11538,33055
gcc,h32,h32/best-ev-w0.25,0.250,13,21643,13944,53,0.030301,0.004594,714259,11538,33055
gcc,h32,h32/best-ev-w0.25,0.250,14,21075,13571,24,0.029506,0.002080,714259,11538,33055
gcc,h32,h32/best-ev-w0.25,0.250,15,20687,13488,47,0.028963,0.004073,714259,11538,33055
gcc,h32,h32/best-ev-w0.25,0.250,16,20348,13270,112,0.028488,0.009707,714259,11538,33055
gcc,h32,h32/best-ev-w0.25,0.250,17,19896,12899,34,0.027855,0.002947,714259,11538,33055
gcc,h32,h32/best-ev-w0.25,0.250,18,19612,12791,53,0.027458,0.004594,714259,11538,33055
gcc,h32,h32/best-ev-w0.25,0.250,19,19231,12335,38,0.026924,0.003293,714259,11538,33055
gcc,h32,h32/best-ev-w0.25,0.250,20,18948,12294,19,0.026528,0.001647,714259,11538,33055
gcc,h32,h32/best-ev-w0.25,0.250,21,18679,12157,26,0.026152,0.002253,714259,11538,33055
gcc,h32,h32/best-ev-w0.25,0.250,22,18425,12005,23,0.025796,0.001993,714259,11538,33055
gcc,h32,h32/best-ev-w0.25,0.250,23,18204,11769,32,0.025487,0.002773,714259,11538,33055
gcc,h32,h32/best-ev-w0.25,0.250,24,18011,11843,39,0.025216,0.003380,714259,11538,33055
gcc,h32,h32/best-ev-w0.25,0.250,25,17775,11465,55,0.024886,0.004767,714259,11538,33055
gcc,h32,h32/best-ev-w0.25,0.250,26,17506,11258,29,0.024509,0.002513,714259,11538,33055
gcc,h32,h32/best-ev-w0.25,0.250,27,17589,11401,269,0.024626,0.023314,714259,11538,33055
gcc,h32,h32/best-ev-w0.25,0.250,28,17535,11271,449,0.024550,0.038915,714259,11538,33055
gcc,h32,h32/best-ev-w0.25,0.250,29,16878,10694,28,0.023630,0.002427,714259,11538,33055
gcc,h32,h32/best-ev-w0.25,0.250,30,16701,10687,21,0.023382,0.001820,714259,11538,33055
gcc,h32,h32/best-ev-w0.25,0.250,31,16520,10383,20,0.023129,0.001733,714259,11538,33055
gcc,h32,h32/best-ev-w0.25,0.250,32,17269,11269,895,0.024178,0.077570,714259,11538,33055
gcc,coarse,coarse/best-ev-w0.25,0.250,1,61107,49355,1276,0.189716,0.117064,322098,10900,33055
gcc,coarse,coarse/best-ev-w0.25,0.250,2,60716,47515,4749,0.188502,0.435688,322098,10900,33055
gcc,coarse,coarse/best-ev-w0.25,0.250,4,54652,40380,2228,0.169675,0.204404,322098,10900,33055
gcc,coarse,coarse/best-ev-w0.25,0.250,8,49991,35216,386,0.155204,0.035413,322098,10900,33055
gcc,coarse,coarse/best-ev-w0.25,0.250,16,48279,33737,868,0.149889,0.079633,322098,10900,33055
gcc,coarse,coarse/best-ev-w0.25,0.250,32,47353,31697,1393,0.147014,0.127798,322098,10900,33055
gcc,h32,h32/best-ev-w1.00,1.000,1,24698,19831,872,0.067968,0.083758,363377,10411,33055
gcc,h32,h32/best-ev-w1.00,1.000,2,25635,20380,4335,0.070547,0.416387,363377,10411,33055
gcc,h32,h32/best-ev-w1.00,1.000,3,20639,15524,1546,0.056798,0.148497,363377,10411,33055
gcc,h32,h32/best-ev-w1.00,1.000,4,18503,13666,1153,0.050920,0.110748,363377,10411,33055
gcc,h32,h32/best-ev-w1.00,1.000,5,16256,11531,191,0.044736,0.018346,363377,10411,33055
gcc,h32,h32/best-ev-w1.00,1.000,6,15002,10520,55,0.041285,0.005283,363377,10411,33055
gcc,h32,h32/best-ev-w1.00,1.000,7,14043,9627,42,0.038646,0.004034,363377,10411,33055
gcc,h32,h32/best-ev-w1.00,1.000,8,13322,9186,116,0.036662,0.011142,363377,10411,33055
gcc,h32,h32/best-ev-w1.00,1.000,9,12573,8612,53,0.034600,0.005091,363377,10411,33055
gcc,h32,h32/best-ev-w1.00,1.000,10,11954,8101,34,0.032897,0.003266,363377,10411,33055
gcc,h32,h32/best-ev-w1.00,1.000,11,11382,7642,30,0.031323,0.002882,363377,10411,33055
gcc,h32,h32/best-ev-w1.00,1.000,12,10989,7432,31,0.030241,0.002978,363377,10411,33055
gcc,h32,h32/best-ev-w1.00,1.000,13,10603,7070,44,0.029179,0.004226,363377,10411,33055
gcc,h32,h32/best-ev-w1.00,1.000,14,10178,6806,16,0.028009,0.001537,363377,10411,33055
gcc,h32,h32/best-ev-w1.00,1.000,15,9860,6649,43,0.027134,0.004130,363377,10411,33055
gcc,h32,h32/best-ev-w1.00,1.000,16,9617,6507,94,0.026466,0.009029,363377,10411,33055
gcc,h32,h32/best-ev-w1.00,1.000,17,9273,6131,18,0.025519,0.001729,363377,10411,33055
gcc,h32,h32/best-ev-w1.00,1.000,18,9007,6048,26,0.024787,0.002497,363377,10411,33055
gcc,h32,h32/best-ev-w1.00,1.000,19,8955,5949,197,0.024644,0.018922,363377,10411,33055
gcc,h32,h32/best-ev-w1.00,1.000,20,8581,5742,20,0.023615,0.001921,363377,10411,33055
gcc,h32,h32/best-ev-w1.00,1.000,21,8415,5585,26,0.023158,0.002497,363377,10411,33055
gcc,h32,h32/best-ev-w1.00,1.000,22,8225,5494,7,0.022635,0.000672,363377,10411,33055
gcc,h32,h32/best-ev-w1.00,1.000,23,8100,5394,12,0.022291,0.001153,363377,10411,33055
gcc,h32,h32/best-ev-w1.00,1.000,24,7921,5377,15,0.021798,0.001441,363377,10411,33055
gcc,h32,h32/best-ev-w1.00,1.000,25,7810,5216,66,0.021493,0.006339,363377,10411,33055
gcc,h32,h32/best-ev-w1.00,1.000,26,7595,5016,11,0.020901,0.001057,363377,10411,33055
gcc,h32,h32/best-ev-w1.00,1.000,27,7465,4924,13,0.020543,0.001249,363377,10411,33055
gcc,h32,h32/best-ev-w1.00,1.000,28,7795,5258,441,0.021452,0.042359,363377,10411,33055
gcc,h32,h32/best-ev-w1.00,1.000,29,7230,4754,29,0.019897,0.002786,363377,10411,33055
gcc,h32,h32/best-ev-w1.00,1.000,30,7086,4717,8,0.019500,0.000768,363377,10411,33055
gcc,h32,h32/best-ev-w1.00,1.000,31,6977,4561,25,0.019200,0.002401,363377,10411,33055
gcc,h32,h32/best-ev-w1.00,1.000,32,7688,5320,842,0.021157,0.080876,363377,10411,33055
gcc,coarse,coarse/best-ev-w1.00,1.000,1,25155,20271,900,0.196940,0.095178,127729,9456,33055
gcc,coarse,coarse/best-ev-w1.00,1.000,2,26328,21075,4339,0.206124,0.458862,127729,9456,33055
gcc,coarse,coarse/best-ev-w1.00,1.000,4,22017,16642,2170,0.172373,0.229484,127729,9456,33055
gcc,coarse,coarse/best-ev-w1.00,1.000,8,18585,13315,211,0.145503,0.022314,127729,9456,33055
gcc,coarse,coarse/best-ev-w1.00,1.000,16,19024,13743,1658,0.148940,0.175338,127729,9456,33055
gcc,coarse,coarse/best-ev-w1.00,1.000,32,16620,11163,178,0.130119,0.018824,127729,9456,33055
gcc,h32,h32/best-ev-w4.00,4.000,1,24511,19664,782,0.067900,0.091666,360987,8531,33055
gcc,h32,h32/best-ev-w4.00,4.000,2,24673,19660,3638,0.068349,0.426445,360987,8531,33055
gcc,h32,h32/best-ev-w4.00,4.000,3,19635,14713,755,0.054393,0.088501,360987,8531,33055
gcc,h32,h32/best-ev-w4.00,4.000,4,17931,13104,613,0.049672,0.071856,360987,8531,33055
gcc,h32,h32/best-ev-w4.00,4.000,5,16288,11572,234,0.045121,0.027429,360987,8531,33055
gcc,h32,h32/best-ev-w4.00,4.000,6,15030,10554,73,0.041636,0.008557,360987,8531,33055
gcc,h32,h32/best-ev-w4.00,4.000,7,14026,9616,40,0.038855,0.004689,360987,8531,33055
gcc,h32,h32/best-ev-w4.00,4.000,8,13333,9185,117,0.036935,0.013715,360987,8531,33055
gcc,h32,h32/best-ev-w4.00,4.000,9,12561,8618,42,0.034796,0.004923,360987,8531,33055
gcc,h32,h32/best-ev-w4.00,4.000,10,11961,8103,36,0.033134,0.004220,360987,8531,33055
gcc,h32,h32/best-ev-w4.00,4.000,11,11379,7628,24,0.031522,0.002813,360987,8531,33055
gcc,h32,h32/best-ev-w4.00,4.000,12,10980,7418,26,0.030417,0.003048,360987,8531,33055
gcc,h32,h32/best-ev-w4.00,4.000,13,10747,7203,171,0.029771,0.020045,360987,8531,33055
gcc,h32,h32/best-ev-w4.00,4.000,14,10249,6859,71,0.028392,0.008323,360987,8531,33055
gcc,h32,h32/best-ev-w4.00,4.000,15,9881,6661,51,0.027372,0.005978,360987,8531,33055
gcc,h32,h32/best-ev-w4.00,4.000,16,9617,6517,92,0.026641,0.010784,360987,8531,33055
gcc,h32,h32/best-ev-w4.00,4.000,17,9288,6141,20,0.025729,0.002344,360987,8531,33055
gcc,h32,h32/best-ev-w4.00,4.000,18,9026,6059,28,0.025004,0.003282,360987,8531,33055
gcc,h32,h32/best-ev-w4.00,4.000,19,8939,5935,190,0.024763,0.022272,360987,8531,33055
gcc,h32,h32/best-ev-w4.00,4.000,20,8591,5742,23,0.023799,0.002696,360987,8531,33055
gcc,h32,h32/best-ev-w4.00,4.000,21,8416,5581,23,0.023314,0.002696,360987,8531,33055
gcc,h32,h32/best-ev-w4.00,4.000,22,8238,5512,11,0.022821,0.001289,360987,8531,33055
gcc,h32,h32/best-ev-w4.00,4.000,23,8101,5401,15,0.022441,0.001758,360987,8531,33055
gcc,h32,h32/best-ev-w4.00,4.000,24,7942,5387,26,0.022001,0.003048,360987,8531,33055
gcc,h32,h32/best-ev-w4.00,4.000,25,7808,5216,70,0.021630,0.008205,360987,8531,33055
gcc,h32,h32/best-ev-w4.00,4.000,26,7604,5020,15,0.021064,0.001758,360987,8531,33055
gcc,h32,h32/best-ev-w4.00,4.000,27,7481,4928,16,0.020724,0.001876,360987,8531,33055
gcc,h32,h32/best-ev-w4.00,4.000,28,7787,5261,441,0.021571,0.051694,360987,8531,33055
gcc,h32,h32/best-ev-w4.00,4.000,29,7225,4744,22,0.020015,0.002579,360987,8531,33055
gcc,h32,h32/best-ev-w4.00,4.000,30,7091,4716,10,0.019643,0.001172,360987,8531,33055
gcc,h32,h32/best-ev-w4.00,4.000,31,6963,4542,17,0.019289,0.001993,360987,8531,33055
gcc,h32,h32/best-ev-w4.00,4.000,32,7685,5318,839,0.021289,0.098347,360987,8531,33055
gcc,coarse,coarse/best-ev-w4.00,4.000,1,25051,20193,932,0.199836,0.120258,125358,7750,33055
gcc,coarse,coarse/best-ev-w4.00,4.000,2,25187,20207,3519,0.200921,0.454065,125358,7750,33055
gcc,coarse,coarse/best-ev-w4.00,4.000,4,21025,15718,1294,0.167720,0.166968,125358,7750,33055
gcc,coarse,coarse/best-ev-w4.00,4.000,8,18553,13282,209,0.148000,0.026968,125358,7750,33055
gcc,coarse,coarse/best-ev-w4.00,4.000,16,18955,13686,1634,0.151207,0.210839,125358,7750,33055
gcc,coarse,coarse/best-ev-w4.00,4.000,32,16587,11139,162,0.132317,0.020903,125358,7750,33055
gcc,h32,h32/best-ev-w16.00,16.000,1,24452,19603,737,0.067765,0.088486,360836,8329,33055
gcc,h32,h32/best-ev-w16.00,16.000,2,24498,19511,3493,0.067892,0.419378,360836,8329,33055
gcc,h32,h32/best-ev-w16.00,16.000,3,19670,14750,791,0.054512,0.094969,360836,8329,33055
gcc,h32,h32/best-ev-w16.00,16.000,4,17934,13106,620,0.049701,0.074439,360836,8329,33055
gcc,h32,h32/best-ev-w16.00,16.000,5,16256,11535,196,0.045051,0.023532,360836,8329,33055
gcc,h32,h32/best-ev-w16.00,16.000,6,15110,10629,148,0.041875,0.017769,360836,8329,33055
gcc,h32,h32/best-ev-w16.00,16.000,7,14043,9631,53,0.038918,0.006363,360836,8329,33055
gcc,h32,h32/best-ev-w16.00,16.000,8,13342,9189,123,0.036975,0.014768,360836,8329,33055
gcc,h32,h32/best-ev-w16.00,16.000,9,12576,8625,50,0.034852,0.006003,360836,8329,33055
gcc,h32,h32/best-ev-w16.00,16.000,10,11974,8108,41,0.033184,0.004923,360836,8329,33055
gcc,h32,h32/best-ev-w16.00,16.000,11,11388,7635,27,0.031560,0.003242,360836,8329,33055
gcc,h32,h32/best-ev-w16.00,16.000,12,10994,7426,31,0.030468,0.003722,360836,8329,33055
gcc,h32,h32/best-ev-w16.00,16.000,13,10641,7100,67,0.029490,0.008044,360836,8329,33055
gcc,h32,h32/best-ev-w16.00,16.000,14,10210,6818,29,0.028295,0.003482,360836,8329,33055
gcc,h32,h32/best-ev-w16.00,16.000,15,9892,6666,53,0.027414,0.006363,360836,8329,33055
gcc,h32,h32/best-ev-w16.00,16.000,16,9629,6524,96,0.026685,0.011526,360836,8329,33055
gcc,h32,h32/best-ev-w16.00,16.000,17,9305,6146,23,0.025787,0.002761,360836,8329,33055
gcc,h32,h32/best-ev-w16.00,16.000,18,9030,6060,28,0.025025,0.003362,360836,8329,33055
gcc,h32,h32/best-ev-w16.00,16.000,19,8940,5939,190,0.024776,0.022812,360836,8329,33055
gcc,h32,h32/best-ev-w16.00,16.000,20,8594,5744,27,0.023817,0.003242,360836,8329,33055
gcc,h32,h32/best-ev-w16.00,16.000,21,8415,5579,21,0.023321,0.002521,360836,8329,33055
gcc,h32,h32/best-ev-w16.00,16.000,22,8240,5513,11,0.022836,0.001321,360836,8329,33055
gcc,h32,h32/best-ev-w16.00,16.000,23,8103,5403,15,0.022456,0.001801,360836,8329,33055
gcc,h32,h32/best-ev-w16.00,16.000,24,7939,5381,22,0.022002,0.002641,360836,8329,33055
gcc,h32,h32/best-ev-w16.00,16.000,25,7822,5230,84,0.021677,0.010085,360836,8329,33055
gcc,h32,h32/best-ev-w16.00,16.000,26,7605,5021,15,0.021076,0.001801,360836,8329,33055
gcc,h32,h32/best-ev-w16.00,16.000,27,7484,4930,18,0.020741,0.002161,360836,8329,33055
gcc,h32,h32/best-ev-w16.00,16.000,28,7781,5255,434,0.021564,0.052107,360836,8329,33055
gcc,h32,h32/best-ev-w16.00,16.000,29,7227,4746,22,0.020028,0.002641,360836,8329,33055
gcc,h32,h32/best-ev-w16.00,16.000,30,7094,4721,11,0.019660,0.001321,360836,8329,33055
gcc,h32,h32/best-ev-w16.00,16.000,31,6964,4542,16,0.019300,0.001921,360836,8329,33055
gcc,h32,h32/best-ev-w16.00,16.000,32,7684,5315,837,0.021295,0.100492,360836,8329,33055
gcc,coarse,coarse/best-ev-w16.00,16.000,1,24925,20072,828,0.199004,0.108136,125249,7657,33055
gcc,coarse,coarse/best-ev-w16.00,16.000,2,25136,20168,3482,0.200688,0.454747,125249,7657,33055
gcc,coarse,coarse/best-ev-w16.00,16.000,4,21051,15741,1318,0.168073,0.172130,125249,7657,33055
gcc,coarse,coarse/best-ev-w16.00,16.000,8,18612,13342,268,0.148600,0.035001,125249,7657,33055
gcc,coarse,coarse/best-ev-w16.00,16.000,16,18926,13653,1599,0.151107,0.208829,125249,7657,33055
gcc,coarse,coarse/best-ev-w16.00,16.000,32,16599,11137,162,0.132528,0.021157,125249,7657,33055
gcc,h32,h32/best-ev-w64.00,64.000,1,24352,19503,639,0.067498,0.077211,360780,8276,33055
gcc,h32,h32/best-ev-w64.00,64.000,2,23909,18925,2906,0.066270,0.351136,360780,8276,33055
gcc,h32,h32/best-ev-w64.00,64.000,3,20314,15392,1434,0.056306,0.173272,360780,8276,33055
gcc,h32,h32/best-ev-w64.00,64.000,4,17836,13008,522,0.049437,0.063074,360780,8276,33055
gcc,h32,h32/best-ev-w64.00,64.000,5,16314,11593,254,0.045219,0.030691,360780,8276,33055
gcc,h32,h32/best-ev-w64.00,64.000,6,15110,10629,148,0.041881,0.017883,360780,8276,33055
gcc,h32,h32/best-ev-w64.00,64.000,7,14043,9631,53,0.038924,0.006404,360780,8276,33055
gcc,h32,h32/best-ev-w64.00,64.000,8,13342,9189,123,0.036981,0.014862,360780,8276,33055
gcc,h32,h32/best-ev-w64.00,64.000,9,12576,8625,50,0.034858,0.006042,360780,8276,33055
gcc,h32,h32/best-ev-w64.00,64.000,10,11974,8108,41,0.033189,0.004954,360780,8276,33055
gcc,h32,h32/best-ev-w64.00,64.000,11,11388,7635,27,0.031565,0.003262,360780,8276,33055
gcc,h32,h32/best-ev-w64.00,64.000,12,10994,7426,31,0.030473,0.003746,360780,8276,33055
gcc,h32,h32/best-ev-w64.00,64.000,13,10671,7130,97,0.029578,0.011721,360780,8276,33055
gcc,h32,h32/best-ev-w64.00,64.000,14,10211,6819,30,0.028303,0.003625,360780,8276,33055
gcc,h32,h32/best-ev-w64.00,64.000,15,9892,6666,53,0.027418,0.006404,360780,8276,33055
gcc,h32,h32/best-ev-w64.00,64.000,16,9628,6524,96,0.026687,0.011600,360780,8276,33055
gcc,h32,h32/best-ev-w64.00,64.000,17,9306,6146,23,0.025794,0.002779,360780,8276,33055
gcc,h32,h32/best-ev-w64.00,64.000,18,9030,6060,28,0.025029,0.003383,360780,8276,33055
gcc,h32,h32/best-ev-w64.00,64.000,19,8939,5938,189,0.024777,0.022837,360780,8276,33055
gcc,h32,h32/best-ev-w64.00,64.000,20,8594,5744,27,0.023821,0.003262,360780,8276,33055
gcc,h32,h32/best-ev-w64.00,64.000,21,8416,5580,22,0.023327,0.002658,360780,8276,33055
gcc,h32,h32/best-ev-w64.00,64.000,22,8240,5513,11,0.022839,0.001329,360780,8276,33055
gcc,h32,h32/best-ev-w64.00,64.000,23,8103,5403,15,0.022460,0.001812,360780,8276,33055
gcc,h32,h32/best-ev-w64.00,64.000,24,7939,5381,22,0.022005,0.002658,360780,8276,33055
gcc,h32,h32/best-ev-w64.00,64.000,25,7822,5230,84,0.021681,0.010150,360780,8276,33055
gcc,h32,h32/best-ev-w64.00,64.000,26,7605,5021,15,0.021079,0.001812,360780,8276,33055
gcc,h32,h32/best-ev-w64.00,64.000,27,7484,4930,18,0.020744,0.002175,360780,8276,33055
gcc,h32,h32/best-ev-w64.00,64.000,28,7779,5253,432,0.021562,0.052199,360780,8276,33055
gcc,h32,h32/best-ev-w64.00,64.000,29,7227,4746,22,0.020032,0.002658,360780,8276,33055
gcc,h32,h32/best-ev-w64.00,64.000,30,7094,4721,11,0.019663,0.001329,360780,8276,33055
gcc,h32,h32/best-ev-w64.00,64.000,31,6964,4542,16,0.019303,0.001933,360780,8276,33055
gcc,h32,h32/best-ev-w64.00,64.000,32,7684,5315,837,0.021298,0.101136,360780,8276,33055
gcc,coarse,coarse/best-ev-w64.00,64.000,1,24790,19937,695,0.197937,0.090850,125242,7650,33055
gcc,coarse,coarse/best-ev-w64.00,64.000,2,24721,19755,3068,0.197386,0.401046,125242,7650,33055
gcc,coarse,coarse/best-ev-w64.00,64.000,4,21592,16280,1858,0.172402,0.242876,125242,7650,33055
gcc,coarse,coarse/best-ev-w64.00,64.000,8,18613,13342,268,0.148616,0.035033,125242,7650,33055
gcc,coarse,coarse/best-ev-w64.00,64.000,16,18927,13654,1599,0.151123,0.209020,125242,7650,33055
gcc,coarse,coarse/best-ev-w64.00,64.000,32,16599,11137,162,0.132535,0.021176,125242,7650,33055
gcc,h32,h32/best-ev-w256.00,256.000,1,24352,19503,639,0.067498,0.077211,360780,8276,33055
gcc,h32,h32/best-ev-w256.00,256.000,2,23909,18925,2906,0.066270,0.351136,360780,8276,33055
gcc,h32,h32/best-ev-w256.00,256.000,3,20314,15392,1434,0.056306,0.173272,360780,8276,33055
gcc,h32,h32/best-ev-w256.00,256.000,4,17836,13008,522,0.049437,0.063074,360780,8276,33055
gcc,h32,h32/best-ev-w256.00,256.000,5,16314,11593,254,0.045219,0.030691,360780,8276,33055
gcc,h32,h32/best-ev-w256.00,256.000,6,15110,10629,148,0.041881,0.017883,360780,8276,33055
gcc,h32,h32/best-ev-w256.00,256.000,7,14043,9631,53,0.038924,0.006404,360780,8276,33055
gcc,h32,h32/best-ev-w256.00,256.000,8,13342,9189,123,0.036981,0.014862,360780,8276,33055
gcc,h32,h32/best-ev-w256.00,256.000,9,12576,8625,50,0.034858,0.006042,360780,8276,33055
gcc,h32,h32/best-ev-w256.00,256.000,10,11974,8108,41,0.033189,0.004954,360780,8276,33055
gcc,h32,h32/best-ev-w256.00,256.000,11,11388,7635,27,0.031565,0.003262,360780,8276,33055
gcc,h32,h32/best-ev-w256.00,256.000,12,10994,7426,31,0.030473,0.003746,360780,8276,33055
gcc,h32,h32/best-ev-w256.00,256.000,13,10671,7130,97,0.029578,0.011721,360780,8276,33055
gcc,h32,h32/best-ev-w256.00,256.000,14,10211,6819,30,0.028303,0.003625,360780,8276,33055
gcc,h32,h32/best-ev-w256.00,256.000,15,9892,6666,53,0.027418,0.006404,360780,8276,33055
gcc,h32,h32/best-ev-w256.00,256.000,16,9628,6524,96,0.026687,0.011600,360780,8276,33055
gcc,h32,h32/best-ev-w256.00,256.000,17,9306,6146,23,0.025794,0.002779,360780,8276,33055
gcc,h32,h32/best-ev-w256.00,256.000,18,9030,6060,28,0.025029,0.003383,360780,8276,33055
gcc,h32,h32/best-ev-w256.00,256.000,19,8939,5938,189,0.024777,0.022837,360780,8276,33055
gcc,h32,h32/best-ev-w256.00,256.000,20,8594,5744,27,0.023821,0.003262,360780,8276,33055
gcc,h32,h32/best-ev-w256.00,256.000,21,8416,5580,22,0.023327,0.002658,360780,8276,33055
gcc,h32,h32/best-ev-w256.00,256.000,22,8240,5513,11,0.022839,0.001329,360780,8276,33055
gcc,h32,h32/best-ev-w256.00,256.000,23,8103,5403,15,0.022460,0.001812,360780,8276,33055
gcc,h32,h32/best-ev-w256.00,256.000,24,7939,5381,22,0.022005,0.002658,360780,8276,33055
gcc,h32,h32/best-ev-w256.00,256.000,25,7822,5230,84,0.021681,0.010150,360780,8276,33055
gcc,h32,h32/best-ev-w256.00,256.000,26,7605,5021,15,0.021079,0.001812,360780,8276,33055
gcc,h32,h32/best-ev-w256.00,256.000,27,7484,4930,18,0.020744,0.002175,360780,8276,33055
gcc,h32,h32/best-ev-w256.00,256.000,28,7779,5253,432,0.021562,0.052199,360780,8276,33055
gcc,h32,h32/best-ev-w256.00,256.000,29,7227,4746,22,0.020032,0.002658,360780,8276,33055
gcc,h32,h32/best-ev-w256.00,256.000,30,7094,4721,11,0.019663,0.001329,360780,8276,33055
gcc,h32,h32/best-ev-w256.00,256.000,31,6964,4542,16,0.019303,0.001933,360780,8276,33055
gcc,h32,h32/best-ev-w256.00,256.000,32,7684,5315,837,0.021298,0.101136,360780,8276,33055
gcc,coarse,coarse/best-ev-w256.00,256.000,1,24790,19937,695,0.197937,0.090850,125242,7650,33055
gcc,coarse,coarse/best-ev-w256.00,256.000,2,24721,19755,3068,0.197386,0.401046,125242,7650,33055
gcc,coarse,coarse/best-ev-w256.00,256.000,4,21592,16280,1858,0.172402,0.242876,125242,7650,33055
gcc,coarse,coarse/best-ev-w256.00,256.000,8,18613,13342,268,0.148616,0.035033,125242,7650,33055
gcc,coarse,coarse/best-ev-w256.00,256.000,16,18927,13654,1599,0.151123,0.209020,125242,7650,33055
gcc,coarse,coarse/best-ev-w256.00,256.000,32,16599,11137,162,0.132535,0.021176,125242,7650,33055
python,h32,h32/best-ev-w0.05,0.050,1,90905,58331,2990,0.068160,0.087920,1333702,34008,107021
python,h32,h32/best-ev-w0.05,0.050,2,88381,51671,5292,0.066267,0.155610,1333702,34008,107021
python,h32,h32/best-ev-w0.05,0.050,3,75607,39503,1365,0.056690,0.040138,1333702,34008,107021
python,h32,h32/best-ev-w0.05,0.050,4,72376,37306,2733,0.054267,0.080363,1333702,34008,107021
python,h32,h32/best-ev-w0.05,0.050,5,65893,30971,1837,0.049406,0.054017,1333702,34008,107021
python,h32,h32/best-ev-w0.05,0.050,6,65614,32198,4791,0.049197,0.140879,1333702,34008,107021
python,h32,h32/best-ev-w0.05,0.050,7,57792,26010,2578,0.043332,0.075806,1333702,34008,107021
python,h32,h32/best-ev-w0.05,0.050,8,51472,22653,560,0.038593,0.016467,1333702,34008,107021
python,h32,h32/best-ev-w0.05,0.050,9,48426,20626,632,0.036309,0.018584,1333702,34008,107021
python,h32,h32/best-ev-w0.05,0.050,10,47096,20584,1285,0.035312,0.037785,1333702,34008,107021
python,h32,h32/best-ev-w0.05,0.050,11,43713,18648,907,0.032776,0.026670,1333702,34008,107021
python,h32,h32/best-ev-w0.05,0.050,12,41391,17550,884,0.031035,0.025994,1333702,34008,107021
python,h32,h32/best-ev-w0.05,0.050,13,39481,16168,492,0.029603,0.014467,1333702,34008,107021
python,h32,h32/best-ev-w0.05,0.050,14,37058,14936,310,0.027786,0.009116,1333702,34008,107021
python,h32,h32/best-ev-w0.05,0.050,15,36632,15075,513,0.027466,0.015085,1333702,34008,107021
python,h32,h32/best-ev-w0.05,0.050,16,35717,15458,1315,0.026780,0.038667,1333702,34008,107021
python,h32,h32/best-ev-w0.05,0.050,17,33216,13564,365,0.024905,0.010733,1333702,34008,107021
python,h32,h32/best-ev-w0.05,0.050,18,31999,12966,332,0.023993,0.009762,1333702,34008,107021
python,h32,h32/best-ev-w0.05,0.050,19,30770,12168,175,0.023071,0.005146,1333702,34008,107021
python,h32,h32/best-ev-w0.05,0.050,20,30083,12532,392,0.022556,0.011527,1333702,34008,107021
python,h32,h32/best-ev-w0.05,0.050,21,28982,11221,254,0.021730,0.007469,1333702,34008,107021
python,h32,h32/best-ev-w0.05,0.050,22,28773,11337,364,0.021574,0.010703,1333702,34008,107021
python,h32,h32/best-ev-w0.05,0.050,23,27459,10549,178,0.020589,0.005234,1333702,34008,107021
python,h32,h32/best-ev-w0.05,0.050,24,28286,10892,646,0.021209,0.018996,1333702,34008,107021
python,h32,h32/best-ev-w0.05,0.050,25,26750,10149,464,0.020057,0.013644,1333702,34008,107021
python,h32,h32/best-ev-w0.05,0.050,26,25638,9910,221,0.019223,0.006498,1333702,34008,107021
python,h32,h32/best-ev-w0.05,0.050,27,25266,9702,226,0.018944,0.006645,1333702,34008,107021
python,h32,h32/best-ev-w0.05,0.050,28,24943,9795,332,0.018702,0.009762,1333702,34008,107021
python,h32,h32/best-ev-w0.05,0.050,29,23878,9289,169,0.017904,0.004969,1333702,34008,107021
python,h32,h32/best-ev-w0.05,0.050,30,24875,10716,1128,0.018651,0.033169,1333702,34008,107021
python,h32,h32/best-ev-w0.05,0.050,31,22704,8885,114,0.017023,0.003352,1333702,34008,107021
python,h32,h32/best-ev-w0.05,0.050,32,22526,8850,164,0.016890,0.004822,1333702,34008,107021
python,coarse,coarse/best-ev-w0.05,0.050,1,228806,145712,4079,0.193658,0.119245,1181498,34207,107021
python,coarse,coarse/best-ev-w0.05,0.050,2,211623,119831,5134,0.179114,0.150086,1181498,34207,107021
python,coarse,coarse/best-ev-w0.05,0.050,4,200068,104794,4051,0.169334,0.118426,1181498,34207,107021
python,coarse,coarse/best-ev-w0.05,0.050,8,189465,91459,7431,0.160360,0.217236,1181498,34207,107021
python,coarse,coarse/best-ev-w0.05,0.050,16,179881,85114,7359,0.152248,0.215131,1181498,34207,107021
python,coarse,coarse/best-ev-w0.05,0.050,32,171655,73986,6153,0.145286,0.179875,1181498,34207,107021
python,h32,h32/best-ev-w0.25,0.250,1,84220,54777,2873,0.071964,0.093473,1170312,30736,107021
python,h32,h32/best-ev-w0.25,0.250,2,78757,45641,3724,0.067296,0.121161,1170312,30736,107021
python,h32,h32/best-ev-w0.25,0.250,3,70070,37291,1527,0.059873,0.049681,1170312,30736,107021
python,h32,h32/best-ev-w0.25,0.250,4,66312,34635,2698,0.056662,0.087780,1170312,30736,107021
python,h32,h32/best-ev-w0.25,0.250,5,59311,28257,1180,0.050680,0.038391,1170312,30736,107021
python,h32,h32/best-ev-w0.25,0.250,6,59361,29343,4434,0.050722,0.144261,1170312,30736,107021
python,h32,h32/best-ev-w0.25,0.250,7,51853,23613,2226,0.044307,0.072423,1170312,30736,107021
python,h32,h32/best-ev-w0.25,0.250,8,47371,21279,1283,0.040477,0.041743,1170312,30736,107021
python,h32,h32/best-ev-w0.25,0.250,9,43319,18785,739,0.037015,0.024043,1170312,30736,107021
python,h32,h32/best-ev-w0.25,0.250,10,41061,17970,912,0.035086,0.029672,1170312,30736,107021
python,h32,h32/best-ev-w0.25,0.250,11,38447,16601,691,0.032852,0.022482,1170312,30736,107021
python,h32,h32/best-ev-w0.25,0.250,12,37452,16543,1515,0.032002,0.049291,1170312,30736,107021
python,h32,h32/best-ev-w0.25,0.250,13,34451,14473,503,0.029437,0.016365,1170312,30736,107021
python,h32,h32/best-ev-w0.25,0.250,14,32399,13293,322,0.027684,0.010476,1170312,30736,107021
python,h32,h32/best-ev-w0.25,0.250,15,31054,12878,374,0.026535,0.012168,1170312,30736,107021
python,h32,h32/best-ev-w0.25,0.250,16,30485,13215,957,0.026049,0.031136,1170312,30736,107021
python,h32,h32/best-ev-w0.25,0.250,17,28513,11937,309,0.024364,0.010053,1170312,30736,107021
python,h32,h32/best-ev-w0.25,0.250,18,28361,11994,878,0.024234,0.028566,1170312,30736,107021
python,h32,h32/best-ev-w0.25,0.250,19,26219,10542,157,0.022403,0.005108,1170312,30736,107021
python,h32,h32/best-ev-w0.25,0.250,20,25628,10830,441,0.021898,0.014348,1170312,30736,107021
python,h32,h32/best-ev-w0.25,0.250,21,24722,9825,247,0.021124,0.008036,1170312,30736,107021
python,h32,h32/best-ev-w0.25,0.250,22,23909,9553,232,0.020430,0.007548,1170312,30736,107021
python,h32,h32/best-ev-w0.25,0.250,23,23036,9010,168,0.019684,0.005466,1170312,30736,107021
python,h32,h32/best-ev-w0.25,0.250,24,22308,8680,147,0.019062,0.004783,1170312,30736,107021
python,h32,h32/best-ev-w0.25,0.250,25,21949,8396,242,0.018755,0.007874,1170312,30736,107021
python,h32,h32/best-ev-w0.25,0.250,26,21413,8398,226,0.018297,0.007353,1170312,30736,107021
python,h32,h32/best-ev-w0.25,0.250,27,21012,8348,323,0.017954,0.010509,1170312,30736,107021
python,h32,h32/best-ev-w0.25,0.250,28,20295,8113,216,0.017342,0.007028,1170312,30736,107021
python,h32,h32/best-ev-w0.25,0.250,29,19956,8023,328,0.017052,0.010672,1170312,30736,107021
python,h32,h32/best-ev-w0.25,0.250,30,19649,8247,431,0.016790,0.014023,1170312,30736,107021
python,h32,h32/best-ev-w0.25,0.250,31,18895,7678,199,0.016145,0.006474,1170312,30736,107021
python,h32,h32/best-ev-w0.25,0.250,32,18524,7516,234,0.015828,0.007613,1170312,30736,107021
python,coarse,coarse/best-ev-w0.25,0.250,1,157341,101891,3588,0.203194,0.122696,774339,29243,107021
python,coarse,coarse/best-ev-w0.25,0.250,2,142031,82319,4221,0.183422,0.144342,774339,29243,107021
python,coarse,coarse/best-ev-w0.25,0.250,4,129365,68813,2979,0.167065,0.101871,774339,29243,107021
python,coarse,coarse/best-ev-w0.25,0.250,8,124021,62238,7408,0.160164,0.253326,774339,29243,107021
python,coarse,coarse/best-ev-w0.25,0.250,16,112909,55187,5374,0.145813,0.183770,774339,29243,107021
python,coarse,coarse/best-ev-w0.25,0.250,32,108672,48254,5673,0.140342,0.193995,774339,29243,107021
python,h32,h32/best-ev-w1.00,1.000,1,67231,44351,2186,0.081324,0.082131,826709,26616,107021
python,h32,h32/best-ev-w1.00,1.000,2,62108,36615,2535,0.075127,0.095243,826709,26616,107021
python,h32,h32/best-ev-w1.00,1.000,3,56274,31079,2183,0.068070,0.082018,826709,26616,107021
python,h32,h32/best-ev-w1.00,1.000,4,51008,27197,1875,0.061700,0.070446,826709,26616,107021
python,h32,h32/best-ev-w1.00,1.000,5,45642,22601,1156,0.055209,0.043433,826709,26616,107021
python,h32,h32/best-ev-w1.00,1.000,6,45286,23360,4174,0.054779,0.156823,826709,26616,107021
python,h32,h32/best-ev-w1.00,1.000,7,39531,18910,2404,0.047817,0.090322,826709,26616,107021
python,h32,h32/best-ev-w1.00,1.000,8,34570,15986,890,0.041816,0.033439,826709,26616,107021
python,h32,h32/best-ev-w1.00,1.000,9,31443,14194,745,0.038034,0.027991,826709,26616,107021
python,h32,h32/best-ev-w1.00,1.000,10,28965,13020,575,0.035037,0.021604,826709,26616,107021
python,h32,h32/best-ev-w1.00,1.000,11,27254,12251,769,0.032967,0.028892,826709,26616,107021
python,h32,h32/best-ev-w1.00,1.000,12,25690,11507,1042,0.031075,0.039149,826709,26616,107021
python,h32,h32/best-ev-w1.00,1.000,13,24095,10620,847,0.029146,0.031823,826709,26616,107021
python,h32,h32/best-ev-w1.00,1.000,14,21881,9384,295,0.026468,0.011084,826709,26616,107021
python,h32,h32/best-ev-w1.00,1.000,15,20675,8978,331,0.025009,0.012436,826709,26616,107021
python,h32,h32/best-ev-w1.00,1.000,16,20089,8982,692,0.024300,0.025999,826709,26616,107021
python,h32,h32/best-ev-w1.00,1.000,17,18508,7969,249,0.022388,0.009355,826709,26616,107021
python,h32,h32/best-ev-w1.00,1.000,18,17639,7620,274,0.021336,0.010295,826709,26616,107021
python,h32,h32/best-ev-w1.00,1.000,19,17150,7407,465,0.020745,0.017471,826709,26616,107021
python,h32,h32/best-ev-w1.00,1.000,20,16265,7150,351,0.019674,0.013188,826709,26616,107021
python,h32,h32/best-ev-w1.00,1.000,21,15500,6529,221,0.018749,0.008303,826709,26616,107021
python,h32,h32/best-ev-w1.00,1.000,22,14845,6255,159,0.017957,0.005974,826709,26616,107021
python,h32,h32/best-ev-w1.00,1.000,23,14337,5893,174,0.017342,0.006537,826709,26616,107021
python,h32,h32/best-ev-w1.00,1.000,24,13902,5874,245,0.016816,0.009205,826709,26616,107021
python,h32,h32/best-ev-w1.00,1.000,25,13548,5671,302,0.016388,0.011347,826709,26616,107021
python,h32,h32/best-ev-w1.00,1.000,26,12899,5361,130,0.015603,0.004884,826709,26616,107021
python,h32,h32/best-ev-w1.00,1.000,27,12473,5199,154,0.015088,0.005786,826709,26616,107021
python,h32,h32/best-ev-w1.00,1.000,28,12377,5329,344,0.014971,0.012925,826709,26616,107021
python,h32,h32/best-ev-w1.00,1.000,29,11761,4994,137,0.014226,0.005147,826709,26616,107021
python,h32,h32/best-ev-w1.00,1.000,30,11681,5208,369,0.014130,0.013864,826709,26616,107021
python,h32,h32/best-ev-w1.00,1.000,31,11207,4763,199,0.013556,0.007477,826709,26616,107021
python,h32,h32/best-ev-w1.00,1.000,32,10875,4544,144,0.013155,0.005410,826709,26616,107021
python,coarse,coarse/best-ev-w1.00,1.000,1,78544,51645,2724,0.217047,0.136672,361875,19931,107021
python,coarse,coarse/best-ev-w1.00,1.000,2,68144,40353,2932,0.188308,0.147108,361875,19931,107021
python,coarse,coarse/best-ev-w1.00,1.000,4,60793,33336,2719,0.167994,0.136421,361875,19931,107021
python,coarse,coarse/best-ev-w1.00,1.000,8,57974,30639,5502,0.160204,0.276052,361875,19931,107021
python,coarse,coarse/best-ev-w1.00,1.000,16,51512,26595,4417,0.142347,0.221615,361875,19931,107021
python,coarse,coarse/best-ev-w1.00,1.000,32,44908,20109,1637,0.124098,0.082133,361875,19931,107021
python,h32,h32/best-ev-w4.00,4.000,1,66695,43928,1914,0.081561,0.094416,817731,20272,107021
python,h32,h32/best-ev-w4.00,4.000,2,61353,36014,1992,0.075028,0.098264,817731,20272,107021
python,h32,h32/best-ev-w4.00,4.000,3,54873,29909,1074,0.067104,0.052979,817731,20272,107021
python,h32,h32/best-ev-w4.00,4.000,4,50669,27084,1833,0.061963,0.090420,817731,20272,107021
python,h32,h32/best-ev-w4.00,4.000,5,45213,22256,844,0.055291,0.041634,817731,20272,107021
python,h32,h32/best-ev-w4.00,4.000,6,43768,22411,3301,0.053524,0.162835,817731,20272,107021
python,h32,h32/best-ev-w4.00,4.000,7,37507,17285,806,0.045867,0.039759,817731,20272,107021
python,h32,h32/best-ev-w4.00,4.000,8,34222,15698,661,0.041850,0.032607,817731,20272,107021
python,h32,h32/best-ev-w4.00,4.000,9,31280,14042,631,0.038252,0.031127,817731,20272,107021
python,h32,h32/best-ev-w4.00,4.000,10,28982,13021,609,0.035442,0.030041,817731,20272,107021
python,h32,h32/best-ev-w4.00,4.000,11,26866,11882,466,0.032854,0.022987,817731,20272,107021
python,h32,h32/best-ev-w4.00,4.000,12,25686,11522,1078,0.031411,0.053177,817731,20272,107021
python,h32,h32/best-ev-w4.00,4.000,13,23433,10106,340,0.028656,0.016772,817731,20272,107021
python,h32,h32/best-ev-w4.00,4.000,14,21884,9381,281,0.026762,0.013861,817731,20272,107021
python,h32,h32/best-ev-w4.00,4.000,15,20707,9010,369,0.025323,0.018202,817731,20272,107021
python,h32,h32/best-ev-w4.00,4.000,16,19596,8598,321,0.023964,0.015835,817731,20272,107021
python,h32,h32/best-ev-w4.00,4.000,17,18495,7927,203,0.022617,0.010014,817731,20272,107021
python,h32,h32/best-ev-w4.00,4.000,18,17687,7657,319,0.021629,0.015736,817731,20272,107021
python,h32,h32/best-ev-w4.00,4.000,19,16945,7192,264,0.020722,0.013023,817731,20272,107021
python,h32,h32/best-ev-w4.00,4.000,20,16124,7037,242,0.019718,0.011938,817731,20272,107021
python,h32,h32/best-ev-w4.00,4.000,21,15518,6570,244,0.018977,0.012036,817731,20272,107021
python,h32,h32/best-ev-w4.00,4.000,22,15146,6492,396,0.018522,0.019534,817731,20272,107021
python,h32,h32/best-ev-w4.00,4.000,23,14420,5979,245,0.017634,0.012086,817731,20272,107021
python,h32,h32/best-ev-w4.00,4.000,24,13954,5905,290,0.017064,0.014305,817731,20272,107021
python,h32,h32/best-ev-w4.00,4.000,25,13392,5532,174,0.016377,0.008583,817731,20272,107021
python,h32,h32/best-ev-w4.00,4.000,26,12986,5385,152,0.015881,0.007498,817731,20272,107021
python,h32,h32/best-ev-w4.00,4.000,27,12518,5231,175,0.015308,0.008633,817731,20272,107021
python,h32,h32/best-ev-w4.00,4.000,28,12235,5205,256,0.014962,0.012628,817731,20272,107021
python,h32,h32/best-ev-w4.00,4.000,29,11852,5036,215,0.014494,0.010606,817731,20272,107021
python,h32,h32/best-ev-w4.00,4.000,30,11532,5047,212,0.014102,0.010458,817731,20272,107021
python,h32,h32/best-ev-w4.00,4.000,31,11302,4791,235,0.013821,0.011592,817731,20272,107021
python,h32,h32/best-ev-w4.00,4.000,32,10891,4494,130,0.013319,0.006413,817731,20272,107021
python,coarse,coarse/best-ev-w4.00,4.000,1,77721,51037,2368,0.220571,0.171694,352362,13792,107021
python,coarse,coarse/best-ev-w4.00,4.000,2,67143,39594,2281,0.190551,0.165386,352362,13792,107021
python,coarse,coarse/best-ev-w4.00,4.000,4,59247,32186,1808,0.168142,0.131090,352362,13792,107021
python,coarse,coarse/best-ev-w4.00,4.000,8,54710,28071,3097,0.155266,0.224550,352362,13792,107021
python,coarse,coarse/best-ev-w4.00,4.000,16,49780,25258,3320,0.141275,0.240719,352362,13792,107021
python,coarse,coarse/best-ev-w4.00,4.000,32,43761,19251,918,0.124193,0.066560,352362,13792,107021
python,h32,h32/best-ev-w16.00,16.000,1,66372,43621,1634,0.081262,0.085554,816764,19099,107021
python,h32,h32/best-ev-w16.00,16.000,2,61066,35741,1734,0.074766,0.090790,816764,19099,107021
python,h32,h32/best-ev-w16.00,16.000,3,54905,29958,1124,0.067223,0.058851,816764,19099,107021
python,h32,h32/best-ev-w16.00,16.000,4,50342,26778,1530,0.061636,0.080109,816764,19099,107021
python,h32,h32/best-ev-w16.00,16.000,5,45230,22276,873,0.055377,0.045709,816764,19099,107021
python,h32,h32/best-ev-w16.00,16.000,6,43709,22390,3277,0.053515,0.171580,816764,19099,107021
python,h32,h32/best-ev-w16.00,16.000,7,37472,17251,770,0.045879,0.040316,816764,19099,107021
python,h32,h32/best-ev-w16.00,16.000,8,34240,15694,667,0.041922,0.034923,816764,19099,107021
python,h32,h32/best-ev-w16.00,16.000,9,31386,14128,706,0.038427,0.036965,816764,19099,107021
python,h32,h32/best-ev-w16.00,16.000,10,28842,12883,459,0.035313,0.024033,816764,19099,107021
python,h32,h32/best-ev-w16.00,16.000,11,26887,11881,466,0.032919,0.024399,816764,19099,107021
python,h32,h32/best-ev-w16.00,16.000,12,25560,11383,933,0.031294,0.048851,816764,19099,107021
python,h32,h32/best-ev-w16.00,16.000,13,23434,10091,330,0.028691,0.017278,816764,19099,107021
python,h32,h32/best-ev-w16.00,16.000,14,21892,9375,276,0.026803,0.014451,816764,19099,107021
python,h32,h32/best-ev-w16.00,16.000,15,20925,9204,555,0.025619,0.029059,816764,19099,107021
python,h32,h32/best-ev-w16.00,16.000,16,19615,8615,337,0.024016,0.017645,816764,19099,107021
python,h32,h32/best-ev-w16.00,16.000,17,18490,7910,181,0.022638,0.009477,816764,19099,107021
python,h32,h32/best-ev-w16.00,16.000,18,17667,7619,280,0.021630,0.014660,816764,19099,107021
python,h32,h32/best-ev-w16.00,16.000,19,16984,7212,276,0.020794,0.014451,816764,19099,107021
python,h32,h32/best-ev-w16.00,16.000,20,16131,7016,210,0.019750,0.010995,816764,19099,107021
python,h32,h32/best-ev-w16.00,16.000,21,15529,6573,244,0.019013,0.012776,816764,19099,107021
python,h32,h32/best-ev-w16.00,16.000,22,15034,6372,279,0.018407,0.014608,816764,19099,107021
python,h32,h32/best-ev-w16.00,16.000,23,14462,5992,265,0.017706,0.013875,816764,19099,107021
python,h32,h32/best-ev-w16.00,16.000,24,13902,5837,227,0.017021,0.011885,816764,19099,107021
python,h32,h32/best-ev-w16.00,16.000,25,13430,5544,186,0.016443,0.009739,816764,19099,107021
python,h32,h32/best-ev-w16.00,16.000,26,12971,5385,155,0.015881,0.008116,816764,19099,107021
python,h32,h32/best-ev-w16.00,16.000,27,12525,5214,155,0.015335,0.008116,816764,19099,107021
python,h32,h32/best-ev-w16.00,16.000,28,12255,5217,272,0.015004,0.014242,816764,19099,107021
python,h32,h32/best-ev-w16.00,16.000,29,11811,4968,148,0.014461,0.007749,816764,19099,107021
python,h32,h32/best-ev-w16.00,16.000,30,11574,5081,251,0.014171,0.013142,816764,19099,107021
python,h32,h32/best-ev-w16.00,16.000,31,11158,4672,113,0.013661,0.005917,816764,19099,107021
python,h32,h32/best-ev-w16.00,16.000,32,10964,4552,186,0.013424,0.009739,816764,19099,107021
python,coarse,coarse/best-ev-w16.00,16.000,1,77371,50704,2075,0.220627,0.167894,350687,12359,107021
python,coarse,coarse/best-ev-w16.00,16.000,2,66780,39254,1965,0.190426,0.158993,350687,12359,107021
python,coarse,coarse/best-ev-w16.00,16.000,4,58992,31960,1594,0.168218,0.128975,350687,12359,107021
python,coarse,coarse/best-ev-w16.00,16.000,8,54054,27483,2532,0.154137,0.204871,350687,12359,107021
python,coarse,coarse/best-ev-w16.00,16.000,16,49736,25214,3291,0.141824,0.266284,350687,12359,107021
python,coarse,coarse/best-ev-w16.00,16.000,32,43754,19230,902,0.124767,0.072983,350687,12359,107021
python,h32,h32/best-ev-w64.00,64.000,1,66362,43611,1624,0.081254,0.085263,816725,19047,107021
python,h32,h32/best-ev-w64.00,64.000,2,61067,35742,1734,0.074771,0.091038,816725,19047,107021
python,h32,h32/best-ev-w64.00,64.000,3,54801,29853,1021,0.067098,0.053604,816725,19047,107021
python,h32,h32/best-ev-w64.00,64.000,4,50395,26830,1584,0.061704,0.083163,816725,19047,107021
python,h32,h32/best-ev-w64.00,64.000,5,45261,22307,904,0.055418,0.047462,816725,19047,107021
python,h32,h32/best-ev-w64.00,64.000,6,43432,22117,3005,0.053178,0.157768,816725,19047,107021
python,h32,h32/best-ev-w64.00,64.000,7,37672,17450,968,0.046126,0.050822,816725,19047,107021
python,h32,h32/best-ev-w64.00,64.000,8,34237,15691,664,0.041920,0.034861,816725,19047,107021
python,h32,h32/best-ev-w64.00,64.000,9,31432,14180,757,0.038485,0.039744,816725,19047,107021
python,h32,h32/best-ev-w64.00,64.000,10,28842,12884,459,0.035314,0.024098,816725,19047,107021
python,h32,h32/best-ev-w64.00,64.000,11,26867,11855,441,0.032896,0.023153,816725,19047,107021
python,h32,h32/best-ev-w64.00,64.000,12,25564,11384,934,0.031301,0.049037,816725,19047,107021
python,h32,h32/best-ev-w64.00,64.000,13,23441,10100,340,0.028701,0.017851,816725,19047,107021
python,h32,h32/best-ev-w64.00,64.000,14,21895,9378,279,0.026808,0.014648,816725,19047,107021
python,h32,h32/best-ev-w64.00,64.000,15,20910,9187,539,0.025602,0.028298,816725,19047,107021
python,h32,h32/best-ev-w64.00,64.000,16,19623,8621,343,0.024026,0.018008,816725,19047,107021
python,h32,h32/best-ev-w64.00,64.000,17,18489,7910,181,0.022638,0.009503,816725,19047,107021
python,h32,h32/best-ev-w64.00,64.000,18,17681,7629,290,0.021649,0.015225,816725,19047,107021
python,h32,h32/best-ev-w64.00,64.000,19,16966,7195,260,0.020773,0.013650,816725,19047,107021
python,h32,h32/best-ev-w64.00,64.000,20,16143,7032,226,0.019766,0.011865,816725,19047,107021
python,h32,h32/best-ev-w64.00,64.000,21,15494,6539,210,0.018971,0.011025,816725,19047,107021
python,h32,h32/best-ev-w64.00,64.000,22,15054,6401,308,0.018432,0.016171,816725,19047,107021
python,h32,h32/best-ev-w64.00,64.000,23,14485,6009,284,0.017735,0.014910,816725,19047,107021
python,h32,h32/best-ev-w64.00,64.000,24,13913,5844,234,0.017035,0.012285,816725,19047,107021
python,h32,h32/best-ev-w64.00,64.000,25,13405,5523,165,0.016413,0.008663,816725,19047,107021
python,h32,h32/best-ev-w64.00,64.000,26,12972,5383,153,0.015883,0.008033,816725,19047,107021
python,h32,h32/best-ev-w64.00,64.000,27,12553,5237,177,0.015370,0.009293,816725,19047,107021
python,h32,h32/best-ev-w64.00,64.000,28,12231,5192,248,0.014976,0.013020,816725,19047,107021
python,h32,h32/best-ev-w64.00,64.000,29,11810,4967,147,0.014460,0.007718,816725,19047,107021
python,h32,h32/best-ev-w64.00,64.000,30,11594,5093,263,0.014196,0.013808,816725,19047,107021
python,h32,h32/best-ev-w64.00,64.000,31,11153,4665,107,0.013656,0.005618,816725,19047,107021
python,h32,h32/best-ev-w64.00,64.000,32,10981,4564,198,0.013445,0.010395,816725,19047,107021
python,coarse,coarse/best-ev-w64.00,64.000,1,77372,50705,2077,0.220657,0.168615,350643,12318,107021
python,coarse,coarse/best-ev-w64.00,64.000,2,66779,39253,1964,0.190447,0.159441,350643,12318,107021
python,coarse,coarse/best-ev-w64.00,64.000,4,58860,31831,1468,0.167863,0.119175,350643,12318,107021
python,coarse,coarse/best-ev-w64.00,64.000,8,54095,27522,2574,0.154274,0.208962,350643,12318,107021
python,coarse,coarse/best-ev-w64.00,64.000,16,49774,25250,3328,0.141951,0.270174,350643,12318,107021
python,coarse,coarse/best-ev-w64.00,64.000,32,43763,19238,907,0.124808,0.073632,350643,12318,107021
python,h32,h32/best-ev-w256.00,256.000,1,66362,43611,1624,0.081254,0.085263,816725,19047,107021
python,h32,h32/best-ev-w256.00,256.000,2,61067,35742,1734,0.074771,0.091038,816725,19047,107021
python,h32,h32/best-ev-w256.00,256.000,3,54801,29853,1021,0.067098,0.053604,816725,19047,107021
python,h32,h32/best-ev-w256.00,256.000,4,50395,26830,1584,0.061704,0.083163,816725,19047,107021
python,h32,h32/best-ev-w256.00,256.000,5,45261,22307,904,0.055418,0.047462,816725,19047,107021
python,h32,h32/best-ev-w256.00,256.000,6,43432,22117,3005,0.053178,0.157768,816725,19047,107021
python,h32,h32/best-ev-w256.00,256.000,7,37672,17450,968,0.046126,0.050822,816725,19047,107021
python,h32,h32/best-ev-w256.00,256.000,8,34237,15691,664,0.041920,0.034861,816725,19047,107021
python,h32,h32/best-ev-w256.00,256.000,9,31432,14180,757,0.038485,0.039744,816725,19047,107021
python,h32,h32/best-ev-w256.00,256.000,10,28842,12884,459,0.035314,0.024098,816725,19047,107021
python,h32,h32/best-ev-w256.00,256.000,11,26867,11855,441,0.032896,0.023153,816725,19047,107021
python,h32,h32/best-ev-w256.00,256.000,12,25564,11384,934,0.031301,0.049037,816725,19047,107021
python,h32,h32/best-ev-w256.00,256.000,13,23441,10100,340,0.028701,0.017851,816725,19047,107021
python,h32,h32/best-ev-w256.00,256.000,14,21895,9378,279,0.026808,0.014648,816725,19047,107021
python,h32,h32/best-ev-w256.00,256.000,15,20910,9187,539,0.025602,0.028298,816725,19047,107021
python,h32,h32/best-ev-w256.00,256.000,16,19623,8621,343,0.024026,0.018008,816725,19047,107021
python,h32,h32/best-ev-w256.00,256.000,17,18489,7910,181,0.022638,0.009503,816725,19047,107021
python,h32,h32/best-ev-w256.00,256.000,18,17681,7629,290,0.021649,0.015225,816725,19047,107021
python,h32,h32/best-ev-w256.00,256.000,19,16966,7195,260,0.020773,0.013650,816725,19047,107021
python,h32,h32/best-ev-w256.00,256.000,20,16143,7032,226,0.019766,0.011865,816725,19047,107021
python,h32,h32/best-ev-w256.00,256.000,21,15494,6539,210,0.018971,0.011025,816725,19047,107021
python,h32,h32/best-ev-w256.00,256.000,22,15054,6401,308,0.018432,0.016171,816725,19047,107021
python,h32,h32/best-ev-w256.00,256.000,23,14485,6009,284,0.017735,0.014910,816725,19047,107021
python,h32,h32/best-ev-w256.00,256.000,24,13913,5844,234,0.017035,0.012285,816725,19047,107021
python,h32,h32/best-ev-w256.00,256.000,25,13405,5523,165,0.016413,0.008663,816725,19047,107021
python,h32,h32/best-ev-w256.00,256.000,26,12972,5383,153,0.015883,0.008033,816725,19047,107021
python,h32,h32/best-ev-w256.00,256.000,27,12553,5237,177,0.015370,0.009293,816725,19047,107021
python,h32,h32/best-ev-w256.00,256.000,28,12231,5192,248,0.014976,0.013020,816725,19047,107021
python,h32,h32/best-ev-w256.00,256.000,29,11810,4967,147,0.014460,0.007718,816725,19047,107021
python,h32,h32/best-ev-w256.00,256.000,30,11594,5093,263,0.014196,0.013808,816725,19047,107021
python,h32,h32/best-ev-w256.00,256.000,31,11153,4665,107,0.013656,0.005618,816725,19047,107021
python,h32,h32/best-ev-w256.00,256.000,32,10981,4564,198,0.013445,0.010395,816725,19047,107021
python,coarse,coarse/best-ev-w256.00,256.000,1,77372,50705,2077,0.220657,0.168615,350643,12318,107021
python,coarse,coarse/best-ev-w256.00,256.000,2,66779,39253,1964,0.190447,0.159441,350643,12318,107021
python,coarse,coarse/best-ev-w256.00,256.000,4,58860,31831,1468,0.167863,0.119175,350643,12318,107021
python,coarse,coarse/best-ev-w256.00,256.000,8,54095,27522,2574,0.154274,0.208962,350643,12318,107021
python,coarse,coarse/best-ev-w256.00,256.000,16,49774,25250,3328,0.141951,0.270174,350643,12318,107021
python,coarse,coarse/best-ev-w256.00,256.000,32,43763,19238,907,0.124808,0.073632,350643,12318,107021
sort,h32,h32/best-ev-w0.05,0.050,1,1550,536,0,0.013204,0.000000,117393,29650,29667
sort,h32,h32/best-ev-w0.05,0.050,2,1545,1234,0,0.013161,0.000000,117393,29650,29667
sort,h32,h32/best-ev-w0.05,0.050,3,1543,458,1,0.013144,0.000034,117393,29650,29667
sort,h32,h32/best-ev-w0.05,0.050,4,1541,1164,0,0.013127,0.000000,117393,29650,29667
sort,h32,h32/best-ev-w0.05,0.050,5,1540,488,0,0.013118,0.000000,117393,29650,29667
sort,h32,h32/best-ev-w0.05,0.050,6,1538,1092,0,0.013101,0.000000,117393,29650,29667
sort,h32,h32/best-ev-w0.05,0.050,7,1535,377,0,0.013076,0.000000,117393,29650,29667
sort,h32,h32/best-ev-w0.05,0.050,8,1529,1049,0,0.013025,0.000000,117393,29650,29667
sort,h32,h32/best-ev-w0.05,0.050,9,36079,35039,17277,0.307335,0.582698,117393,29650,29667
sort,h32,h32/best-ev-w0.05,0.050,10,1526,1070,0,0.012999,0.000000,117393,29650,29667
sort,h32,h32/best-ev-w0.05,0.050,11,1526,541,0,0.012999,0.000000,117393,29650,29667
sort,h32,h32/best-ev-w0.05,0.050,12,1520,1022,0,0.012948,0.000000,117393,29650,29667
sort,h32,h32/best-ev-w0.05,0.050,13,1518,657,0,0.012931,0.000000,117393,29650,29667
sort,h32,h32/best-ev-w0.05,0.050,14,1519,1006,0,0.012939,0.000000,117393,29650,29667
sort,h32,h32/best-ev-w0.05,0.050,15,1514,643,0,0.012897,0.000000,117393,29650,29667
sort,h32,h32/best-ev-w0.05,0.050,16,1511,934,0,0.012871,0.000000,117393,29650,29667
sort,h32,h32/best-ev-w0.05,0.050,17,1506,646,0,0.012829,0.000000,117393,29650,29667
sort,h32,h32/best-ev-w0.05,0.050,18,1507,897,0,0.012837,0.000000,117393,29650,29667
sort,h32,h32/best-ev-w0.05,0.050,19,1505,662,0,0.012820,0.000000,117393,29650,29667
sort,h32,h32/best-ev-w0.05,0.050,20,1502,843,0,0.012795,0.000000,117393,29650,29667
sort,h32,h32/best-ev-w0.05,0.050,21,1598,794,20,0.013612,0.000675,117393,29650,29667
sort,h32,h32/best-ev-w0.05,0.050,22,1501,838,0,0.012786,0.000000,117393,29650,29667
sort,h32,h32/best-ev-w0.05,0.050,23,1538,757,8,0.013101,0.000270,117393,29650,29667
sort,h32,h32/best-ev-w0.05,0.050,24,1493,819,0,0.012718,0.000000,117393,29650,29667
sort,h32,h32/best-ev-w0.05,0.050,25,1513,785,3,0.012888,0.000101,117393,29650,29667
sort,h32,h32/best-ev-w0.05,0.050,26,1485,793,0,0.012650,0.000000,117393,29650,29667
sort,h32,h32/best-ev-w0.05,0.050,27,1922,1285,153,0.016372,0.005160,117393,29650,29667
sort,h32,h32/best-ev-w0.05,0.050,28,1476,768,0,0.012573,0.000000,117393,29650,29667
sort,h32,h32/best-ev-w0.05,0.050,29,35405,24558,12188,0.301594,0.411062,117393,29650,29667
sort,h32,h32/best-ev-w0.05,0.050,30,1472,725,0,0.012539,0.000000,117393,29650,29667
sort,h32,h32/best-ev-w0.05,0.050,31,1468,840,0,0.012505,0.000000,117393,29650,29667
sort,h32,h32/best-ev-w0.05,0.050,32,1468,691,0,0.012505,0.000000,117393,29650,29667
sort,coarse,coarse/best-ev-w0.05,0.050,1,2310,765,74,0.172337,0.521127,13404,142,29667
sort,coarse,coarse/best-ev-w0.05,0.050,2,2196,1729,0,0.163832,0.000000,13404,142,29667
sort,coarse,coarse/best-ev-w0.05,0.050,4,2191,1633,0,0.163459,0.000000,13404,142,29667
sort,coarse,coarse/best-ev-w0.05,0.050,8,2186,1543,0,0.163086,0.000000,13404,142,29667
sort,coarse,coarse/best-ev-w0.05,0.050,16,2182,1331,0,0.162787,0.000000,13404,142,29667
sort,coarse,coarse/best-ev-w0.05,0.050,32,2339,1086,68,0.174500,0.478873,13404,142,29667
sort,h32,h32/best-ev-w0.25,0.250,1,826,336,157,0.014787,0.008484,55859,18506,29667
sort,h32,h32/best-ev-w0.25,0.250,2,584,467,0,0.010455,0.000000,55859,18506,29667
sort,h32,h32/best-ev-w0.25,0.250,3,579,150,0,0.010365,0.000000,55859,18506,29667
sort,h32,h32/best-ev-w0.25,0.250,4,579,441,0,0.010365,0.000000,55859,18506,29667
sort,h32,h32/best-ev-w0.25,0.250,5,578,163,0,0.010347,0.000000,55859,18506,29667
sort,h32,h32/best-ev-w0.25,0.250,6,579,423,0,0.010365,0.000000,55859,18506,29667
sort,h32,h32/best-ev-w0.25,0.250,7,577,128,0,0.010330,0.000000,55859,18506,29667
sort,h32,h32/best-ev-w0.25,0.250,8,575,412,0,0.010294,0.000000,55859,18506,29667
sort,h32,h32/best-ev-w0.25,0.250,9,35125,34718,17277,0.628815,0.933589,55859,18506,29667
sort,h32,h32/best-ev-w0.25,0.250,10,569,411,0,0.010186,0.000000,55859,18506,29667
sort,h32,h32/best-ev-w0.25,0.250,11,567,187,0,0.010151,0.000000,55859,18506,29667
sort,h32,h32/best-ev-w0.25,0.250,12,565,386,0,0.010115,0.000000,55859,18506,29667
sort,h32,h32/best-ev-w0.25,0.250,13,564,224,0,0.010097,0.000000,55859,18506,29667
sort,h32,h32/best-ev-w0.25,0.250,14,564,384,0,0.010097,0.000000,55859,18506,29667
sort,h32,h32/best-ev-w0.25,0.250,15,563,222,0,0.010079,0.000000,55859,18506,29667
sort,h32,h32/best-ev-w0.25,0.250,16,560,353,0,0.010025,0.000000,55859,18506,29667
sort,h32,h32/best-ev-w0.25,0.250,17,560,227,0,0.010025,0.000000,55859,18506,29667
sort,h32,h32/best-ev-w0.25,0.250,18,576,351,5,0.010312,0.000270,55859,18506,29667
sort,h32,h32/best-ev-w0.25,0.250,19,556,236,0,0.009954,0.000000,55859,18506,29667
sort,h32,h32/best-ev-w0.25,0.250,20,557,313,0,0.009972,0.000000,55859,18506,29667
sort,h32,h32/best-ev-w0.25,0.250,21,560,271,1,0.010025,0.000054,55859,18506,29667
sort,h32,h32/best-ev-w0.25,0.250,22,552,306,0,0.009882,0.000000,55859,18506,29667
sort,h32,h32/best-ev-w0.25,0.250,23,566,268,3,0.010133,0.000162,55859,18506,29667
sort,h32,h32/best-ev-w0.25,0.250,24,600,340,12,0.010741,0.000648,55859,18506,29667
sort,h32,h32/best-ev-w0.25,0.250,25,1355,819,265,0.024258,0.014320,55859,18506,29667
sort,h32,h32/best-ev-w0.25,0.250,26,561,298,5,0.010043,0.000270,55859,18506,29667
sort,h32,h32/best-ev-w0.25,0.250,27,2407,1564,654,0.043091,0.035340,55859,18506,29667
sort,h32,h32/best-ev-w0.25,0.250,28,539,272,0,0.009649,0.000000,55859,18506,29667
sort,h32,h32/best-ev-w0.25,0.250,29,902,553,127,0.016148,0.006863,55859,18506,29667
sort,h32,h32/best-ev-w0.25,0.250,30,540,257,0,0.009667,0.000000,55859,18506,29667
sort,h32,h32/best-ev-w0.25,0.250,31,537,299,0,0.009613,0.000000,55859,18506,29667
sort,h32,h32/best-ev-w0.25,0.250,32,537,240,0,0.009613,0.000000,55859,18506,29667
sort,coarse,coarse/best-ev-w0.25,0.250,1,679,210,0,0.161898,0.000000,4194,68,29667
sort,coarse,coarse/best-ev-w0.25,0.250,2,676,530,0,0.161183,0.000000,4194,68,29667
sort,coarse,coarse/best-ev-w0.25,0.250,4,677,496,0,0.161421,0.000000,4194,68,29667
sort,coarse,coarse/best-ev-w0.25,0.250,8,675,470,0,0.160944,0.000000,4194,68,29667
sort,coarse,coarse/best-ev-w0.25,0.250,16,673,415,0,0.160467,0.000000,4194,68,29667
sort,coarse,coarse/best-ev-w0.25,0.250,32,814,404,68,0.194087,1.000000,4194,68,29667
sort,h32,h32/best-ev-w1.00,1.000,1,176,54,0,0.032070,0.000000,5488,25,29667
sort,h32,h32/best-ev-w1.00,1.000,2,176,138,0,0.032070,0.000000,5488,25,29667
sort,h32,h32/best-ev-w1.00,1.000,3,173,46,0,0.031523,0.000000,5488,25,29667
sort,h32,h32/best-ev-w1.00,1.000,4,173,129,0,0.031523,0.000000,5488,25,29667
sort,h32,h32/best-ev-w1.00,1.000,5,173,50,0,0.031523,0.000000,5488,25,29667
sort,h32,h32/best-ev-w1.00,1.000,6,175,124,0,0.031888,0.000000,5488,25,29667
sort,h32,h32/best-ev-w1.00,1.000,7,172,41,0,0.031341,0.000000,5488,25,29667
sort,h32,h32/best-ev-w1.00,1.000,8,174,121,0,0.031706,0.000000,5488,25,29667
sort,h32,h32/best-ev-w1.00,1.000,9,183,62,4,0.033345,0.160000,5488,25,29667
sort,h32,h32/best-ev-w1.00,1.000,10,191,142,10,0.034803,0.400000,5488,25,29667
sort,h32,h32/best-ev-w1.00,1.000,11,172,57,0,0.031341,0.000000,5488,25,29667
sort,h32,h32/best-ev-w1.00,1.000,12,170,111,0,0.030977,0.000000,5488,25,29667
sort,h32,h32/best-ev-w1.00,1.000,13,169,67,0,0.030794,0.000000,5488,25,29667
sort,h32,h32/best-ev-w1.00,1.000,14,170,111,0,0.030977,0.000000,5488,25,29667
sort,h32,h32/best-ev-w1.00,1.000,15,167,63,0,0.030430,0.000000,5488,25,29667
sort,h32,h32/best-ev-w1.00,1.000,16,172,106,0,0.031341,0.000000,5488,25,29667
sort,h32,h32/best-ev-w1.00,1.000,17,170,67,0,0.030977,0.000000,5488,25,29667
sort,h32,h32/best-ev-w1.00,1.000,18,171,103,0,0.031159,0.000000,5488,25,29667
sort,h32,h32/best-ev-w1.00,1.000,19,171,73,0,0.031159,0.000000,5488,25,29667
sort,h32,h32/best-ev-w1.00,1.000,20,167,89,0,0.030430,0.000000,5488,25,29667
sort,h32,h32/best-ev-w1.00,1.000,21,176,84,2,0.032070,0.080000,5488,25,29667
sort,h32,h32/best-ev-w1.00,1.000,22,169,90,0,0.030794,0.000000,5488,25,29667
sort,h32,h32/best-ev-w1.00,1.000,23,170,85,2,0.030977,0.080000,5488,25,29667
sort,h32,h32/best-ev-w1.00,1.000,24,168,86,0,0.030612,0.000000,5488,25,29667
sort,h32,h32/best-ev-w1.00,1.000,25,168,89,2,0.030612,0.080000,5488,25,29667
sort,h32,h32/best-ev-w1.00,1.000,26,166,84,0,0.030248,0.000000,5488,25,29667
sort,h32,h32/best-ev-w1.00,1.000,27,173,109,2,0.031523,0.080000,5488,25,29667
sort,h32,h32/best-ev-w1.00,1.000,28,165,78,0,0.030066,0.000000,5488,25,29667
sort,h32,h32/best-ev-w1.00,1.000,29,173,94,3,0.031523,0.120000,5488,25,29667
sort,h32,h32/best-ev-w1.00,1.000,30,165,74,0,0.030066,0.000000,5488,25,29667
sort,h32,h32/best-ev-w1.00,1.000,31,167,89,0,0.030430,0.000000,5488,25,29667
sort,h32,h32/best-ev-w1.00,1.000,32,163,72,0,0.029701,0.000000,5488,25,29667
sort,coarse,coarse/best-ev-w1.00,1.000,1,176,55,0,0.165103,0.000000,1066,14,29667
sort,coarse,coarse/best-ev-w1.00,1.000,2,177,139,0,0.166041,0.000000,1066,14,29667
sort,coarse,coarse/best-ev-w1.00,1.000,4,171,126,0,0.160413,0.000000,1066,14,29667
sort,coarse,coarse/best-ev-w1.00,1.000,8,172,120,0,0.161351,0.000000,1066,14,29667
sort,coarse,coarse/best-ev-w1.00,1.000,16,172,106,0,0.161351,0.000000,1066,14,29667
sort,coarse,coarse/best-ev-w1.00,1.000,32,198,98,14,0.185741,1.000000,1066,14,29667
sort,h32,h32/best-ev-w4.00,4.000,1,176,54,0,0.032294,0.000000,5450,11,29667
sort,h32,h32/best-ev-w4.00,4.000,2,176,138,0,0.032294,0.000000,5450,11,29667
sort,h32,h32/best-ev-w4.00,4.000,3,173,46,0,0.031743,0.000000,5450,11,29667
sort,h32,h32/best-ev-w4.00,4.000,4,173,129,0,0.031743,0.000000,5450,11,29667
sort,h32,h32/best-ev-w4.00,4.000,5,173,50,0,0.031743,0.000000,5450,11,29667
sort,h32,h32/best-ev-w4.00,4.000,6,175,124,0,0.032110,0.000000,5450,11,29667
sort,h32,h32/best-ev-w4.00,4.000,7,172,41,0,0.031560,0.000000,5450,11,29667
sort,h32,h32/best-ev-w4.00,4.000,8,174,121,0,0.031927,0.000000,5450,11,29667
sort,h32,h32/best-ev-w4.00,4.000,9,178,57,3,0.032661,0.272727,5450,11,29667
sort,h32,h32/best-ev-w4.00,4.000,10,174,125,2,0.031927,0.181818,5450,11,29667
sort,h32,h32/best-ev-w4.00,4.000,11,172,57,0,0.031560,0.000000,5450,11,29667
sort,h32,h32/best-ev-w4.00,4.000,12,170,111,0,0.031193,0.000000,5450,11,29667
sort,h32,h32/best-ev-w4.00,4.000,13,169,67,0,0.031009,0.000000,5450,11,29667
sort,h32,h32/best-ev-w4.00,4.000,14,170,111,0,0.031193,0.000000,5450,11,29667
sort,h32,h32/best-ev-w4.00,4.000,15,167,63,0,0.030642,0.000000,5450,11,29667
sort,h32,h32/best-ev-w4.00,4.000,16,172,106,0,0.031560,0.000000,5450,11,29667
sort,h32,h32/best-ev-w4.00,4.000,17,170,67,0,0.031193,0.000000,5450,11,29667
sort,h32,h32/best-ev-w4.00,4.000,18,171,103,0,0.031376,0.000000,5450,11,29667
sort,h32,h32/best-ev-w4.00,4.000,19,171,73,0,0.031376,0.000000,5450,11,29667
sort,h32,h32/best-ev-w4.00,4.000,20,167,89,0,0.030642,0.000000,5450,11,29667
sort,h32,h32/best-ev-w4.00,4.000,21,173,82,1,0.031743,0.090909,5450,11,29667
sort,h32,h32/best-ev-w4.00,4.000,22,169,90,0,0.031009,0.000000,5450,11,29667
sort,h32,h32/best-ev-w4.00,4.000,23,167,82,1,0.030642,0.090909,5450,11,29667
sort,h32,h32/best-ev-w4.00,4.000,24,168,86,0,0.030826,0.000000,5450,11,29667
sort,h32,h32/best-ev-w4.00,4.000,25,165,86,1,0.030275,0.090909,5450,11,29667
sort,h32,h32/best-ev-w4.00,4.000,26,166,84,0,0.030459,0.000000,5450,11,29667
sort,h32,h32/best-ev-w4.00,4.000,27,170,107,1,0.031193,0.090909,5450,11,29667
sort,h32,h32/best-ev-w4.00,4.000,28,165,78,0,0.030275,0.000000,5450,11,29667
sort,h32,h32/best-ev-w4.00,4.000,29,169,92,2,0.031009,0.181818,5450,11,29667
sort,h32,h32/best-ev-w4.00,4.000,30,165,74,0,0.030275,0.000000,5450,11,29667
sort,h32,h32/best-ev-w4.00,4.000,31,167,89,0,0.030642,0.000000,5450,11,29667
sort,h32,h32/best-ev-w4.00,4.000,32,163,72,0,0.029908,0.000000,5450,11,29667
sort,coarse,coarse/best-ev-w4.00,4.000,1,176,55,0,0.168744,0.000000,1043,2,29667
sort,coarse,coarse/best-ev-w4.00,4.000,2,177,139,0,0.169703,0.000000,1043,2,29667
sort,coarse,coarse/best-ev-w4.00,4.000,4,171,126,0,0.163950,0.000000,1043,2,29667
sort,coarse,coarse/best-ev-w4.00,4.000,8,172,120,0,0.164909,0.000000,1043,2,29667
sort,coarse,coarse/best-ev-w4.00,4.000,16,172,106,0,0.164909,0.000000,1043,2,29667
sort,coarse,coarse/best-ev-w4.00,4.000,32,175,79,2,0.167785,1.000000,1043,2,29667
sort,h32,h32/best-ev-w16.00,16.000,1,176,54,0,0.032294,0.000000,5450,11,29667
sort,h32,h32/best-ev-w16.00,16.000,2,176,138,0,0.032294,0.000000,5450,11,29667
sort,h32,h32/best-ev-w16.00,16.000,3,173,46,0,0.031743,0.000000,5450,11,29667
sort,h32,h32/best-ev-w16.00,16.000,4,173,129,0,0.031743,0.000000,5450,11,29667
sort,h32,h32/best-ev-w16.00,16.000,5,173,50,0,0.031743,0.000000,5450,11,29667
sort,h32,h32/best-ev-w16.00,16.000,6,175,124,0,0.032110,0.000000,5450,11,29667
sort,h32,h32/best-ev-w16.00,16.000,7,172,41,0,0.031560,0.000000,5450,11,29667
sort,h32,h32/best-ev-w16.00,16.000,8,174,121,0,0.031927,0.000000,5450,11,29667
sort,h32,h32/best-ev-w16.00,16.000,9,178,57,3,0.032661,0.272727,5450,11,29667
sort,h32,h32/best-ev-w16.00,16.000,10,174,125,2,0.031927,0.181818,5450,11,29667
sort,h32,h32/best-ev-w16.00,16.000,11,172,57,0,0.031560,0.000000,5450,11,29667
sort,h32,h32/best-ev-w16.00,16.000,12,170,111,0,0.031193,0.000000,5450,11,29667
sort,h32,h32/best-ev-w16.00,16.000,13,169,67,0,0.031009,0.000000,5450,11,29667
sort,h32,h32/best-ev-w16.00,16.000,14,170,111,0,0.031193,0.000000,5450,11,29667
sort,h32,h32/best-ev-w16.00,16.000,15,167,63,0,0.030642,0.000000,5450,11,29667
sort,h32,h32/best-ev-w16.00,16.000,16,172,106,0,0.031560,0.000000,5450,11,29667
sort,h32,h32/best-ev-w16.00,16.000,17,170,67,0,0.031193,0.000000,5450,11,29667
sort,h32,h32/best-ev-w16.00,16.000,18,171,103,0,0.031376,0.000000,5450,11,29667
sort,h32,h32/best-ev-w16.00,16.000,19,171,73,0,0.031376,0.000000,5450,11,29667
sort,h32,h32/best-ev-w16.00,16.000,20,167,89,0,0.030642,0.000000,5450,11,29667
sort,h32,h32/best-ev-w16.00,16.000,21,173,82,1,0.031743,0.090909,5450,11,29667
sort,h32,h32/best-ev-w16.00,16.000,22,169,90,0,0.031009,0.000000,5450,11,29667
sort,h32,h32/best-ev-w16.00,16.000,23,167,82,1,0.030642,0.090909,5450,11,29667
sort,h32,h32/best-ev-w16.00,16.000,24,168,86,0,0.030826,0.000000,5450,11,29667
sort,h32,h32/best-ev-w16.00,16.000,25,165,86,1,0.030275,0.090909,5450,11,29667
sort,h32,h32/best-ev-w16.00,16.000,26,166,84,0,0.030459,0.000000,5450,11,29667
sort,h32,h32/best-ev-w16.00,16.000,27,170,107,1,0.031193,0.090909,5450,11,29667
sort,h32,h32/best-ev-w16.00,16.000,28,165,78,0,0.030275,0.000000,5450,11,29667
sort,h32,h32/best-ev-w16.00,16.000,29,169,92,2,0.031009,0.181818,5450,11,29667
sort,h32,h32/best-ev-w16.00,16.000,30,165,74,0,0.030275,0.000000,5450,11,29667
sort,h32,h32/best-ev-w16.00,16.000,31,167,89,0,0.030642,0.000000,5450,11,29667
sort,h32,h32/best-ev-w16.00,16.000,32,163,72,0,0.029908,0.000000,5450,11,29667
sort,coarse,coarse/best-ev-w16.00,16.000,1,176,55,0,0.168744,0.000000,1043,2,29667
sort,coarse,coarse/best-ev-w16.00,16.000,2,177,139,0,0.169703,0.000000,1043,2,29667
sort,coarse,coarse/best-ev-w16.00,16.000,4,171,126,0,0.163950,0.000000,1043,2,29667
sort,coarse,coarse/best-ev-w16.00,16.000,8,172,120,0,0.164909,0.000000,1043,2,29667
sort,coarse,coarse/best-ev-w16.00,16.000,16,172,106,0,0.164909,0.000000,1043,2,29667
sort,coarse,coarse/best-ev-w16.00,16.000,32,175,79,2,0.167785,1.000000,1043,2,29667
sort,h32,h32/best-ev-w64.00,64.000,1,176,54,0,0.032294,0.000000,5450,11,29667
sort,h32,h32/best-ev-w64.00,64.000,2,176,138,0,0.032294,0.000000,5450,11,29667
sort,h32,h32/best-ev-w64.00,64.000,3,173,46,0,0.031743,0.000000,5450,11,29667
sort,h32,h32/best-ev-w64.00,64.000,4,173,129,0,0.031743,0.000000,5450,11,29667
sort,h32,h32/best-ev-w64.00,64.000,5,173,50,0,0.031743,0.000000,5450,11,29667
sort,h32,h32/best-ev-w64.00,64.000,6,175,124,0,0.032110,0.000000,5450,11,29667
sort,h32,h32/best-ev-w64.00,64.000,7,172,41,0,0.031560,0.000000,5450,11,29667
sort,h32,h32/best-ev-w64.00,64.000,8,174,121,0,0.031927,0.000000,5450,11,29667
sort,h32,h32/best-ev-w64.00,64.000,9,178,57,3,0.032661,0.272727,5450,11,29667
sort,h32,h32/best-ev-w64.00,64.000,10,174,125,2,0.031927,0.181818,5450,11,29667
sort,h32,h32/best-ev-w64.00,64.000,11,172,57,0,0.031560,0.000000,5450,11,29667
sort,h32,h32/best-ev-w64.00,64.000,12,170,111,0,0.031193,0.000000,5450,11,29667
sort,h32,h32/best-ev-w64.00,64.000,13,169,67,0,0.031009,0.000000,5450,11,29667
sort,h32,h32/best-ev-w64.00,64.000,14,170,111,0,0.031193,0.000000,5450,11,29667
sort,h32,h32/best-ev-w64.00,64.000,15,167,63,0,0.030642,0.000000,5450,11,29667
sort,h32,h32/best-ev-w64.00,64.000,16,172,106,0,0.031560,0.000000,5450,11,29667
sort,h32,h32/best-ev-w64.00,64.000,17,170,67,0,0.031193,0.000000,5450,11,29667
sort,h32,h32/best-ev-w64.00,64.000,18,171,103,0,0.031376,0.000000,5450,11,29667
sort,h32,h32/best-ev-w64.00,64.000,19,171,73,0,0.031376,0.000000,5450,11,29667
sort,h32,h32/best-ev-w64.00,64.000,20,167,89,0,0.030642,0.000000,5450,11,29667
sort,h32,h32/best-ev-w64.00,64.000,21,173,82,1,0.031743,0.090909,5450,11,29667
sort,h32,h32/best-ev-w64.00,64.000,22,169,90,0,0.031009,0.000000,5450,11,29667
sort,h32,h32/best-ev-w64.00,64.000,23,167,82,1,0.030642,0.090909,5450,11,29667
sort,h32,h32/best-ev-w64.00,64.000,24,168,86,0,0.030826,0.000000,5450,11,29667
sort,h32,h32/best-ev-w64.00,64.000,25,165,86,1,0.030275,0.090909,5450,11,29667
sort,h32,h32/best-ev-w64.00,64.000,26,166,84,0,0.030459,0.000000,5450,11,29667
sort,h32,h32/best-ev-w64.00,64.000,27,170,107,1,0.031193,0.090909,5450,11,29667
sort,h32,h32/best-ev-w64.00,64.000,28,165,78,0,0.030275,0.000000,5450,11,29667
sort,h32,h32/best-ev-w64.00,64.000,29,169,92,2,0.031009,0.181818,5450,11,29667
sort,h32,h32/best-ev-w64.00,64.000,30,165,74,0,0.030275,0.000000,5450,11,29667
sort,h32,h32/best-ev-w64.00,64.000,31,167,89,0,0.030642,0.000000,5450,11,29667
sort,h32,h32/best-ev-w64.00,64.000,32,163,72,0,0.029908,0.000000,5450,11,29667
sort,coarse,coarse/best-ev-w64.00,64.000,1,176,55,0,0.168744,0.000000,1043,2,29667
sort,coarse,coarse/best-ev-w64.00,64.000,2,177,139,0,0.169703,0.000000,1043,2,29667
sort,coarse,coarse/best-ev-w64.00,64.000,4,171,126,0,0.163950,0.000000,1043,2,29667
sort,coarse,coarse/best-ev-w64.00,64.000,8,172,120,0,0.164909,0.000000,1043,2,29667
sort,coarse,coarse/best-ev-w64.00,64.000,16,172,106,0,0.164909,0.000000,1043,2,29667
sort,coarse,coarse/best-ev-w64.00,64.000,32,175,79,2,0.167785,1.000000,1043,2,29667
sort,h32,h32/best-ev-w256.00,256.000,1,176,54,0,0.032294,0.000000,5450,11,29667
sort,h32,h32/best-ev-w256.00,256.000,2,176,138,0,0.032294,0.000000,5450,11,29667
sort,h32,h32/best-ev-w256.00,256.000,3,173,46,0,0.031743,0.000000,5450,11,29667
sort,h32,h32/best-ev-w256.00,256.000,4,173,129,0,0.031743,0.000000,5450,11,29667
sort,h32,h32/best-ev-w256.00,256.000,5,173,50,0,0.031743,0.000000,5450,11,29667
sort,h32,h32/best-ev-w256.00,256.000,6,175,124,0,0.032110,0.000000,5450,11,29667
sort,h32,h32/best-ev-w256.00,256.000,7,172,41,0,0.031560,0.000000,5450,11,29667
sort,h32,h32/best-ev-w256.00,256.000,8,174,121,0,0.031927,0.000000,5450,11,29667
sort,h32,h32/best-ev-w256.00,256.000,9,178,57,3,0.032661,0.272727,5450,11,29667
sort,h32,h32/best-ev-w256.00,256.000,10,174,125,2,0.031927,0.181818,5450,11,29667
sort,h32,h32/best-ev-w256.00,256.000,11,172,57,0,0.031560,0.000000,5450,11,29667
sort,h32,h32/best-ev-w256.00,256.000,12,170,111,0,0.031193,0.000000,5450,11,29667
sort,h32,h32/best-ev-w256.00,256.000,13,169,67,0,0.031009,0.000000,5450,11,29667
sort,h32,h32/best-ev-w256.00,256.000,14,170,111,0,0.031193,0.000000,5450,11,29667
sort,h32,h32/best-ev-w256.00,256.000,15,167,63,0,0.030642,0.000000,5450,11,29667
sort,h32,h32/best-ev-w256.00,256.000,16,172,106,0,0.031560,0.000000,5450,11,29667
sort,h32,h32/best-ev-w256.00,256.000,17,170,67,0,0.031193,0.000000,5450,11,29667
sort,h32,h32/best-ev-w256.00,256.000,18,171,103,0,0.031376,0.000000,5450,11,29667
sort,h32,h32/best-ev-w256.00,256.000,19,171,73,0,0.031376,0.000000,5450,11,29667
sort,h32,h32/best-ev-w256.00,256.000,20,167,89,0,0.030642,0.000000,5450,11,29667
sort,h32,h32/best-ev-w256.00,256.000,21,173,82,1,0.031743,0.090909,5450,11,29667
sort,h32,h32/best-ev-w256.00,256.000,22,169,90,0,0.031009,0.000000,5450,11,29667
sort,h32,h32/best-ev-w256.00,256.000,23,167,82,1,0.030642,0.090909,5450,11,29667
sort,h32,h32/best-ev-w256.00,256.000,24,168,86,0,0.030826,0.000000,5450,11,29667
sort,h32,h32/best-ev-w256.00,256.000,25,165,86,1,0.030275,0.090909,5450,11,29667
sort,h32,h32/best-ev-w256.00,256.000,26,166,84,0,0.030459,0.000000,5450,11,29667
sort,h32,h32/best-ev-w256.00,256.000,27,170,107,1,0.031193,0.090909,5450,11,29667
sort,h32,h32/best-ev-w256.00,256.000,28,165,78,0,0.030275,0.000000,5450,11,29667
sort,h32,h32/best-ev-w256.00,256.000,29,169,92,2,0.031009,0.181818,5450,11,29667
sort,h32,h32/best-ev-w256.00,256.000,30,165,74,0,0.030275,0.000000,5450,11,29667
sort,h32,h32/best-ev-w256.00,256.000,31,167,89,0,0.030642,0.000000,5450,11,29667
sort,h32,h32/best-ev-w256.00,256.000,32,163,72,0,0.029908,0.000000,5450,11,29667
sort,coarse,coarse/best-ev-w256.00,256.000,1,176,55,0,0.168744,0.000000,1043,2,29667
sort,coarse,coarse/best-ev-w256.00,256.000,2,177,139,0,0.169703,0.000000,1043,2,29667
sort,coarse,coarse/best-ev-w256.00,256.000,4,171,126,0,0.163950,0.000000,1043,2,29667
sort,coarse,coarse/best-ev-w256.00,256.000,8,172,120,0,0.164909,0.000000,1043,2,29667
sort,coarse,coarse/best-ev-w256.00,256.000,16,172,106,0,0.164909,0.000000,1043,2,29667
sort,coarse,coarse/best-ev-w256.00,256.000,32,175,79,2,0.167785,1.000000,1043,2,29667
tsort,h32,h32/best-ev-w0.05,0.050,1,41319,25262,7534,0.061766,0.163537,668958,46069,97428
tsort,h32,h32/best-ev-w0.05,0.050,2,21892,14697,19,0.032726,0.000412,668958,46069,97428
tsort,h32,h32/best-ev-w0.05,0.050,3,28171,20374,6145,0.042112,0.133387,668958,46069,97428
tsort,h32,h32/best-ev-w0.05,0.050,4,39389,27828,10558,0.058881,0.229178,668958,46069,97428
tsort,h32,h32/best-ev-w0.05,0.050,5,29879,18155,4074,0.044665,0.088433,668958,46069,97428
tsort,h32,h32/best-ev-w0.05,0.050,6,23161,13878,1129,0.034623,0.024507,668958,46069,97428
tsort,h32,h32/best-ev-w0.05,0.050,7,26989,16187,2712,0.040345,0.058868,668958,46069,97428
tsort,h32,h32/best-ev-w0.05,0.050,8,19383,12676,75,0.028975,0.001628,668958,46069,97428
tsort,h32,h32/best-ev-w0.05,0.050,9,18980,11996,40,0.028372,0.000868,668958,46069,97428
tsort,h32,h32/best-ev-w0.05,0.050,10,29499,17973,4442,0.044097,0.096421,668958,46069,97428
tsort,h32,h32/best-ev-w0.05,0.050,11,19633,11502,326,0.029349,0.007076,668958,46069,97428
tsort,h32,h32/best-ev-w0.05,0.050,12,19618,11201,355,0.029326,0.007706,668958,46069,97428
tsort,h32,h32/best-ev-w0.05,0.050,13,19461,10914,376,0.029092,0.008162,668958,46069,97428
tsort,h32,h32/best-ev-w0.05,0.050,14,18609,10782,192,0.027818,0.004168,668958,46069,97428
tsort,h32,h32/best-ev-w0.05,0.050,15,18055,10064,121,0.026990,0.002626,668958,46069,97428
tsort,h32,h32/best-ev-w0.05,0.050,16,18744,11038,239,0.028020,0.005188,668958,46069,97428
tsort,h32,h32/best-ev-w0.05,0.050,17,17678,9785,89,0.026426,0.001932,668958,46069,97428
tsort,h32,h32/best-ev-w0.05,0.050,18,18432,10171,307,0.027553,0.006664,668958,46069,97428
tsort,h32,h32/best-ev-w0.05,0.050,19,16884,9688,16,0.025239,0.000347,668958,46069,97428
tsort,h32,h32/best-ev-w0.05,0.050,20,17127,9959,72,0.025603,0.001563,668958,46069,97428
tsort,h32,h32/best-ev-w0.05,0.050,21,17090,9783,108,0.025547,0.002344,668958,46069,97428
tsort,h32,h32/best-ev-w0.05,0.050,22,17643,9928,192,0.026374,0.004168,668958,46069,97428
tsort,h32,h32/best-ev-w0.05,0.050,23,16898,9139,73,0.025260,0.001585,668958,46069,97428
tsort,h32,h32/best-ev-w0.05,0.050,24,16952,9651,115,0.025341,0.002496,668958,46069,97428
tsort,h32,h32/best-ev-w0.05,0.050,25,16791,8948,114,0.025100,0.002475,668958,46069,97428
tsort,h32,h32/best-ev-w0.05,0.050,26,16506,8559,61,0.024674,0.001324,668958,46069,97428
tsort,h32,h32/best-ev-w0.05,0.050,27,17114,8592,168,0.025583,0.003647,668958,46069,97428
tsort,h32,h32/best-ev-w0.05,0.050,28,22621,14985,6166,0.033815,0.133843,668958,46069,97428
tsort,h32,h32/best-ev-w0.05,0.050,29,16104,9024,46,0.024073,0.000999,668958,46069,97428
tsort,h32,h32/best-ev-w0.05,0.050,30,15766,9019,12,0.023568,0.000260,668958,46069,97428
tsort,h32,h32/best-ev-w0.05,0.050,31,16248,8858,83,0.024289,0.001802,668958,46069,97428
tsort,h32,h32/best-ev-w0.05,0.050,32,16322,9223,110,0.024399,0.002388,668958,46069,97428
tsort,coarse,coarse/best-ev-w0.05,0.050,1,73178,44602,10325,0.208326,0.237247,351266,43520,97428
tsort,coarse,coarse/best-ev-w0.05,0.050,2,47126,31308,169,0.134160,0.003883,351266,43520,97428
tsort,coarse,coarse/best-ev-w0.05,0.050,4,91150,69001,30852,0.259490,0.708915,351266,43520,97428
tsort,coarse,coarse/best-ev-w0.05,0.050,8,45091,29159,205,0.128367,0.004710,351266,43520,97428
tsort,coarse,coarse/best-ev-w0.05,0.050,16,50792,29003,1688,0.144597,0.038787,351266,43520,97428
tsort,coarse,coarse/best-ev-w0.05,0.050,32,43929,24394,281,0.125059,0.006457,351266,43520,97428
tsort,h32,h32/best-ev-w0.25,0.250,1,25070,15128,5078,0.064956,0.126413,385954,40170,97428
tsort,h32,h32/best-ev-w0.25,0.250,2,13530,8773,14,0.035056,0.000349,385954,40170,97428
tsort,h32,h32/best-ev-w0.25,0.250,3,20490,15577,6601,0.053089,0.164327,385954,40170,97428
tsort,h32,h32/best-ev-w0.25,0.250,4,34025,25671,11964,0.088158,0.297834,385954,40170,97428
tsort,h32,h32/best-ev-w0.25,0.250,5,19176,11765,3504,0.049685,0.087229,385954,40170,97428
tsort,h32,h32/best-ev-w0.25,0.250,6,12971,7741,557,0.033608,0.013866,385954,40170,97428
tsort,h32,h32/best-ev-w0.25,0.250,7,14782,8273,1651,0.038300,0.041100,385954,40170,97428
tsort,h32,h32/best-ev-w0.25,0.250,8,11162,7050,44,0.028921,0.001095,385954,40170,97428
tsort,h32,h32/best-ev-w0.25,0.250,9,10872,6763,34,0.028169,0.000846,385954,40170,97428
tsort,h32,h32/best-ev-w0.25,0.250,10,16829,9888,2894,0.043604,0.072044,385954,40170,97428
tsort,h32,h32/best-ev-w0.25,0.250,11,10766,6260,180,0.027895,0.004481,385954,40170,97428
tsort,h32,h32/best-ev-w0.25,0.250,12,10751,6137,259,0.027856,0.006448,385954,40170,97428
tsort,h32,h32/best-ev-w0.25,0.250,13,10217,5800,107,0.026472,0.002664,385954,40170,97428
tsort,h32,h32/best-ev-w0.25,0.250,14,10019,5856,116,0.025959,0.002888,385954,40170,97428
tsort,h32,h32/best-ev-w0.25,0.250,15,10055,5559,182,0.026052,0.004531,385954,40170,97428
tsort,h32,h32/best-ev-w0.25,0.250,16,10000,5881,210,0.025910,0.005228,385954,40170,97428
tsort,h32,h32/best-ev-w0.25,0.250,17,9444,5285,62,0.024469,0.001543,385954,40170,97428
tsort,h32,h32/best-ev-w0.25,0.250,18,9286,5231,41,0.024060,0.001021,385954,40170,97428
tsort,h32,h32/best-ev-w0.25,0.250,19,9064,5227,17,0.023485,0.000423,385954,40170,97428
tsort,h32,h32/best-ev-w0.25,0.250,20,9085,5287,57,0.023539,0.001419,385954,40170,97428
tsort,h32,h32/best-ev-w0.25,0.250,21,9034,5181,58,0.023407,0.001444,385954,40170,97428
tsort,h32,h32/best-ev-w0.25,0.250,22,9034,5185,84,0.023407,0.002091,385954,40170,97428
tsort,h32,h32/best-ev-w0.25,0.250,23,8762,4845,36,0.022702,0.000896,385954,40170,97428
tsort,h32,h32/best-ev-w0.25,0.250,24,8726,4986,55,0.022609,0.001369,385954,40170,97428
tsort,h32,h32/best-ev-w0.25,0.250,25,8708,4701,69,0.022562,0.001718,385954,40170,97428
tsort,h32,h32/best-ev-w0.25,0.250,26,8470,4496,26,0.021946,0.000647,385954,40170,97428
tsort,h32,h32/best-ev-w0.25,0.250,27,8643,4554,118,0.022394,0.002938,385954,40170,97428
tsort,h32,h32/best-ev-w0.25,0.250,28,14383,10655,6087,0.037266,0.151531,385954,40170,97428
tsort,h32,h32/best-ev-w0.25,0.250,29,8218,4671,12,0.021293,0.000299,385954,40170,97428
tsort,h32,h32/best-ev-w0.25,0.250,30,8148,4696,8,0.021111,0.000199,385954,40170,97428
tsort,h32,h32/best-ev-w0.25,0.250,31,8171,4509,32,0.021171,0.000797,385954,40170,97428
tsort,h32,h32/best-ev-w0.25,0.250,32,8063,4553,13,0.020891,0.000324,385954,40170,97428
tsort,coarse,coarse/best-ev-w0.25,0.250,1,33666,19997,5628,0.204725,0.183753,164445,30628,97428
tsort,coarse,coarse/best-ev-w0.25,0.250,2,21112,13681,44,0.128383,0.001437,164445,30628,97428
tsort,coarse,coarse/best-ev-w0.25,0.250,4,50297,38812,23988,0.305859,0.783205,164445,30628,97428
tsort,coarse,coarse/best-ev-w0.25,0.250,8,19844,12454,118,0.120673,0.003853,164445,30628,97428
tsort,coarse,coarse/best-ev-w0.25,0.250,16,20896,12014,732,0.127070,0.023900,164445,30628,97428
tsort,coarse,coarse/best-ev-w0.25,0.250,32,18630,10035,118,0.113290,0.003853,164445,30628,97428
tsort,h32,h32/best-ev-w1.00,1.000,1,8601,5098,652,0.051339,0.030306,167533,21514,97428
tsort,h32,h32/best-ev-w1.00,1.000,2,7208,4470,10,0.043024,0.000465,167533,21514,97428
tsort,h32,h32/best-ev-w1.00,1.000,3,6773,4115,9,0.040428,0.000418,167533,21514,97428
tsort,h32,h32/best-ev-w1.00,1.000,4,12505,10108,5450,0.074642,0.253323,167533,21514,97428
tsort,h32,h32/best-ev-w1.00,1.000,5,14942,12348,7930,0.089188,0.368597,167533,21514,97428
tsort,h32,h32/best-ev-w1.00,1.000,6,5787,3471,69,0.034542,0.003207,167533,21514,97428
tsort,h32,h32/best-ev-w1.00,1.000,7,5858,3323,272,0.034966,0.012643,167533,21514,97428
tsort,h32,h32/best-ev-w1.00,1.000,8,5283,3224,19,0.031534,0.000883,167533,21514,97428
tsort,h32,h32/best-ev-w1.00,1.000,9,5061,3123,13,0.030209,0.000604,167533,21514,97428
tsort,h32,h32/best-ev-w1.00,1.000,10,5484,3372,368,0.032734,0.017105,167533,21514,97428
tsort,h32,h32/best-ev-w1.00,1.000,11,4819,2808,70,0.028764,0.003254,167533,21514,97428
tsort,h32,h32/best-ev-w1.00,1.000,12,4669,2685,76,0.027869,0.003533,167533,21514,97428
tsort,h32,h32/best-ev-w1.00,1.000,13,4496,2536,35,0.026837,0.001627,167533,21514,97428
tsort,h32,h32/best-ev-w1.00,1.000,14,4388,2553,40,0.026192,0.001859,167533,21514,97428
tsort,h32,h32/best-ev-w1.00,1.000,15,4289,2326,47,0.025601,0.002185,167533,21514,97428
tsort,h32,h32/best-ev-w1.00,1.000,16,4178,2402,45,0.024938,0.002092,167533,21514,97428
tsort,h32,h32/best-ev-w1.00,1.000,17,4086,2294,38,0.024389,0.001766,167533,21514,97428
tsort,h32,h32/best-ev-w1.00,1.000,18,3980,2257,28,0.023757,0.001301,167533,21514,97428
tsort,h32,h32/best-ev-w1.00,1.000,19,3878,2241,11,0.023148,0.000511,167533,21514,97428
tsort,h32,h32/best-ev-w1.00,1.000,20,3807,2215,22,0.022724,0.001023,167533,21514,97428
tsort,h32,h32/best-ev-w1.00,1.000,21,3778,2197,43,0.022551,0.001999,167533,21514,97428
tsort,h32,h32/best-ev-w1.00,1.000,22,3692,2111,27,0.022037,0.001255,167533,21514,97428
tsort,h32,h32/best-ev-w1.00,1.000,23,3649,2023,38,0.021781,0.001766,167533,21514,97428
tsort,h32,h32/best-ev-w1.00,1.000,24,3551,2033,15,0.021196,0.000697,167533,21514,97428
tsort,h32,h32/best-ev-w1.00,1.000,25,3510,1931,19,0.020951,0.000883,167533,21514,97428
tsort,h32,h32/best-ev-w1.00,1.000,26,3467,1862,22,0.020694,0.001023,167533,21514,97428
tsort,h32,h32/best-ev-w1.00,1.000,27,3420,1810,21,0.020414,0.000976,167533,21514,97428
tsort,h32,h32/best-ev-w1.00,1.000,28,9421,7927,6076,0.056234,0.282421,167533,21514,97428
tsort,h32,h32/best-ev-w1.00,1.000,29,3282,1840,4,0.019590,0.000186,167533,21514,97428
tsort,h32,h32/best-ev-w1.00,1.000,30,3242,1851,5,0.019351,0.000232,167533,21514,97428
tsort,h32,h32/best-ev-w1.00,1.000,31,3220,1796,14,0.019220,0.000651,167533,21514,97428
tsort,h32,h32/best-ev-w1.00,1.000,32,3209,1799,26,0.019154,0.001209,167533,21514,97428
tsort,coarse,coarse/best-ev-w1.00,1.000,1,8294,4867,393,0.118859,0.016559,69780,23734,97428
tsort,coarse,coarse/best-ev-w1.00,1.000,2,7295,4563,8,0.104543,0.000337,69780,23734,97428
tsort,coarse,coarse/best-ev-w1.00,1.000,4,35186,29101,23192,0.504242,0.977164,69780,23734,97428
tsort,coarse,coarse/best-ev-w1.00,1.000,8,6591,4038,26,0.094454,0.001095,69780,23734,97428
tsort,coarse,coarse/best-ev-w1.00,1.000,16,6418,3626,103,0.091975,0.004340,69780,23734,97428
tsort,coarse,coarse/best-ev-w1.00,1.000,32,5996,3116,12,0.085927,0.000506,69780,23734,97428
tsort,h32,h32/best-ev-w4.00,4.000,1,8009,4649,280,0.052756,0.035614,151811,7862,97428
tsort,h32,h32/best-ev-w4.00,4.000,2,7217,4476,11,0.047539,0.001399,151811,7862,97428
tsort,h32,h32/best-ev-w4.00,4.000,3,6780,4122,9,0.044661,0.001145,151811,7862,97428
tsort,h32,h32/best-ev-w4.00,4.000,4,6505,4122,116,0.042849,0.014755,151811,7862,97428
tsort,h32,h32/best-ev-w4.00,4.000,5,6245,3754,204,0.041137,0.025948,151811,7862,97428
tsort,h32,h32/best-ev-w4.00,4.000,6,6100,3803,360,0.040182,0.045790,151811,7862,97428
tsort,h32,h32/best-ev-w4.00,4.000,7,5606,3164,133,0.036927,0.016917,151811,7862,97428
tsort,h32,h32/best-ev-w4.00,4.000,8,5289,3234,13,0.034839,0.001654,151811,7862,97428
tsort,h32,h32/best-ev-w4.00,4.000,9,5083,3147,13,0.033482,0.001654,151811,7862,97428
tsort,h32,h32/best-ev-w4.00,4.000,10,5015,3044,101,0.033034,0.012847,151811,7862,97428
tsort,h32,h32/best-ev-w4.00,4.000,11,4799,2797,63,0.031612,0.008013,151811,7862,97428
tsort,h32,h32/best-ev-w4.00,4.000,12,4630,2664,59,0.030498,0.007504,151811,7862,97428
tsort,h32,h32/best-ev-w4.00,4.000,13,4484,2532,25,0.029537,0.003180,151811,7862,97428
tsort,h32,h32/best-ev-w4.00,4.000,14,4373,2543,33,0.028806,0.004197,151811,7862,97428
tsort,h32,h32/best-ev-w4.00,4.000,15,4273,2323,44,0.028147,0.005597,151811,7862,97428
tsort,h32,h32/best-ev-w4.00,4.000,16,4159,2387,39,0.027396,0.004961,151811,7862,97428
tsort,h32,h32/best-ev-w4.00,4.000,17,4076,2285,32,0.026849,0.004070,151811,7862,97428
tsort,h32,h32/best-ev-w4.00,4.000,18,3981,2258,22,0.026223,0.002798,151811,7862,97428
tsort,h32,h32/best-ev-w4.00,4.000,19,3887,2248,12,0.025604,0.001526,151811,7862,97428
tsort,h32,h32/best-ev-w4.00,4.000,20,3819,2227,32,0.025156,0.004070,151811,7862,97428
tsort,h32,h32/best-ev-w4.00,4.000,21,3751,2174,23,0.024708,0.002925,151811,7862,97428
tsort,h32,h32/best-ev-w4.00,4.000,22,3689,2116,25,0.024300,0.003180,151811,7862,97428
tsort,h32,h32/best-ev-w4.00,4.000,23,3630,2013,24,0.023911,0.003053,151811,7862,97428
tsort,h32,h32/best-ev-w4.00,4.000,24,3564,2040,17,0.023477,0.002162,151811,7862,97428
tsort,h32,h32/best-ev-w4.00,4.000,25,3516,1935,18,0.023160,0.002289,151811,7862,97428
tsort,h32,h32/best-ev-w4.00,4.000,26,3469,1864,22,0.022851,0.002798,151811,7862,97428
tsort,h32,h32/best-ev-w4.00,4.000,27,3426,1814,21,0.022568,0.002671,151811,7862,97428
tsort,h32,h32/best-ev-w4.00,4.000,28,9438,7933,6074,0.062169,0.772577,151811,7862,97428
tsort,h32,h32/best-ev-w4.00,4.000,29,3307,1847,5,0.021784,0.000636,151811,7862,97428
tsort,h32,h32/best-ev-w4.00,4.000,30,3271,1872,13,0.021547,0.001654,151811,7862,97428
tsort,h32,h32/best-ev-w4.00,4.000,31,3223,1798,7,0.021230,0.000890,151811,7862,97428
tsort,h32,h32/best-ev-w4.00,4.000,32,3197,1791,12,0.021059,0.001526,151811,7862,97428
tsort,coarse,coarse/best-ev-w4.00,4.000,1,14980,11258,6840,0.309677,0.949604,48373,7203,97428
tsort,coarse,coarse/best-ev-w4.00,4.000,2,7301,4568,8,0.150931,0.001111,48373,7203,97428
tsort,coarse,coarse/best-ev-w4.00,4.000,4,7192,4646,258,0.148678,0.035818,48373,7203,97428
tsort,coarse,coarse/best-ev-w4.00,4.000,8,6586,4047,23,0.136150,0.003193,48373,7203,97428
tsort,coarse,coarse/best-ev-w4.00,4.000,16,6316,3576,62,0.130569,0.008608,48373,7203,97428
tsort,coarse,coarse/best-ev-w4.00,4.000,32,5998,3116,12,0.123995,0.001666,48373,7203,97428
tsort,h32,h32/best-ev-w16.00,16.000,1,7860,4521,154,0.051919,0.020713,151391,7435,97428
tsort,h32,h32/best-ev-w16.00,16.000,2,7215,4473,11,0.047658,0.001479,151391,7435,97428
tsort,h32,h32/best-ev-w16.00,16.000,3,6784,4127,9,0.044811,0.001210,151391,7435,97428
tsort,h32,h32/best-ev-w16.00,16.000,4,6485,4101,98,0.042836,0.013181,151391,7435,97428
tsort,h32,h32/best-ev-w16.00,16.000,5,6184,3694,156,0.040848,0.020982,151391,7435,97428
tsort,h32,h32/best-ev-w16.00,16.000,6,5807,3512,98,0.038358,0.013181,151391,7435,97428
tsort,h32,h32/best-ev-w16.00,16.000,7,5592,3156,122,0.036937,0.016409,151391,7435,97428
tsort,h32,h32/best-ev-w16.00,16.000,8,5296,3236,13,0.034982,0.001748,151391,7435,97428
tsort,h32,h32/best-ev-w16.00,16.000,9,5085,3148,13,0.033589,0.001748,151391,7435,97428
tsort,h32,h32/best-ev-w16.00,16.000,10,5042,3072,125,0.033304,0.016812,151391,7435,97428
tsort,h32,h32/best-ev-w16.00,16.000,11,4803,2801,64,0.031726,0.008608,151391,7435,97428
tsort,h32,h32/best-ev-w16.00,16.000,12,4639,2674,61,0.030643,0.008204,151391,7435,97428
tsort,h32,h32/best-ev-w16.00,16.000,13,4488,2538,24,0.029645,0.003228,151391,7435,97428
tsort,h32,h32/best-ev-w16.00,16.000,14,4373,2548,33,0.028885,0.004438,151391,7435,97428
tsort,h32,h32/best-ev-w16.00,16.000,15,4269,2310,42,0.028199,0.005649,151391,7435,97428
tsort,h32,h32/best-ev-w16.00,16.000,16,4161,2389,39,0.027485,0.005245,151391,7435,97428
tsort,h32,h32/best-ev-w16.00,16.000,17,4080,2291,33,0.026950,0.004438,151391,7435,97428
tsort,h32,h32/best-ev-w16.00,16.000,18,3987,2267,24,0.026336,0.003228,151391,7435,97428
tsort,h32,h32/best-ev-w16.00,16.000,19,3893,2252,13,0.025715,0.001748,151391,7435,97428
tsort,h32,h32/best-ev-w16.00,16.000,20,3823,2232,35,0.025252,0.004707,151391,7435,97428
tsort,h32,h32/best-ev-w16.00,16.000,21,3765,2178,32,0.024869,0.004304,151391,7435,97428
tsort,h32,h32/best-ev-w16.00,16.000,22,3701,2128,25,0.024447,0.003362,151391,7435,97428
tsort,h32,h32/best-ev-w16.00,16.000,23,3638,2024,25,0.024030,0.003362,151391,7435,97428
tsort,h32,h32/best-ev-w16.00,16.000,24,3565,2042,17,0.023548,0.002286,151391,7435,97428
tsort,h32,h32/best-ev-w16.00,16.000,25,3516,1934,18,0.023225,0.002421,151391,7435,97428
tsort,h32,h32/best-ev-w16.00,16.000,26,3469,1859,21,0.022914,0.002824,151391,7435,97428
tsort,h32,h32/best-ev-w16.00,16.000,27,3426,1824,20,0.022630,0.002690,151391,7435,97428
tsort,h32,h32/best-ev-w16.00,16.000,28,9442,7931,6074,0.062368,0.816947,151391,7435,97428
tsort,h32,h32/best-ev-w16.00,16.000,29,3308,1855,5,0.021851,0.000672,151391,7435,97428
tsort,h32,h32/best-ev-w16.00,16.000,30,3270,1879,10,0.021600,0.001345,151391,7435,97428
tsort,h32,h32/best-ev-w16.00,16.000,31,3227,1791,9,0.021316,0.001210,151391,7435,97428
tsort,h32,h32/best-ev-w16.00,16.000,32,3198,1792,12,0.021124,0.001614,151391,7435,97428
tsort,coarse,coarse/best-ev-w16.00,16.000,1,7898,4565,150,0.191974,0.402145,41141,373,97428
tsort,coarse,coarse/best-ev-w16.00,16.000,2,7303,4570,8,0.177511,0.021448,41141,373,97428
tsort,coarse,coarse/best-ev-w16.00,16.000,4,7030,4486,118,0.170876,0.316354,41141,373,97428
tsort,coarse,coarse/best-ev-w16.00,16.000,8,6589,4049,23,0.160157,0.061662,41141,373,97428
tsort,coarse,coarse/best-ev-w16.00,16.000,16,6319,3572,61,0.153594,0.163539,41141,373,97428
tsort,coarse,coarse/best-ev-w16.00,16.000,32,6002,3117,13,0.145889,0.034853,41141,373,97428
tsort,h32,h32/best-ev-w64.00,64.000,1,7860,4521,154,0.053029,0.036176,148221,4257,97428
tsort,h32,h32/best-ev-w64.00,64.000,2,7215,4473,11,0.048677,0.002584,148221,4257,97428
tsort,h32,h32/best-ev-w64.00,64.000,3,6784,4127,9,0.045769,0.002114,148221,4257,97428
tsort,h32,h32/best-ev-w64.00,64.000,4,6485,4101,98,0.043752,0.023021,148221,4257,97428
tsort,h32,h32/best-ev-w64.00,64.000,5,6184,3694,156,0.041721,0.036646,148221,4257,97428
tsort,h32,h32/best-ev-w64.00,64.000,6,5807,3512,98,0.039178,0.023021,148221,4257,97428
tsort,h32,h32/best-ev-w64.00,64.000,7,5592,3156,122,0.037727,0.028659,148221,4257,97428
tsort,h32,h32/best-ev-w64.00,64.000,8,5296,3236,13,0.035730,0.003054,148221,4257,97428
tsort,h32,h32/best-ev-w64.00,64.000,9,5085,3148,13,0.034307,0.003054,148221,4257,97428
tsort,h32,h32/best-ev-w64.00,64.000,10,5042,3072,125,0.034017,0.029363,148221,4257,97428
tsort,h32,h32/best-ev-w64.00,64.000,11,4803,2801,64,0.032404,0.015034,148221,4257,97428
tsort,h32,h32/best-ev-w64.00,64.000,12,4639,2674,61,0.031298,0.014329,148221,4257,97428
tsort,h32,h32/best-ev-w64.00,64.000,13,4488,2538,24,0.030279,0.005638,148221,4257,97428
tsort,h32,h32/best-ev-w64.00,64.000,14,4373,2548,33,0.029503,0.007752,148221,4257,97428
tsort,h32,h32/best-ev-w64.00,64.000,15,4269,2310,42,0.028802,0.009866,148221,4257,97428
tsort,h32,h32/best-ev-w64.00,64.000,16,4161,2389,39,0.028073,0.009161,148221,4257,97428
tsort,h32,h32/best-ev-w64.00,64.000,17,4080,2291,33,0.027526,0.007752,148221,4257,97428
tsort,h32,h32/best-ev-w64.00,64.000,18,3987,2267,24,0.026899,0.005638,148221,4257,97428
tsort,h32,h32/best-ev-w64.00,64.000,19,3893,2252,13,0.026265,0.003054,148221,4257,97428
tsort,h32,h32/best-ev-w64.00,64.000,20,3823,2232,35,0.025793,0.008222,148221,4257,97428
tsort,h32,h32/best-ev-w64.00,64.000,21,3765,2178,32,0.025401,0.007517,148221,4257,97428
tsort,h32,h32/best-ev-w64.00,64.000,22,3701,2128,25,0.024969,0.005873,148221,4257,97428
tsort,h32,h32/best-ev-w64.00,64.000,23,3638,2024,25,0.024544,0.005873,148221,4257,97428
tsort,h32,h32/best-ev-w64.00,64.000,24,3565,2042,17,0.024052,0.003993,148221,4257,97428
tsort,h32,h32/best-ev-w64.00,64.000,25,3516,1934,18,0.023721,0.004228,148221,4257,97428
tsort,h32,h32/best-ev-w64.00,64.000,26,3469,1859,21,0.023404,0.004933,148221,4257,97428
tsort,h32,h32/best-ev-w64.00,64.000,27,3426,1824,20,0.023114,0.004698,148221,4257,97428
tsort,h32,h32/best-ev-w64.00,64.000,28,6264,4753,2896,0.042261,0.680291,148221,4257,97428
tsort,h32,h32/best-ev-w64.00,64.000,29,3310,1856,5,0.022332,0.001175,148221,4257,97428
tsort,h32,h32/best-ev-w64.00,64.000,30,3272,1879,10,0.022075,0.002349,148221,4257,97428
tsort,h32,h32/best-ev-w64.00,64.000,31,3229,1791,9,0.021785,0.002114,148221,4257,97428
tsort,h32,h32/best-ev-w64.00,64.000,32,3200,1792,12,0.021589,0.002819,148221,4257,97428
tsort,coarse,coarse/best-ev-w64.00,64.000,1,7898,4565,150,0.191974,0.402145,41141,373,97428
tsort,coarse,coarse/best-ev-w64.00,64.000,2,7303,4570,8,0.177511,0.021448,41141,373,97428
tsort,coarse,coarse/best-ev-w64.00,64.000,4,7030,4486,118,0.170876,0.316354,41141,373,97428
tsort,coarse,coarse/best-ev-w64.00,64.000,8,6589,4049,23,0.160157,0.061662,41141,373,97428
tsort,coarse,coarse/best-ev-w64.00,64.000,16,6319,3572,61,0.153594,0.163539,41141,373,97428
tsort,coarse,coarse/best-ev-w64.00,64.000,32,6002,3117,13,0.145889,0.034853,41141,373,97428
tsort,h32,h32/best-ev-w256.00,256.000,1,7860,4521,154,0.053029,0.036176,148221,4257,97428
tsort,h32,h32/best-ev-w256.00,256.000,2,7215,4473,11,0.048677,0.002584,148221,4257,97428
tsort,h32,h32/best-ev-w256.00,256.000,3,6784,4127,9,0.045769,0.002114,148221,4257,97428
tsort,h32,h32/best-ev-w256.00,256.000,4,6485,4101,98,0.043752,0.023021,148221,4257,97428
tsort,h32,h32/best-ev-w256.00,256.000,5,6184,3694,156,0.041721,0.036646,148221,4257,97428
tsort,h32,h32/best-ev-w256.00,256.000,6,5807,3512,98,0.039178,0.023021,148221,4257,97428
tsort,h32,h32/best-ev-w256.00,256.000,7,5592,3156,122,0.037727,0.028659,148221,4257,97428
tsort,h32,h32/best-ev-w256.00,256.000,8,5296,3236,13,0.035730,0.003054,148221,4257,97428
tsort,h32,h32/best-ev-w256.00,256.000,9,5085,3148,13,0.034307,0.003054,148221,4257,97428
tsort,h32,h32/best-ev-w256.00,256.000,10,5042,3072,125,0.034017,0.029363,148221,4257,97428
tsort,h32,h32/best-ev-w256.00,256.000,11,4803,2801,64,0.032404,0.015034,148221,4257,97428
tsort,h32,h32/best-ev-w256.00,256.000,12,4639,2674,61,0.031298,0.014329,148221,4257,97428
tsort,h32,h32/best-ev-w256.00,256.000,13,4488,2538,24,0.030279,0.005638,148221,4257,97428
tsort,h32,h32/best-ev-w256.00,256.000,14,4373,2548,33,0.029503,0.007752,148221,4257,97428
tsort,h32,h32/best-ev-w256.00,256.000,15,4269,2310,42,0.028802,0.009866,148221,4257,97428
tsort,h32,h32/best-ev-w256.00,256.000,16,4161,2389,39,0.028073,0.009161,148221,4257,97428
tsort,h32,h32/best-ev-w256.00,256.000,17,4080,2291,33,0.027526,0.007752,148221,4257,97428
tsort,h32,h32/best-ev-w256.00,256.000,18,3987,2267,24,0.026899,0.005638,148221,4257,97428
tsort,h32,h32/best-ev-w256.00,256.000,19,3893,2252,13,0.026265,0.003054,148221,4257,97428
tsort,h32,h32/best-ev-w256.00,256.000,20,3823,2232,35,0.025793,0.008222,148221,4257,97428
tsort,h32,h32/best-ev-w256.00,256.000,21,3765,2178,32,0.025401,0.007517,148221,4257,97428
tsort,h32,h32/best-ev-w256.00,256.000,22,3701,2128,25,0.024969,0.005873,148221,4257,97428
tsort,h32,h32/best-ev-w256.00,256.000,23,3638,2024,25,0.024544,0.005873,148221,4257,97428
tsort,h32,h32/best-ev-w256.00,256.000,24,3565,2042,17,0.024052,0.003993,148221,4257,97428
tsort,h32,h32/best-ev-w256.00,256.000,25,3516,1934,18,0.023721,0.004228,148221,4257,97428
tsort,h32,h32/best-ev-w256.00,256.000,26,3469,1859,21,0.023404,0.004933,148221,4257,97428
tsort,h32,h32/best-ev-w256.00,256.000,27,3426,1824,20,0.023114,0.004698,148221,4257,97428
tsort,h32,h32/best-ev-w256.00,256.000,28,6264,4753,2896,0.042261,0.680291,148221,4257,97428
tsort,h32,h32/best-ev-w256.00,256.000,29,3310,1856,5,0.022332,0.001175,148221,4257,97428
tsort,h32,h32/best-ev-w256.00,256.000,30,3272,1879,10,0.022075,0.002349,148221,4257,97428
tsort,h32,h32/best-ev-w256.00,256.000,31,3229,1791,9,0.021785,0.002114,148221,4257,97428
tsort,h32,h32/best-ev-w256.00,256.000,32,3200,1792,12,0.021589,0.002819,148221,4257,97428
tsort,coarse,coarse/best-ev-w256.00,256.000,1,7898,4565,150,0.191974,0.402145,41141,373,97428
tsort,coarse,coarse/best-ev-w256.00,256.000,2,7303,4570,8,0.177511,0.021448,41141,373,97428
tsort,coarse,coarse/best-ev-w256.00,256.000,4,7030,4486,118,0.170876,0.316354,41141,373,97428
tsort,coarse,coarse/best-ev-w256.00,256.000,8,6589,4049,23,0.160157,0.061662,41141,373,97428
tsort,coarse,coarse/best-ev-w256.00,256.000,16,6319,3572,61,0.153594,0.163539,41141,373,97428
tsort,coarse,coarse/best-ev-w256.00,256.000,32,6002,3117,13,0.145889,0.034853,41141,373,97428
xz,h32,h32/best-ev-w0.05,0.050,1,44145,34280,30,0.037846,0.040984,1166431,732,41473
xz,h32,h32/best-ev-w0.05,0.050,2,43272,34253,124,0.037098,0.169399,1166431,732,41473
xz,h32,h32/best-ev-w0.05,0.050,3,42265,31646,4,0.036234,0.005464,1166431,732,41473
xz,h32,h32/best-ev-w0.05,0.050,4,41702,32408,254,0.035752,0.346995,1166431,732,41473
xz,h32,h32/best-ev-w0.05,0.050,5,40694,30375,2,0.034888,0.002732,1166431,732,41473
xz,h32,h32/best-ev-w0.05,0.050,6,40105,30652,90,0.034383,0.122951,1166431,732,41473
xz,h32,h32/best-ev-w0.05,0.050,7,39470,29501,7,0.033838,0.009563,1166431,732,41473
xz,h32,h32/best-ev-w0.05,0.050,8,38897,29359,3,0.033347,0.004098,1166431,732,41473
xz,h32,h32/best-ev-w0.05,0.050,9,38438,28913,9,0.032954,0.012295,1166431,732,41473
xz,h32,h32/best-ev-w0.05,0.050,10,38079,28608,14,0.032646,0.019126,1166431,732,41473
xz,h32,h32/best-ev-w0.05,0.050,11,37640,28125,10,0.032269,0.013661,1166431,732,41473
xz,h32,h32/best-ev-w0.05,0.050,12,37325,27969,24,0.031999,0.032787,1166431,732,41473
xz,h32,h32/best-ev-w0.05,0.050,13,36886,26682,12,0.031623,0.016393,1166431,732,41473
xz,h32,h32/best-ev-w0.05,0.050,14,36641,27051,20,0.031413,0.027322,1166431,732,41473
xz,h32,h32/best-ev-w0.05,0.050,15,36186,26747,3,0.031023,0.004098,1166431,732,41473
xz,h32,h32/best-ev-w0.05,0.050,16,35887,27137,4,0.030767,0.005464,1166431,732,41473
xz,h32,h32/best-ev-w0.05,0.050,17,35558,26618,5,0.030484,0.006831,1166431,732,41473
xz,h32,h32/best-ev-w0.05,0.050,18,35266,26896,2,0.030234,0.002732,1166431,732,41473
xz,h32,h32/best-ev-w0.05,0.050,19,35024,26454,14,0.030027,0.019126,1166431,732,41473
xz,h32,h32/best-ev-w0.05,0.050,20,34687,26125,2,0.029738,0.002732,1166431,732,41473
xz,h32,h32/best-ev-w0.05,0.050,21,34415,25144,5,0.029505,0.006831,1166431,732,41473
xz,h32,h32/best-ev-w0.05,0.050,22,34210,25056,7,0.029329,0.009563,1166431,732,41473
xz,h32,h32/best-ev-w0.05,0.050,23,33903,25107,6,0.029066,0.008197,1166431,732,41473
xz,h32,h32/best-ev-w0.05,0.050,24,33805,25371,13,0.028982,0.017760,1166431,732,41473
xz,h32,h32/best-ev-w0.05,0.050,25,33486,25023,2,0.028708,0.002732,1166431,732,41473
xz,h32,h32/best-ev-w0.05,0.050,26,33293,25407,12,0.028543,0.016393,1166431,732,41473
xz,h32,h32/best-ev-w0.05,0.050,27,33027,25176,9,0.028315,0.012295,1166431,732,41473
xz,h32,h32/best-ev-w0.05,0.050,28,32852,24867,10,0.028165,0.013661,1166431,732,41473
xz,h32,h32/best-ev-w0.05,0.050,29,32574,24036,1,0.027926,0.001366,1166431,732,41473
xz,h32,h32/best-ev-w0.05,0.050,30,32473,23632,18,0.027840,0.024590,1166431,732,41473
xz,h32,h32/best-ev-w0.05,0.050,31,32219,23296,12,0.027622,0.016393,1166431,732,41473
xz,h32,h32/best-ev-w0.05,0.050,32,32007,23063,4,0.027440,0.005464,1166431,732,41473
xz,coarse,coarse/best-ev-w0.05,0.050,1,102770,82308,114,0.173454,0.177019,592490,644,41473
xz,coarse,coarse/best-ev-w0.05,0.050,2,100941,82039,59,0.170367,0.091615,592490,644,41473
xz,coarse,coarse/best-ev-w0.05,0.050,4,99448,79594,256,0.167848,0.397516,592490,644,41473
xz,coarse,coarse/best-ev-w0.05,0.050,8,97650,78157,100,0.164813,0.155280,592490,644,41473
xz,coarse,coarse/best-ev-w0.05,0.050,16,96463,75762,55,0.162809,0.085404,592490,644,41473
xz,coarse,coarse/best-ev-w0.05,0.050,32,95218,70595,60,0.160708,0.093168,592490,644,41473
xz,h32,h32/best-ev-w0.25,0.250,1,28462,22513,30,0.040527,0.043228,702296,694,41473
xz,h32,h32/best-ev-w0.25,0.250,2,27686,22217,123,0.039422,0.177233,702296,694,41473
xz,h32,h32/best-ev-w0.25,0.250,3,26804,20511,8,0.038166,0.011527,702296,694,41473
xz,h32,h32/best-ev-w0.25,0.250,4,26353,20764,250,0.037524,0.360231,702296,694,41473
xz,h32,h32/best-ev-w0.25,0.250,5,25480,19602,3,0.036281,0.004323,702296,694,41473
xz,h32,h32/best-ev-w0.25,0.250,6,25033,19621,82,0.035645,0.118156,702296,694,41473
xz,h32,h32/best-ev-w0.25,0.250,7,24469,18970,3,0.034841,0.004323,702296,694,41473
xz,h32,h32/best-ev-w0.25,0.250,8,24021,18819,5,0.034204,0.007205,702296,694,41473
xz,h32,h32/best-ev-w0.25,0.250,9,23602,18538,8,0.033607,0.011527,702296,694,41473
xz,h32,h32/best-ev-w0.25,0.250,10,23252,18092,8,0.033109,0.011527,702296,694,41473
xz,h32,h32/best-ev-w0.25,0.250,11,22945,17696,15,0.032671,0.021614,702296,694,41473
xz,h32,h32/best-ev-w0.25,0.250,12,22649,17358,24,0.032250,0.034582,702296,694,41473
xz,h32,h32/best-ev-w0.25,0.250,13,22310,16735,12,0.031767,0.017291,702296,694,41473
xz,h32,h32/best-ev-w0.25,0.250,14,22018,16735,15,0.031351,0.021614,702296,694,41473
xz,h32,h32/best-ev-w0.25,0.250,15,21708,16507,2,0.030910,0.002882,702296,694,41473
xz,h32,h32/best-ev-w0.25,0.250,16,21453,16537,7,0.030547,0.010086,702296,694,41473
xz,h32,h32/best-ev-w0.25,0.250,17,21180,16186,10,0.030158,0.014409,702296,694,41473
xz,h32,h32/best-ev-w0.25,0.250,18,20917,16265,5,0.029784,0.007205,702296,694,41473
xz,h32,h32/best-ev-w0.25,0.250,19,20705,15982,10,0.029482,0.014409,702296,694,41473
xz,h32,h32/best-ev-w0.25,0.250,20,20464,15683,3,0.029139,0.004323,702296,694,41473
xz,h32,h32/best-ev-w0.25,0.250,21,20236,15076,1,0.028814,0.001441,702296,694,41473
xz,h32,h32/best-ev-w0.25,0.250,22,20045,14941,9,0.028542,0.012968,702296,694,41473
xz,h32,h32/best-ev-w0.25,0.250,23,19824,14920,2,0.028227,0.002882,702296,694,41473
xz,h32,h32/best-ev-w0.25,0.250,24,19674,14778,8,0.028014,0.011527,702296,694,41473
xz,h32,h32/best-ev-w0.25,0.250,25,19487,14698,11,0.027748,0.015850,702296,694,41473
xz,h32,h32/best-ev-w0.25,0.250,26,19322,14863,11,0.027513,0.015850,702296,694,41473
xz,h32,h32/best-ev-w0.25,0.250,27,19110,14697,3,0.027211,0.004323,702296,694,41473
xz,h32,h32/best-ev-w0.25,0.250,28,18950,14478,7,0.026983,0.010086,702296,694,41473
xz,h32,h32/best-ev-w0.25,0.250,29,18775,13961,2,0.026734,0.002882,702296,694,41473
xz,h32,h32/best-ev-w0.25,0.250,30,18634,13722,12,0.026533,0.017291,702296,694,41473
xz,h32,h32/best-ev-w0.25,0.250,31,18437,13423,2,0.026252,0.002882,702296,694,41473
xz,h32,h32/best-ev-w0.25,0.250,32,18291,13313,3,0.026045,0.004323,702296,694,41473
xz,coarse,coarse/best-ev-w0.25,0.250,1,43628,35033,118,0.177185,0.200000,246228,590,41473
xz,coarse,coarse/best-ev-w0.25,0.250,2,42389,34598,43,0.172153,0.072881,246228,590,41473
xz,coarse,coarse/best-ev-w0.25,0.250,4,41517,33342,249,0.168612,0.422034,246228,590,41473
xz,coarse,coarse/best-ev-w0.25,0.250,8,40429,32599,101,0.164193,0.171186,246228,590,41473
xz,coarse,coarse/best-ev-w0.25,0.250,16,39534,31127,41,0.160559,0.069492,246228,590,41473
xz,coarse,coarse/best-ev-w0.25,0.250,32,38731,28687,38,0.157297,0.064407,246228,590,41473
xz,h32,h32/best-ev-w1.00,1.000,1,13755,10924,30,0.045853,0.049834,299981,602,41473
xz,h32,h32/best-ev-w1.00,1.000,2,13215,10719,124,0.044053,0.205980,299981,602,41473
xz,h32,h32/best-ev-w1.00,1.000,3,12548,9645,2,0.041829,0.003322,299981,602,41473
xz,h32,h32/best-ev-w1.00,1.000,4,12290,9808,243,0.040969,0.403654,299981,602,41473
xz,h32,h32/best-ev-w1.00,1.000,5,11623,9043,1,0.038746,0.001661,299981,602,41473
xz,h32,h32/best-ev-w1.00,1.000,6,11333,8963,79,0.037779,0.131229,299981,602,41473
xz,h32,h32/best-ev-w1.00,1.000,7,10916,8557,0,0.036389,0.000000,299981,602,41473
xz,h32,h32/best-ev-w1.00,1.000,8,10618,8395,2,0.035396,0.003322,299981,602,41473
xz,h32,h32/best-ev-w1.00,1.000,9,10362,8255,7,0.034542,0.011628,299981,602,41473
xz,h32,h32/best-ev-w1.00,1.000,10,10107,7983,8,0.033692,0.013289,299981,602,41473
xz,h32,h32/best-ev-w1.00,1.000,11,9881,7718,8,0.032939,0.013289,299981,602,41473
xz,h32,h32/best-ev-w1.00,1.000,12,9679,7474,10,0.032265,0.016611,299981,602,41473
xz,h32,h32/best-ev-w1.00,1.000,13,9496,7203,17,0.031655,0.028239,299981,602,41473
xz,h32,h32/best-ev-w1.00,1.000,14,9297,7167,7,0.030992,0.011628,299981,602,41473
xz,h32,h32/best-ev-w1.00,1.000,15,9127,6977,2,0.030425,0.003322,299981,602,41473
xz,h32,h32/best-ev-w1.00,1.000,16,8961,6979,1,0.029872,0.001661,299981,602,41473
xz,h32,h32/best-ev-w1.00,1.000,17,8803,6815,2,0.029345,0.003322,299981,602,41473
xz,h32,h32/best-ev-w1.00,1.000,18,8634,6787,1,0.028782,0.001661,299981,602,41473
xz,h32,h32/best-ev-w1.00,1.000,19,8514,6601,5,0.028382,0.008306,299981,602,41473
xz,h32,h32/best-ev-w1.00,1.000,20,8369,6507,2,0.027898,0.003322,299981,602,41473
xz,h32,h32/best-ev-w1.00,1.000,21,8255,6248,3,0.027518,0.004983,299981,602,41473
xz,h32,h32/best-ev-w1.00,1.000,22,8135,6172,2,0.027118,0.003322,299981,602,41473
xz,h32,h32/best-ev-w1.00,1.000,23,8022,6050,5,0.026742,0.008306,299981,602,41473
xz,h32,h32/best-ev-w1.00,1.000,24,7930,6017,5,0.026435,0.008306,299981,602,41473
xz,h32,h32/best-ev-w1.00,1.000,25,7817,5976,5,0.026058,0.008306,299981,602,41473
xz,h32,h32/best-ev-w1.00,1.000,26,7743,5970,7,0.025812,0.011628,299981,602,41473
xz,h32,h32/best-ev-w1.00,1.000,27,7634,5987,2,0.025448,0.003322,299981,602,41473
xz,h32,h32/best-ev-w1.00,1.000,28,7552,5823,7,0.025175,0.011628,299981,602,41473
xz,h32,h32/best-ev-w1.00,1.000,29,7466,5619,1,0.024888,0.001661,299981,602,41473
xz,h32,h32/best-ev-w1.00,1.000,30,7371,5517,3,0.024572,0.004983,299981,602,41473
xz,h32,h32/best-ev-w1.00,1.000,31,7294,5389,5,0.024315,0.008306,299981,602,41473
xz,h32,h32/best-ev-w1.00,1.000,32,7234,5342,6,0.024115,0.009967,299981,602,41473
xz,coarse,coarse/best-ev-w1.00,1.000,1,13969,11184,117,0.181437,0.224138,76991,522,41473
xz,coarse,coarse/best-ev-w1.00,1.000,2,13383,10899,48,0.173826,0.091954,76991,522,41473
xz,coarse,coarse/best-ev-w1.00,1.000,4,13117,10482,242,0.170371,0.463602,76991,522,41473
xz,coarse,coarse/best-ev-w1.00,1.000,8,12550,10129,96,0.163006,0.183908,76991,522,41473
xz,coarse,coarse/best-ev-w1.00,1.000,16,12154,9577,13,0.157863,0.024904,76991,522,41473
xz,coarse,coarse/best-ev-w1.00,1.000,32,11818,8718,6,0.153498,0.011494,76991,522,41473
xz,h32,h32/best-ev-w4.00,4.000,1,13755,10924,30,0.045855,0.050505,299965,594,41473
xz,h32,h32/best-ev-w4.00,4.000,2,13210,10718,124,0.044038,0.208754,299965,594,41473
xz,h32,h32/best-ev-w4.00,4.000,3,12546,9644,2,0.041825,0.003367,299965,594,41473
xz,h32,h32/best-ev-w4.00,4.000,4,12287,9807,243,0.040961,0.409091,299965,594,41473
xz,h32,h32/best-ev-w4.00,4.000,5,11623,9042,1,0.038748,0.001684,299965,594,41473
xz,h32,h32/best-ev-w4.00,4.000,6,11333,8962,79,0.037781,0.132997,299965,594,41473
xz,h32,h32/best-ev-w4.00,4.000,7,10917,8559,1,0.036394,0.001684,299965,594,41473
xz,h32,h32/best-ev-w4.00,4.000,8,10616,8393,1,0.035391,0.001684,299965,594,41473
xz,h32,h32/best-ev-w4.00,4.000,9,10358,8252,7,0.034531,0.011785,299965,594,41473
xz,h32,h32/best-ev-w4.00,4.000,10,10102,7984,8,0.033677,0.013468,299965,594,41473
xz,h32,h32/best-ev-w4.00,4.000,11,9878,7716,6,0.032931,0.010101,299965,594,41473
xz,h32,h32/best-ev-w4.00,4.000,12,9679,7474,10,0.032267,0.016835,299965,594,41473
xz,h32,h32/best-ev-w4.00,4.000,13,9486,7200,17,0.031624,0.028620,299965,594,41473
xz,h32,h32/best-ev-w4.00,4.000,14,9295,7168,8,0.030987,0.013468,299965,594,41473
xz,h32,h32/best-ev-w4.00,4.000,15,9127,6979,2,0.030427,0.003367,299965,594,41473
xz,h32,h32/best-ev-w4.00,4.000,16,8966,6982,2,0.029890,0.003367,299965,594,41473
xz,h32,h32/best-ev-w4.00,4.000,17,8806,6818,2,0.029357,0.003367,299965,594,41473
xz,h32,h32/best-ev-w4.00,4.000,18,8638,6790,1,0.028797,0.001684,299965,594,41473
xz,h32,h32/best-ev-w4.00,4.000,19,8514,6601,3,0.028383,0.005051,299965,594,41473
xz,h32,h32/best-ev-w4.00,4.000,20,8374,6509,2,0.027917,0.003367,299965,594,41473
xz,h32,h32/best-ev-w4.00,4.000,21,8259,6251,4,0.027533,0.006734,299965,594,41473
xz,h32,h32/best-ev-w4.00,4.000,22,8151,6182,10,0.027173,0.016835,299965,594,41473
xz,h32,h32/best-ev-w4.00,4.000,23,8026,6053,2,0.026756,0.003367,299965,594,41473
xz,h32,h32/best-ev-w4.00,4.000,24,7933,6023,5,0.026446,0.008418,299965,594,41473
xz,h32,h32/best-ev-w4.00,4.000,25,7817,5976,5,0.026060,0.008418,299965,594,41473
xz,h32,h32/best-ev-w4.00,4.000,26,7739,5969,6,0.025800,0.010101,299965,594,41473
xz,h32,h32/best-ev-w4.00,4.000,27,7633,5986,1,0.025446,0.001684,299965,594,41473
xz,h32,h32/best-ev-w4.00,4.000,28,7546,5819,5,0.025156,0.008418,299965,594,41473
xz,h32,h32/best-ev-w4.00,4.000,29,7466,5620,1,0.024890,0.001684,299965,594,41473
xz,h32,h32/best-ev-w4.00,4.000,30,7369,5519,3,0.024566,0.005051,299965,594,41473
xz,h32,h32/best-ev-w4.00,4.000,31,7291,5387,1,0.024306,0.001684,299965,594,41473
xz,h32,h32/best-ev-w4.00,4.000,32,7225,5338,2,0.024086,0.003367,299965,594,41473
xz,coarse,coarse/best-ev-w4.00,4.000,1,13969,11184,117,0.181526,0.233533,76953,501,41473
xz,coarse,coarse/best-ev-w4.00,4.000,2,13361,10878,34,0.173625,0.067864,76953,501,41473
xz,coarse,coarse/best-ev-w4.00,4.000,4,13117,10482,242,0.170455,0.483034,76953,501,41473
xz,coarse,coarse/best-ev-w4.00,4.000,8,12550,10129,96,0.163087,0.191617,76953,501,41473
xz,coarse,coarse/best-ev-w4.00,4.000,16,12145,9568,7,0.157824,0.013972,76953,501,41473
xz,coarse,coarse/best-ev-w4.00,4.000,32,11811,8711,5,0.153483,0.009980,76953,501,41473
xz,h32,h32/best-ev-w16.00,16.000,1,13755,10924,30,0.045855,0.050505,299965,594,41473
xz,h32,h32/best-ev-w16.00,16.000,2,13210,10718,124,0.044038,0.208754,299965,594,41473
xz,h32,h32/best-ev-w16.00,16.000,3,12546,9644,2,0.041825,0.003367,299965,594,41473
xz,h32,h32/best-ev-w16.00,16.000,4,12287,9807,243,0.040961,0.409091,299965,594,41473
xz,h32,h32/best-ev-w16.00,16.000,5,11623,9042,1,0.038748,0.001684,299965,594,41473
xz,h32,h32/best-ev-w16.00,16.000,6,11333,8962,79,0.037781,0.132997,299965,594,41473
xz,h32,h32/best-ev-w16.00,16.000,7,10916,8558,1,0.036391,0.001684,299965,594,41473
xz,h32,h32/best-ev-w16.00,16.000,8,10616,8393,1,0.035391,0.001684,299965,594,41473
xz,h32,h32/best-ev-w16.00,16.000,9,10358,8252,7,0.034531,0.011785,299965,594,41473
xz,h32,h32/best-ev-w16.00,16.000,10,10101,7984,8,0.033674,0.013468,299965,594,41473
xz,h32,h32/best-ev-w16.00,16.000,11,9878,7716,6,0.032931,0.010101,299965,594,41473
xz,h32,h32/best-ev-w16.00,16.000,12,9679,7474,10,0.032267,0.016835,299965,594,41473
xz,h32,h32/best-ev-w16.00,16.000,13,9486,7200,17,0.031624,0.028620,299965,594,41473
xz,h32,h32/best-ev-w16.00,16.000,14,9295,7168,8,0.030987,0.013468,299965,594,41473
xz,h32,h32/best-ev-w16.00,16.000,15,9127,6979,2,0.030427,0.003367,299965,594,41473
xz,h32,h32/best-ev-w16.00,16.000,16,8966,6982,2,0.029890,0.003367,299965,594,41473
xz,h32,h32/best-ev-w16.00,16.000,17,8807,6819,3,0.029360,0.005051,299965,594,41473
xz,h32,h32/best-ev-w16.00,16.000,18,8639,6791,1,0.028800,0.001684,299965,594,41473
xz,h32,h32/best-ev-w16.00,16.000,19,8514,6601,3,0.028383,0.005051,299965,594,41473
xz,h32,h32/best-ev-w16.00,16.000,20,8374,6509,2,0.027917,0.003367,299965,594,41473
xz,h32,h32/best-ev-w16.00,16.000,21,8259,6251,4,0.027533,0.006734,299965,594,41473
xz,h32,h32/best-ev-w16.00,16.000,22,8150,6181,9,0.027170,0.015152,299965,594,41473
xz,h32,h32/best-ev-w16.00,16.000,23,8027,6054,2,0.026760,0.003367,299965,594,41473
xz,h32,h32/best-ev-w16.00,16.000,24,7933,6023,5,0.026446,0.008418,299965,594,41473
xz,h32,h32/best-ev-w16.00,16.000,25,7817,5976,5,0.026060,0.008418,299965,594,41473
xz,h32,h32/best-ev-w16.00,16.000,26,7739,5969,6,0.025800,0.010101,299965,594,41473
xz,h32,h32/best-ev-w16.00,16.000,27,7633,5986,1,0.025446,0.001684,299965,594,41473
xz,h32,h32/best-ev-w16.00,16.000,28,7546,5819,5,0.025156,0.008418,299965,594,41473
xz,h32,h32/best-ev-w16.00,16.000,29,7466,5620,1,0.024890,0.001684,299965,594,41473
xz,h32,h32/best-ev-w16.00,16.000,30,7369,5519,3,0.024566,0.005051,299965,594,41473
xz,h32,h32/best-ev-w16.00,16.000,31,7291,5387,1,0.024306,0.001684,299965,594,41473
xz,h32,h32/best-ev-w16.00,16.000,32,7225,5338,2,0.024086,0.003367,299965,594,41473
xz,coarse,coarse/best-ev-w16.00,16.000,1,13969,11184,117,0.181526,0.233533,76953,501,41473
xz,coarse,coarse/best-ev-w16.00,16.000,2,13361,10878,34,0.173625,0.067864,76953,501,41473
xz,coarse,coarse/best-ev-w16.00,16.000,4,13117,10482,242,0.170455,0.483034,76953,501,41473
xz,coarse,coarse/best-ev-w16.00,16.000,8,12550,10129,96,0.163087,0.191617,76953,501,41473
xz,coarse,coarse/best-ev-w16.00,16.000,16,12145,9568,7,0.157824,0.013972,76953,501,41473
xz,coarse,coarse/best-ev-w16.00,16.000,32,11811,8711,5,0.153483,0.009980,76953,501,41473
xz,h32,h32/best-ev-w64.00,64.000,1,13755,10924,30,0.045855,0.050505,299965,594,41473
xz,h32,h32/best-ev-w64.00,64.000,2,13210,10718,124,0.044038,0.208754,299965,594,41473
xz,h32,h32/best-ev-w64.00,64.000,3,12546,9644,2,0.041825,0.003367,299965,594,41473
xz,h32,h32/best-ev-w64.00,64.000,4,12161,9682,118,0.040541,0.198653,299965,594,41473
xz,h32,h32/best-ev-w64.00,64.000,5,11749,9167,126,0.039168,0.212121,299965,594,41473
xz,h32,h32/best-ev-w64.00,64.000,6,11333,8962,79,0.037781,0.132997,299965,594,41473
xz,h32,h32/best-ev-w64.00,64.000,7,10916,8558,1,0.036391,0.001684,299965,594,41473
xz,h32,h32/best-ev-w64.00,64.000,8,10616,8393,1,0.035391,0.001684,299965,594,41473
xz,h32,h32/best-ev-w64.00,64.000,9,10358,8252,7,0.034531,0.011785,299965,594,41473
xz,h32,h32/best-ev-w64.00,64.000,10,10101,7984,8,0.033674,0.013468,299965,594,41473
xz,h32,h32/best-ev-w64.00,64.000,11,9878,7716,6,0.032931,0.010101,299965,594,41473
xz,h32,h32/best-ev-w64.00,64.000,12,9679,7474,10,0.032267,0.016835,299965,594,41473
xz,h32,h32/best-ev-w64.00,64.000,13,9486,7200,17,0.031624,0.028620,299965,594,41473
xz,h32,h32/best-ev-w64.00,64.000,14,9295,7168,8,0.030987,0.013468,299965,594,41473
xz,h32,h32/best-ev-w64.00,64.000,15,9127,6979,2,0.030427,0.003367,299965,594,41473
xz,h32,h32/best-ev-w64.00,64.000,16,8966,6982,2,0.029890,0.003367,299965,594,41473
xz,h32,h32/best-ev-w64.00,64.000,17,8807,6819,3,0.029360,0.005051,299965,594,41473
xz,h32,h32/best-ev-w64.00,64.000,18,8639,6791,1,0.028800,0.001684,299965,594,41473
xz,h32,h32/best-ev-w64.00,64.000,19,8514,6601,3,0.028383,0.005051,299965,594,41473
xz,h32,h32/best-ev-w64.00,64.000,20,8374,6509,2,0.027917,0.003367,299965,594,41473
xz,h32,h32/best-ev-w64.00,64.000,21,8259,6251,4,0.027533,0.006734,299965,594,41473
xz,h32,h32/best-ev-w64.00,64.000,22,8150,6181,9,0.027170,0.015152,299965,594,41473
xz,h32,h32/best-ev-w64.00,64.000,23,8027,6054,2,0.026760,0.003367,299965,594,41473
xz,h32,h32/best-ev-w64.00,64.000,24,7933,6023,5,0.026446,0.008418,299965,594,41473
xz,h32,h32/best-ev-w64.00,64.000,25,7817,5976,5,0.026060,0.008418,299965,594,41473
xz,h32,h32/best-ev-w64.00,64.000,26,7739,5969,6,0.025800,0.010101,299965,594,41473
xz,h32,h32/best-ev-w64.00,64.000,27,7633,5986,1,0.025446,0.001684,299965,594,41473
xz,h32,h32/best-ev-w64.00,64.000,28,7546,5819,5,0.025156,0.008418,299965,594,41473
xz,h32,h32/best-ev-w64.00,64.000,29,7466,5620,1,0.024890,0.001684,299965,594,41473
xz,h32,h32/best-ev-w64.00,64.000,30,7369,5519,3,0.024566,0.005051,299965,594,41473
xz,h32,h32/best-ev-w64.00,64.000,31,7291,5387,1,0.024306,0.001684,299965,594,41473
xz,h32,h32/best-ev-w64.00,64.000,32,7225,5338,2,0.024086,0.003367,299965,594,41473
xz,coarse,coarse/best-ev-w64.00,64.000,1,13969,11184,117,0.181524,0.233533,76954,501,41473
xz,coarse,coarse/best-ev-w64.00,64.000,2,13362,10879,35,0.173636,0.069860,76954,501,41473
xz,coarse,coarse/best-ev-w64.00,64.000,4,12991,10357,117,0.168815,0.233533,76954,501,41473
xz,coarse,coarse/best-ev-w64.00,64.000,8,12676,10253,220,0.164722,0.439122,76954,501,41473
xz,coarse,coarse/best-ev-w64.00,64.000,16,12145,9568,7,0.157822,0.013972,76954,501,41473
xz,coarse,coarse/best-ev-w64.00,64.000,32,11811,8711,5,0.153481,0.009980,76954,501,41473
xz,h32,h32/best-ev-w256.00,256.000,1,13755,10924,30,0.045855,0.050505,299965,594,41473
xz,h32,h32/best-ev-w256.00,256.000,2,13210,10718,124,0.044038,0.208754,299965,594,41473
xz,h32,h32/best-ev-w256.00,256.000,3,12546,9644,2,0.041825,0.003367,299965,594,41473
xz,h32,h32/best-ev-w256.00,256.000,4,12161,9682,118,0.040541,0.198653,299965,594,41473
xz,h32,h32/best-ev-w256.00,256.000,5,11749,9167,126,0.039168,0.212121,299965,594,41473
xz,h32,h32/best-ev-w256.00,256.000,6,11333,8962,79,0.037781,0.132997,299965,594,41473
xz,h32,h32/best-ev-w256.00,256.000,7,10916,8558,1,0.036391,0.001684,299965,594,41473
xz,h32,h32/best-ev-w256.00,256.000,8,10616,8393,1,0.035391,0.001684,299965,594,41473
xz,h32,h32/best-ev-w256.00,256.000,9,10358,8252,7,0.034531,0.011785,299965,594,41473
xz,h32,h32/best-ev-w256.00,256.000,10,10101,7984,8,0.033674,0.013468,299965,594,41473
xz,h32,h32/best-ev-w256.00,256.000,11,9878,7716,6,0.032931,0.010101,299965,594,41473
xz,h32,h32/best-ev-w256.00,256.000,12,9679,7474,10,0.032267,0.016835,299965,594,41473
xz,h32,h32/best-ev-w256.00,256.000,13,9486,7200,17,0.031624,0.028620,299965,594,41473
xz,h32,h32/best-ev-w256.00,256.000,14,9295,7168,8,0.030987,0.013468,299965,594,41473
xz,h32,h32/best-ev-w256.00,256.000,15,9127,6979,2,0.030427,0.003367,299965,594,41473
xz,h32,h32/best-ev-w256.00,256.000,16,8966,6982,2,0.029890,0.003367,299965,594,41473
xz,h32,h32/best-ev-w256.00,256.000,17,8807,6819,3,0.029360,0.005051,299965,594,41473
xz,h32,h32/best-ev-w256.00,256.000,18,8639,6791,1,0.028800,0.001684,299965,594,41473
xz,h32,h32/best-ev-w256.00,256.000,19,8514,6601,3,0.028383,0.005051,299965,594,41473
xz,h32,h32/best-ev-w256.00,256.000,20,8374,6509,2,0.027917,0.003367,299965,594,41473
xz,h32,h32/best-ev-w256.00,256.000,21,8259,6251,4,0.027533,0.006734,299965,594,41473
xz,h32,h32/best-ev-w256.00,256.000,22,8150,6181,9,0.027170,0.015152,299965,594,41473
xz,h32,h32/best-ev-w256.00,256.000,23,8027,6054,2,0.026760,0.003367,299965,594,41473
xz,h32,h32/best-ev-w256.00,256.000,24,7933,6023,5,0.026446,0.008418,299965,594,41473
xz,h32,h32/best-ev-w256.00,256.000,25,7817,5976,5,0.026060,0.008418,299965,594,41473
xz,h32,h32/best-ev-w256.00,256.000,26,7739,5969,6,0.025800,0.010101,299965,594,41473
xz,h32,h32/best-ev-w256.00,256.000,27,7633,5986,1,0.025446,0.001684,299965,594,41473
xz,h32,h32/best-ev-w256.00,256.000,28,7546,5819,5,0.025156,0.008418,299965,594,41473
xz,h32,h32/best-ev-w256.00,256.000,29,7466,5620,1,0.024890,0.001684,299965,594,41473
xz,h32,h32/best-ev-w256.00,256.000,30,7369,5519,3,0.024566,0.005051,299965,594,41473
xz,h32,h32/best-ev-w256.00,256.000,31,7291,5387,1,0.024306,0.001684,299965,594,41473
xz,h32,h32/best-ev-w256.00,256.000,32,7225,5338,2,0.024086,0.003367,299965,594,41473
xz,coarse,coarse/best-ev-w256.00,256.000,1,13969,11184,117,0.181524,0.233533,76954,501,41473
xz,coarse,coarse/best-ev-w256.00,256.000,2,13362,10879,35,0.173636,0.069860,76954,501,41473
xz,coarse,coarse/best-ev-w256.00,256.000,4,12991,10357,117,0.168815,0.233533,76954,501,41473
xz,coarse,coarse/best-ev-w256.00,256.000,8,12676,10253,220,0.164722,0.439122,76954,501,41473
xz,coarse,coarse/best-ev-w256.00,256.000,16,12145,9568,7,0.157822,0.013972,76954,501,41473
xz,coarse,coarse/best-ev-w256.00,256.000,32,11811,8711,5,0.153481,0.009980,76954,501,41473
awkhash,coarse,coarse/conditional-w0.05,0.050,1,16298,11348,310,0.225809,0.295802,72176,1048,56090
awkhash,coarse,coarse/conditional-w0.05,0.050,2,15372,9868,245,0.212979,0.233779,72176,1048,56090
awkhash,coarse,coarse/conditional-w0.05,0.050,4,10877,6295,225,0.150701,0.214695,72176,1048,56090
awkhash,coarse,coarse/conditional-w0.05,0.050,8,10180,6003,96,0.141044,0.091603,72176,1048,56090
awkhash,coarse,coarse/conditional-w0.05,0.050,16,9953,5793,162,0.137899,0.154580,72176,1048,56090
awkhash,coarse,coarse/conditional-w0.05,0.050,32,9496,6015,10,0.131567,0.009542,72176,1048,56090
awkhash,h32,h32/conditional-w0.05,0.050,1,6929,4722,275,0.094978,0.186694,72954,1473,56090
awkhash,h32,h32/conditional-w0.05,0.050,2,6216,3930,190,0.085204,0.128988,72954,1473,56090
awkhash,h32,h32/conditional-w0.05,0.050,3,5852,3445,110,0.080215,0.074678,72954,1473,56090
awkhash,h32,h32/conditional-w0.05,0.050,4,5732,3276,151,0.078570,0.102512,72954,1473,56090
awkhash,h32,h32/conditional-w0.05,0.050,5,5367,3031,66,0.073567,0.044807,72954,1473,56090
awkhash,h32,h32/conditional-w0.05,0.050,6,5114,2982,31,0.070099,0.021045,72954,1473,56090
awkhash,h32,h32/conditional-w0.05,0.050,7,4983,3017,53,0.068303,0.035981,72954,1473,56090
awkhash,h32,h32/conditional-w0.05,0.050,8,4814,2809,24,0.065987,0.016293,72954,1473,56090
awkhash,h32,h32/conditional-w0.05,0.050,9,4695,2779,24,0.064356,0.016293,72954,1473,56090
awkhash,h32,h32/conditional-w0.05,0.050,10,5576,3169,357,0.076432,0.242363,72954,1473,56090
awkhash,h32,h32/conditional-w0.05,0.050,11,4525,2631,50,0.062025,0.033944,72954,1473,56090
awkhash,h32,h32/conditional-w0.05,0.050,12,4318,2590,5,0.059188,0.003394,72954,1473,56090
awkhash,h32,h32/conditional-w0.05,0.050,13,4623,2801,136,0.063369,0.092329,72954,1473,56090
awkhash,h32,h32/conditional-w0.05,0.050,14,4069,2479,1,0.055775,0.000679,72954,1473,56090
awkhash,h32,h32/conditional-w0.05,0.050,15,42,3,0,0.000576,0.000000,72954,1473,56090
awkhash,h32,h32/conditional-w0.05,0.050,16,28,2,0,0.000384,0.000000,72954,1473,56090
awkhash,h32,h32/conditional-w0.05,0.050,17,19,0,0,0.000260,0.000000,72954,1473,56090
awkhash,h32,h32/conditional-w0.05,0.050,18,12,1,0,0.000164,0.000000,72954,1473,56090
awkhash,h32,h32/conditional-w0.05,0.050,19,11,0,0,0.000151,0.000000,72954,1473,56090
awkhash,h32,h32/conditional-w0.05,0.050,20,8,0,0,0.000110,0.000000,72954,1473,56090
awkhash,h32,h32/conditional-w0.05,0.050,21,7,0,0,0.000096,0.000000,72954,1473,56090
awkhash,h32,h32/conditional-w0.05,0.050,22,9,0,0,0.000123,0.000000,72954,1473,56090
awkhash,h32,h32/conditional-w0.05,0.050,23,4,0,0,0.000055,0.000000,72954,1473,56090
awkhash,h32,h32/conditional-w0.05,0.050,24,1,0,0,0.000014,0.000000,72954,1473,56090
awkhash,h32,h32/conditional-w0.05,0.050,25,0,0,0,0.000000,0.000000,72954,1473,56090
awkhash,h32,h32/conditional-w0.05,0.050,26,0,0,0,0.000000,0.000000,72954,1473,56090
awkhash,h32,h32/conditional-w0.05,0.050,27,0,0,0,0.000000,0.000000,72954,1473,56090
awkhash,h32,h32/conditional-w0.05,0.050,28,0,0,0,0.000000,0.000000,72954,1473,56090
awkhash,h32,h32/conditional-w0.05,0.050,29,0,0,0,0.000000,0.000000,72954,1473,56090
awkhash,h32,h32/conditional-w0.05,0.050,30,0,0,0,0.000000,0.000000,72954,1473,56090
awkhash,h32,h32/conditional-w0.05,0.050,31,0,0,0,0.000000,0.000000,72954,1473,56090
awkhash,h32,h32/conditional-w0.05,0.050,32,0,0,0,0.000000,0.000000,72954,1473,56090
awkhash,coarse,coarse/conditional-w0.25,0.250,1,6767,4649,281,0.275126,0.362581,24596,775,56090
awkhash,coarse,coarse/conditional-w0.25,0.250,2,6211,3978,186,0.252521,0.240000,24596,775,56090
awkhash,coarse,coarse/conditional-w0.25,0.250,4,5956,3521,169,0.242153,0.218065,24596,775,56090
awkhash,coarse,coarse/conditional-w0.25,0.250,8,5606,3332,122,0.227923,0.157419,24596,775,56090
awkhash,coarse,coarse/conditional-w0.25,0.250,16,56,21,17,0.002277,0.021935,24596,775,56090
awkhash,coarse,coarse/conditional-w0.25,0.250,32,0,0,0,0.000000,0.000000,24596,775,56090
awkhash,h32,h32/conditional-w0.25,0.250,1,6781,4661,288,0.275482,0.376471,24615,765,56090
awkhash,h32,h32/conditional-w0.25,0.250,2,6198,3967,179,0.251798,0.233987,24615,765,56090
awkhash,h32,h32/conditional-w0.25,0.250,3,5912,3555,140,0.240179,0.183007,24615,765,56090
awkhash,h32,h32/conditional-w0.25,0.250,4,5658,3357,146,0.229860,0.190850,24615,765,56090
awkhash,h32,h32/conditional-w0.25,0.250,5,59,16,10,0.002397,0.013072,24615,765,56090
awkhash,h32,h32/conditional-w0.25,0.250,6,6,3,2,0.000244,0.002614,24615,765,56090
awkhash,h32,h32/conditional-w0.25,0.250,7,1,0,0,0.000041,0.000000,24615,765,56090
awkhash,h32,h32/conditional-w0.25,0.250,8,0,0,0,0.000000,0.000000,24615,765,56090
awkhash,h32,h32/conditional-w0.25,0.250,9,0,0,0,0.000000,0.000000,24615,765,56090
awkhash,h32,h32/conditional-w0.25,0.250,10,0,0,0,0.000000,0.000000,24615,765,56090
awkhash,h32,h32/conditional-w0.25,0.250,11,0,0,0,0.000000,0.000000,24615,765,56090
awkhash,h32,h32/conditional-w0.25,0.250,12,0,0,0,0.000000,0.000000,24615,765,56090
awkhash,h32,h32/conditional-w0.25,0.250,13,0,0,0,0.000000,0.000000,24615,765,56090
awkhash,h32,h32/conditional-w0.25,0.250,14,0,0,0,0.000000,0.000000,24615,765,56090
awkhash,h32,h32/conditional-w0.25,0.250,15,0,0,0,0.000000,0.000000,24615,765,56090
awkhash,h32,h32/conditional-w0.25,0.250,16,0,0,0,0.000000,0.000000,24615,765,56090
awkhash,h32,h32/conditional-w0.25,0.250,17,0,0,0,0.000000,0.000000,24615,765,56090
awkhash,h32,h32/conditional-w0.25,0.250,18,0,0,0,0.000000,0.000000,24615,765,56090
awkhash,h32,h32/conditional-w0.25,0.250,19,0,0,0,0.000000,0.000000,24615,765,56090
awkhash,h32,h32/conditional-w0.25,0.250,20,0,0,0,0.000000,0.000000,24615,765,56090
awkhash,h32,h32/conditional-w0.25,0.250,21,0,0,0,0.000000,0.000000,24615,765,56090
awkhash,h32,h32/conditional-w0.25,0.250,22,0,0,0,0.000000,0.000000,24615,765,56090
awkhash,h32,h32/conditional-w0.25,0.250,23,0,0,0,0.000000,0.000000,24615,765,56090
awkhash,h32,h32/conditional-w0.25,0.250,24,0,0,0,0.000000,0.000000,24615,765,56090
awkhash,h32,h32/conditional-w0.25,0.250,25,0,0,0,0.000000,0.000000,24615,765,56090
awkhash,h32,h32/conditional-w0.25,0.250,26,0,0,0,0.000000,0.000000,24615,765,56090
awkhash,h32,h32/conditional-w0.25,0.250,27,0,0,0,0.000000,0.000000,24615,765,56090
awkhash,h32,h32/conditional-w0.25,0.250,28,0,0,0,0.000000,0.000000,24615,765,56090
awkhash,h32,h32/conditional-w0.25,0.250,29,0,0,0,0.000000,0.000000,24615,765,56090
awkhash,h32,h32/conditional-w0.25,0.250,30,0,0,0,0.000000,0.000000,24615,765,56090
awkhash,h32,h32/conditional-w0.25,0.250,31,0,0,0,0.000000,0.000000,24615,765,56090
awkhash,h32,h32/conditional-w0.25,0.250,32,0,0,0,0.000000,0.000000,24615,765,56090
awkhash,coarse,coarse/conditional-w1.00,1.000,1,6574,4541,190,0.986791,0.794979,6662,239,56090
awkhash,coarse,coarse/conditional-w1.00,1.000,2,80,58,46,0.012008,0.192469,6662,239,56090
awkhash,coarse,coarse/conditional-w1.00,1.000,4,7,7,3,0.001051,0.012552,6662,239,56090
awkhash,coarse,coarse/conditional-w1.00,1.000,8,1,1,0,0.000150,0.000000,6662,239,56090
awkhash,coarse,coarse/conditional-w1.00,1.000,16,0,0,0,0.000000,0.000000,6662,239,56090
awkhash,coarse,coarse/conditional-w1.00,1.000,32,0,0,0,0.000000,0.000000,6662,239,56090
awkhash,h32,h32/conditional-w1.00,1.000,1,6573,4540,190,0.985310,0.766129,6671,248,56090
awkhash,h32,h32/conditional-w1.00,1.000,2,80,58,46,0.011992,0.185484,6671,248,56090
awkhash,h32,h32/conditional-w1.00,1.000,3,8,8,4,0.001199,0.016129,6671,248,56090
awkhash,h32,h32/conditional-w1.00,1.000,4,10,10,8,0.001499,0.032258,6671,248,56090
awkhash,h32,h32/conditional-w1.00,1.000,5,0,0,0,0.000000,0.000000,6671,248,56090
awkhash,h32,h32/conditional-w1.00,1.000,6,0,0,0,0.000000,0.000000,6671,248,56090
awkhash,h32,h32/conditional-w1.00,1.000,7,0,0,0,0.000000,0.000000,6671,248,56090
awkhash,h32,h32/conditional-w1.00,1.000,8,0,0,0,0.000000,0.000000,6671,248,56090
awkhash,h32,h32/conditional-w1.00,1.000,9,0,0,0,0.000000,0.000000,6671,248,56090
awkhash,h32,h32/conditional-w1.00,1.000,10,0,0,0,0.000000,0.000000,6671,248,56090
awkhash,h32,h32/conditional-w1.00,1.000,11,0,0,0,0.000000,0.000000,6671,248,56090
awkhash,h32,h32/conditional-w1.00,1.000,12,0,0,0,0.000000,0.000000,6671,248,56090
awkhash,h32,h32/conditional-w1.00,1.000,13,0,0,0,0.000000,0.000000,6671,248,56090
awkhash,h32,h32/conditional-w1.00,1.000,14,0,0,0,0.000000,0.000000,6671,248,56090
awkhash,h32,h32/conditional-w1.00,1.000,15,0,0,0,0.000000,0.000000,6671,248,56090
awkhash,h32,h32/conditional-w1.00,1.000,16,0,0,0,0.000000,0.000000,6671,248,56090
awkhash,h32,h32/conditional-w1.00,1.000,17,0,0,0,0.000000,0.000000,6671,248,56090
awkhash,h32,h32/conditional-w1.00,1.000,18,0,0,0,0.000000,0.000000,6671,248,56090
awkhash,h32,h32/conditional-w1.00,1.000,19,0,0,0,0.000000,0.000000,6671,248,56090
awkhash,h32,h32/conditional-w1.00,1.000,20,0,0,0,0.000000,0.000000,6671,248,56090
awkhash,h32,h32/conditional-w1.00,1.000,21,0,0,0,0.000000,0.000000,6671,248,56090
awkhash,h32,h32/conditional-w1.00,1.000,22,0,0,0,0.000000,0.000000,6671,248,56090
awkhash,h32,h32/conditional-w1.00,1.000,23,0,0,0,0.000000,0.000000,6671,248,56090
awkhash,h32,h32/conditional-w1.00,1.000,24,0,0,0,0.000000,0.000000,6671,248,56090
awkhash,h32,h32/conditional-w1.00,1.000,25,0,0,0,0.000000,0.000000,6671,248,56090
awkhash,h32,h32/conditional-w1.00,1.000,26,0,0,0,0.000000,0.000000,6671,248,56090
awkhash,h32,h32/conditional-w1.00,1.000,27,0,0,0,0.000000,0.000000,6671,248,56090
awkhash,h32,h32/conditional-w1.00,1.000,28,0,0,0,0.000000,0.000000,6671,248,56090
awkhash,h32,h32/conditional-w1.00,1.000,29,0,0,0,0.000000,0.000000,6671,248,56090
awkhash,h32,h32/conditional-w1.00,1.000,30,0,0,0,0.000000,0.000000,6671,248,56090
awkhash,h32,h32/conditional-w1.00,1.000,31,0,0,0,0.000000,0.000000,6671,248,56090
awkhash,h32,h32/conditional-w1.00,1.000,32,0,0,0,0.000000,0.000000,6671,248,56090
awkhash,coarse,coarse/conditional-w4.00,4.000,1,6527,4509,165,0.997250,0.916667,6545,180,56090
awkhash,coarse,coarse/conditional-w4.00,4.000,2,18,17,15,0.002750,0.083333,6545,180,56090
awkhash,coarse,coarse/conditional-w4.00,4.000,4,0,0,0,0.000000,0.000000,6545,180,56090
awkhash,coarse,coarse/conditional-w4.00,4.000,8,0,0,0,0.000000,0.000000,6545,180,56090
awkhash,coarse,coarse/conditional-w4.00,4.000,16,0,0,0,0.000000,0.000000,6545,180,56090
awkhash,coarse,coarse/conditional-w4.00,4.000,32,0,0,0,0.000000,0.000000,6545,180,56090
awkhash,h32,h32/conditional-w4.00,4.000,1,6528,4510,165,0.997250,0.916667,6546,180,56090
awkhash,h32,h32/conditional-w4.00,4.000,2,18,17,15,0.002750,0.083333,6546,180,56090
awkhash,h32,h32/conditional-w4.00,4.000,3,0,0,0,0.000000,0.000000,6546,180,56090
awkhash,h32,h32/conditional-w4.00,4.000,4,0,0,0,0.000000,0.000000,6546,180,56090
awkhash,h32,h32/conditional-w4.00,4.000,5,0,0,0,0.000000,0.000000,6546,180,56090
awkhash,h32,h32/conditional-w4.00,4.000,6,0,0,0,0.000000,0.000000,6546,180,56090
awkhash,h32,h32/conditional-w4.00,4.000,7,0,0,0,0.000000,0.000000,6546,180,56090
awkhash,h32,h32/conditional-w4.00,4.000,8,0,0,0,0.000000,0.000000,6546,180,56090
awkhash,h32,h32/conditional-w4.00,4.000,9,0,0,0,0.000000,0.000000,6546,180,56090
awkhash,h32,h32/conditional-w4.00,4.000,10,0,0,0,0.000000,0.000000,6546,180,56090
awkhash,h32,h32/conditional-w4.00,4.000,11,0,0,0,0.000000,0.000000,6546,180,56090
awkhash,h32,h32/conditional-w4.00,4.000,12,0,0,0,0.000000,0.000000,6546,180,56090
awkhash,h32,h32/conditional-w4.00,4.000,13,0,0,0,0.000000,0.000000,6546,180,56090
awkhash,h32,h32/conditional-w4.00,4.000,14,0,0,0,0.000000,0.000000,6546,180,56090
awkhash,h32,h32/conditional-w4.00,4.000,15,0,0,0,0.000000,0.000000,6546,180,56090
awkhash,h32,h32/conditional-w4.00,4.000,16,0,0,0,0.000000,0.000000,6546,180,56090
awkhash,h32,h32/conditional-w4.00,4.000,17,0,0,0,0.000000,0.000000,6546,180,56090
awkhash,h32,h32/conditional-w4.00,4.000,18,0,0,0,0.000000,0.000000,6546,180,56090
awkhash,h32,h32/conditional-w4.00,4.000,19,0,0,0,0.000000,0.000000,6546,180,56090
awkhash,h32,h32/conditional-w4.00,4.000,20,0,0,0,0.000000,0.000000,6546,180,56090
awkhash,h32,h32/conditional-w4.00,4.000,21,0,0,0,0.000000,0.000000,6546,180,56090
awkhash,h32,h32/conditional-w4.00,4.000,22,0,0,0,0.000000,0.000000,6546,180,56090
awkhash,h32,h32/conditional-w4.00,4.000,23,0,0,0,0.000000,0.000000,6546,180,56090
awkhash,h32,h32/conditional-w4.00,4.000,24,0,0,0,0.000000,0.000000,6546,180,56090
awkhash,h32,h32/conditional-w4.00,4.000,25,0,0,0,0.000000,0.000000,6546,180,56090
awkhash,h32,h32/conditional-w4.00,4.000,26,0,0,0,0.000000,0.000000,6546,180,56090
awkhash,h32,h32/conditional-w4.00,4.000,27,0,0,0,0.000000,0.000000,6546,180,56090
awkhash,h32,h32/conditional-w4.00,4.000,28,0,0,0,0.000000,0.000000,6546,180,56090
awkhash,h32,h32/conditional-w4.00,4.000,29,0,0,0,0.000000,0.000000,6546,180,56090
awkhash,h32,h32/conditional-w4.00,4.000,30,0,0,0,0.000000,0.000000,6546,180,56090
awkhash,h32,h32/conditional-w4.00,4.000,31,0,0,0,0.000000,0.000000,6546,180,56090
awkhash,h32,h32/conditional-w4.00,4.000,32,0,0,0,0.000000,0.000000,6546,180,56090
gcc,coarse,coarse/conditional-w0.05,0.050,1,49809,40293,1182,0.222319,0.107543,224043,10991,33055
gcc,coarse,coarse/conditional-w0.05,0.050,2,50658,40132,5018,0.226108,0.456555,224043,10991,33055
gcc,coarse,coarse/conditional-w0.05,0.050,4,34488,25710,2082,0.153935,0.189428,224043,10991,33055
gcc,coarse,coarse/conditional-w0.05,0.050,8,30570,21729,348,0.136447,0.031662,224043,10991,33055
gcc,coarse,coarse/conditional-w0.05,0.050,16,30238,21528,1544,0.134965,0.140479,224043,10991,33055
gcc,coarse,coarse/conditional-w0.05,0.050,32,28280,19031,817,0.126226,0.074334,224043,10991,33055
gcc,h32,h32/conditional-w0.05,0.050,1,24094,19365,1127,0.109559,0.104604,219919,10774,33055
gcc,h32,h32/conditional-w0.05,0.050,2,25467,20367,4719,0.115802,0.437999,219919,10774,33055
gcc,h32,h32/conditional-w0.05,0.050,3,20689,15759,2073,0.094076,0.192408,219919,10774,33055
gcc,h32,h32/conditional-w0.05,0.050,4,17328,12674,260,0.078793,0.024132,219919,10774,33055
gcc,h32,h32/conditional-w0.05,0.050,5,16797,12171,353,0.076378,0.032764,219919,10774,33055
gcc,h32,h32/conditional-w0.05,0.050,6,15240,10874,96,0.069298,0.008910,219919,10774,33055
gcc,h32,h32/conditional-w0.05,0.050,7,14236,9953,39,0.064733,0.003620,219919,10774,33055
gcc,h32,h32/conditional-w0.05,0.050,8,15245,11191,1630,0.069321,0.151290,219919,10774,33055
gcc,h32,h32/conditional-w0.05,0.050,9,12933,9171,32,0.058808,0.002970,219919,10774,33055
gcc,h32,h32/conditional-w0.05,0.050,10,12616,8848,113,0.057367,0.010488,219919,10774,33055
gcc,h32,h32/conditional-w0.05,0.050,11,11854,8372,70,0.053902,0.006497,219919,10774,33055
gcc,h32,h32/conditional-w0.05,0.050,12,11417,8070,44,0.051915,0.004084,219919,10774,33055
gcc,h32,h32/conditional-w0.05,0.050,13,11039,7804,149,0.050196,0.013830,219919,10774,33055
gcc,h32,h32/conditional-w0.05,0.050,14,10415,7314,54,0.047358,0.005012,219919,10774,33055
gcc,h32,h32/conditional-w0.05,0.050,15,116,74,2,0.000527,0.000186,219919,10774,33055
gcc,h32,h32/conditional-w0.05,0.050,16,114,65,5,0.000518,0.000464,219919,10774,33055
gcc,h32,h32/conditional-w0.05,0.050,17,106,74,7,0.000482,0.000650,219919,10774,33055
gcc,h32,h32/conditional-w0.05,0.050,18,64,43,0,0.000291,0.000000,219919,10774,33055
gcc,h32,h32/conditional-w0.05,0.050,19,56,39,1,0.000255,0.000093,219919,10774,33055
gcc,h32,h32/conditional-w0.05,0.050,20,33,21,0,0.000150,0.000000,219919,10774,33055
gcc,h32,h32/conditional-w0.05,0.050,21,20,11,0,0.000091,0.000000,219919,10774,33055
gcc,h32,h32/conditional-w0.05,0.050,22,15,10,0,0.000068,0.000000,219919,10774,33055
gcc,h32,h32/conditional-w0.05,0.050,23,10,7,0,0.000045,0.000000,219919,10774,33055
gcc,h32,h32/conditional-w0.05,0.050,24,6,3,0,0.000027,0.000000,219919,10774,33055
gcc,h32,h32/conditional-w0.05,0.050,25,5,4,0,0.000023,0.000000,219919,10774,33055
gcc,h32,h32/conditional-w0.05,0.050,26,3,3,0,0.000014,0.000000,219919,10774,33055
gcc,h32,h32/conditional-w0.05,0.050,27,1,1,0,0.000005,0.000000,219919,10774,33055
gcc,h32,h32/conditional-w0.05,0.050,28,0,0,0,0.000000,0.000000,219919,10774,33055
gcc,h32,h32/conditional-w0.05,0.050,29,0,0,0,0.000000,0.000000,219919,10774,33055
gcc,h32,h32/conditional-w0.05,0.050,30,0,0,0,0.000000,0.000000,219919,10774,33055
gcc,h32,h32/conditional-w0.05,0.050,31,0,0,0,0.000000,0.000000,219919,10774,33055
gcc,h32,h32/conditional-w0.05,0.050,32,0,0,0,0.000000,0.000000,219919,10774,33055
gcc,coarse,coarse/conditional-w0.25,0.250,1,23738,19217,937,0.265978,0.101264,89248,9253,33055
gcc,coarse,coarse/conditional-w0.25,0.250,2,25547,20590,4755,0.286247,0.513887,89248,9253,33055
gcc,coarse,coarse/conditional-w0.25,0.250,4,20682,15754,1801,0.231736,0.194640,89248,9253,33055
gcc,coarse,coarse/conditional-w0.25,0.250,8,19153,14324,1756,0.214604,0.189776,89248,9253,33055
gcc,coarse,coarse/conditional-w0.25,0.250,16,107,68,2,0.001199,0.000216,89248,9253,33055
gcc,coarse,coarse/conditional-w0.25,0.250,32,21,15,2,0.000235,0.000216,89248,9253,33055
gcc,h32,h32/conditional-w0.25,0.250,1,23806,19276,944,0.262893,0.095133,90554,9923,33055
gcc,h32,h32/conditional-w0.25,0.250,2,25452,20507,4634,0.281070,0.466996,90554,9923,33055
gcc,h32,h32/conditional-w0.25,0.250,3,21490,16679,2215,0.237317,0.223219,90554,9923,33055
gcc,h32,h32/conditional-w0.25,0.250,4,19577,15135,2084,0.216191,0.210017,90554,9923,33055
gcc,h32,h32/conditional-w0.25,0.250,5,206,156,46,0.002275,0.004636,90554,9923,33055
gcc,h32,h32/conditional-w0.25,0.250,6,15,8,0,0.000166,0.000000,90554,9923,33055
gcc,h32,h32/conditional-w0.25,0.250,7,5,1,0,0.000055,0.000000,90554,9923,33055
gcc,h32,h32/conditional-w0.25,0.250,8,2,1,0,0.000022,0.000000,90554,9923,33055
gcc,h32,h32/conditional-w0.25,0.250,9,1,0,0,0.000011,0.000000,90554,9923,33055
gcc,h32,h32/conditional-w0.25,0.250,10,0,0,0,0.000000,0.000000,90554,9923,33055
gcc,h32,h32/conditional-w0.25,0.250,11,0,0,0,0.000000,0.000000,90554,9923,33055
gcc,h32,h32/conditional-w0.25,0.250,12,0,0,0,0.000000,0.000000,90554,9923,33055
gcc,h32,h32/conditional-w0.25,0.250,13,0,0,0,0.000000,0.000000,90554,9923,33055
gcc,h32,h32/conditional-w0.25,0.250,14,0,0,0,0.000000,0.000000,90554,9923,33055
gcc,h32,h32/conditional-w0.25,0.250,15,0,0,0,0.000000,0.000000,90554,9923,33055
gcc,h32,h32/conditional-w0.25,0.250,16,0,0,0,0.000000,0.000000,90554,9923,33055
gcc,h32,h32/conditional-w0.25,0.250,17,0,0,0,0.000000,0.000000,90554,9923,33055
gcc,h32,h32/conditional-w0.25,0.250,18,0,0,0,0.000000,0.000000,90554,9923,33055
gcc,h32,h32/conditional-w0.25,0.250,19,0,0,0,0.000000,0.000000,90554,9923,33055
gcc,h32,h32/conditional-w0.25,0.250,20,0,0,0,0.000000,0.000000,90554,9923,33055
gcc,h32,h32/conditional-w0.25,0.250,21,0,0,0,0.000000,0.000000,90554,9923,33055
gcc,h32,h32/conditional-w0.25,0.250,22,0,0,0,0.000000,0.000000,90554,9923,33055
gcc,h32,h32/conditional-w0.25,0.250,23,0,0,0,0.000000,0.000000,90554,9923,33055
gcc,h32,h32/conditional-w0.25,0.250,24,0,0,0,0.000000,0.000000,90554,9923,33055
gcc,h32,h32/conditional-w0.25,0.250,25,0,0,0,0.000000,0.000000,90554,9923,33055
gcc,h32,h32/conditional-w0.25,0.250,26,0,0,0,0.000000,0.000000,90554,9923,33055
gcc,h32,h32/conditional-w0.25,0.250,27,0,0,0,0.000000,0.000000,90554,9923,33055
gcc,h32,h32/conditional-w0.25,0.250,28,0,0,0,0.000000,0.000000,90554,9923,33055
gcc,h32,h32/conditional-w0.25,0.250,29,0,0,0,0.000000,0.000000,90554,9923,33055
gcc,h32,h32/conditional-w0.25,0.250,30,0,0,0,0.000000,0.000000,90554,9923,33055
gcc,h32,h32/conditional-w0.25,0.250,31,0,0,0,0.000000,0.000000,90554,9923,33055
gcc,h32,h32/conditional-w0.25,0.250,32,0,0,0,0.000000,0.000000,90554,9923,33055
gcc,coarse,coarse/conditional-w1.00,1.000,1,26353,21854,3712,0.906942,0.605843,29057,6127,33055
gcc,coarse,coarse/conditional-w1.00,1.000,2,2700,2473,2414,0.092921,0.393994,29057,6127,33055
gcc,coarse,coarse/conditional-w1.00,1.000,4,3,2,1,0.000103,0.000163,29057,6127,33055
gcc,coarse,coarse/conditional-w1.00,1.000,8,1,1,0,0.000034,0.000000,29057,6127,33055
gcc,coarse,coarse/conditional-w1.00,1.000,16,0,0,0,0.000000,0.000000,29057,6127,33055
gcc,coarse,coarse/conditional-w1.00,1.000,32,0,0,0,0.000000,0.000000,29057,6127,33055
gcc,h32,h32/conditional-w1.00,1.000,1,26414,21898,3714,0.906327,0.605972,29144,6129,33055
gcc,h32,h32/conditional-w1.00,1.000,2,2725,2494,2414,0.093501,0.393865,29144,6129,33055
gcc,h32,h32/conditional-w1.00,1.000,3,4,4,1,0.000137,0.000163,29144,6129,33055
gcc,h32,h32/conditional-w1.00,1.000,4,1,1,0,0.000034,0.000000,29144,6129,33055
gcc,h32,h32/conditional-w1.00,1.000,5,0,0,0,0.000000,0.000000,29144,6129,33055
gcc,h32,h32/conditional-w1.00,1.000,6,0,0,0,0.000000,0.000000,29144,6129,33055
gcc,h32,h32/conditional-w1.00,1.000,7,0,0,0,0.000000,0.000000,29144,6129,33055
gcc,h32,h32/conditional-w1.00,1.000,8,0,0,0,0.000000,0.000000,29144,6129,33055
gcc,h32,h32/conditional-w1.00,1.000,9,0,0,0,0.000000,0.000000,29144,6129,33055
gcc,h32,h32/conditional-w1.00,1.000,10,0,0,0,0.000000,0.000000,29144,6129,33055
gcc,h32,h32/conditional-w1.00,1.000,11,0,0,0,0.000000,0.000000,29144,6129,33055
gcc,h32,h32/conditional-w1.00,1.000,12,0,0,0,0.000000,0.000000,29144,6129,33055
gcc,h32,h32/conditional-w1.00,1.000,13,0,0,0,0.000000,0.000000,29144,6129,33055
gcc,h32,h32/conditional-w1.00,1.000,14,0,0,0,0.000000,0.000000,29144,6129,33055
gcc,h32,h32/conditional-w1.00,1.000,15,0,0,0,0.000000,0.000000,29144,6129,33055
gcc,h32,h32/conditional-w1.00,1.000,16,0,0,0,0.000000,0.000000,29144,6129,33055
gcc,h32,h32/conditional-w1.00,1.000,17,0,0,0,0.000000,0.000000,29144,6129,33055
gcc,h32,h32/conditional-w1.00,1.000,18,0,0,0,0.000000,0.000000,29144,6129,33055
gcc,h32,h32/conditional-w1.00,1.000,19,0,0,0,0.000000,0.000000,29144,6129,33055
gcc,h32,h32/conditional-w1.00,1.000,20,0,0,0,0.000000,0.000000,29144,6129,33055
gcc,h32,h32/conditional-w1.00,1.000,21,0,0,0,0.000000,0.000000,29144,6129,33055
gcc,h32,h32/conditional-w1.00,1.000,22,0,0,0,0.000000,0.000000,29144,6129,33055
gcc,h32,h32/conditional-w1.00,1.000,23,0,0,0,0.000000,0.000000,29144,6129,33055
gcc,h32,h32/conditional-w1.00,1.000,24,0,0,0,0.000000,0.000000,29144,6129,33055
gcc,h32,h32/conditional-w1.00,1.000,25,0,0,0,0.000000,0.000000,29144,6129,33055
gcc,h32,h32/conditional-w1.00,1.000,26,0,0,0,0.000000,0.000000,29144,6129,33055
gcc,h32,h32/conditional-w1.00,1.000,27,0,0,0,0.000000,0.000000,29144,6129,33055
gcc,h32,h32/conditional-w1.00,1.000,28,0,0,0,0.000000,0.000000,29144,6129,33055
gcc,h32,h32/conditional-w1.00,1.000,29,0,0,0,0.000000,0.000000,29144,6129,33055
gcc,h32,h32/conditional-w1.00,1.000,30,0,0,0,0.000000,0.000000,29144,6129,33055
gcc,h32,h32/conditional-w1.00,1.000,31,0,0,0,0.000000,0.000000,29144,6129,33055
gcc,h32,h32/conditional-w1.00,1.000,32,0,0,0,0.000000,0.000000,29144,6129,33055
gcc,coarse,coarse/conditional-w4.00,4.000,1,26731,22265,4209,0.999514,0.998103,26744,4217,33055
gcc,coarse,coarse/conditional-w4.00,4.000,2,13,11,8,0.000486,0.001897,26744,4217,33055
gcc,coarse,coarse/conditional-w4.00,4.000,4,0,0,0,0.000000,0.000000,26744,4217,33055
gcc,coarse,coarse/conditional-w4.00,4.000,8,0,0,0,0.000000,0.000000,26744,4217,33055
gcc,coarse,coarse/conditional-w4.00,4.000,16,0,0,0,0.000000,0.000000,26744,4217,33055
gcc,coarse,coarse/conditional-w4.00,4.000,32,0,0,0,0.000000,0.000000,26744,4217,33055
gcc,h32,h32/conditional-w4.00,4.000,1,26792,22309,4211,0.998509,0.998104,26832,4219,33055
gcc,h32,h32/conditional-w4.00,4.000,2,39,33,8,0.001453,0.001896,26832,4219,33055
gcc,h32,h32/conditional-w4.00,4.000,3,1,1,0,0.000037,0.000000,26832,4219,33055
gcc,h32,h32/conditional-w4.00,4.000,4,0,0,0,0.000000,0.000000,26832,4219,33055
gcc,h32,h32/conditional-w4.00,4.000,5,0,0,0,0.000000,0.000000,26832,4219,33055
gcc,h32,h32/conditional-w4.00,4.000,6,0,0,0,0.000000,0.000000,26832,4219,33055
gcc,h32,h32/conditional-w4.00,4.000,7,0,0,0,0.000000,0.000000,26832,4219,33055
gcc,h32,h32/conditional-w4.00,4.000,8,0,0,0,0.000000,0.000000,26832,4219,33055
gcc,h32,h32/conditional-w4.00,4.000,9,0,0,0,0.000000,0.000000,26832,4219,33055
gcc,h32,h32/conditional-w4.00,4.000,10,0,0,0,0.000000,0.000000,26832,4219,33055
gcc,h32,h32/conditional-w4.00,4.000,11,0,0,0,0.000000,0.000000,26832,4219,33055
gcc,h32,h32/conditional-w4.00,4.000,12,0,0,0,0.000000,0.000000,26832,4219,33055
gcc,h32,h32/conditional-w4.00,4.000,13,0,0,0,0.000000,0.000000,26832,4219,33055
gcc,h32,h32/conditional-w4.00,4.000,14,0,0,0,0.000000,0.000000,26832,4219,33055
gcc,h32,h32/conditional-w4.00,4.000,15,0,0,0,0.000000,0.000000,26832,4219,33055
gcc,h32,h32/conditional-w4.00,4.000,16,0,0,0,0.000000,0.000000,26832,4219,33055
gcc,h32,h32/conditional-w4.00,4.000,17,0,0,0,0.000000,0.000000,26832,4219,33055
gcc,h32,h32/conditional-w4.00,4.000,18,0,0,0,0.000000,0.000000,26832,4219,33055
gcc,h32,h32/conditional-w4.00,4.000,19,0,0,0,0.000000,0.000000,26832,4219,33055
gcc,h32,h32/conditional-w4.00,4.000,20,0,0,0,0.000000,0.000000,26832,4219,33055
gcc,h32,h32/conditional-w4.00,4.000,21,0,0,0,0.000000,0.000000,26832,4219,33055
gcc,h32,h32/conditional-w4.00,4.000,22,0,0,0,0.000000,0.000000,26832,4219,33055
gcc,h32,h32/conditional-w4.00,4.000,23,0,0,0,0.000000,0.000000,26832,4219,33055
gcc,h32,h32/conditional-w4.00,4.000,24,0,0,0,0.000000,0.000000,26832,4219,33055
gcc,h32,h32/conditional-w4.00,4.000,25,0,0,0,0.000000,0.000000,26832,4219,33055
gcc,h32,h32/conditional-w4.00,4.000,26,0,0,0,0.000000,0.000000,26832,4219,33055
gcc,h32,h32/conditional-w4.00,4.000,27,0,0,0,0.000000,0.000000,26832,4219,33055
gcc,h32,h32/conditional-w4.00,4.000,28,0,0,0,0.000000,0.000000,26832,4219,33055
gcc,h32,h32/conditional-w4.00,4.000,29,0,0,0,0.000000,0.000000,26832,4219,33055
gcc,h32,h32/conditional-w4.00,4.000,30,0,0,0,0.000000,0.000000,26832,4219,33055
gcc,h32,h32/conditional-w4.00,4.000,31,0,0,0,0.000000,0.000000,26832,4219,33055
gcc,h32,h32/conditional-w4.00,4.000,32,0,0,0,0.000000,0.000000,26832,4219,33055
python,coarse,coarse/conditional-w0.05,0.050,1,131706,86668,4345,0.231167,0.152392,569745,28512,107021
python,coarse,coarse/conditional-w0.05,0.050,2,118004,69737,4478,0.207117,0.157057,569745,28512,107021
python,coarse,coarse/conditional-w0.05,0.050,4,88489,48059,3383,0.155313,0.118652,569745,28512,107021
python,coarse,coarse/conditional-w0.05,0.050,8,81993,42598,5432,0.143912,0.190516,569745,28512,107021
python,coarse,coarse/conditional-w0.05,0.050,16,76160,38474,5247,0.133674,0.184028,569745,28512,107021
python,coarse,coarse/conditional-w0.05,0.050,32,73393,33802,5627,0.128817,0.197355,569745,28512,107021
python,h32,h32/conditional-w0.05,0.050,1,68099,45718,3768,0.123165,0.142641,552910,26416,107021
python,h32,h32/conditional-w0.05,0.050,2,61375,36822,4170,0.111004,0.157859,552910,26416,107021
python,h32,h32/conditional-w0.05,0.050,3,54144,29951,1959,0.097926,0.074160,552910,26416,107021
python,h32,h32/conditional-w0.05,0.050,4,51809,28991,4044,0.093702,0.153089,552910,26416,107021
python,h32,h32/conditional-w0.05,0.050,5,45616,23766,2025,0.082502,0.076658,552910,26416,107021
python,h32,h32/conditional-w0.05,0.050,6,44633,23957,4206,0.080724,0.159222,552910,26416,107021
python,h32,h32/conditional-w0.05,0.050,7,39718,20510,3072,0.071834,0.116293,552910,26416,107021
python,h32,h32/conditional-w0.05,0.050,8,32872,15848,448,0.059453,0.016959,552910,26416,107021
python,h32,h32/conditional-w0.05,0.050,9,30137,14432,409,0.054506,0.015483,552910,26416,107021
python,h32,h32/conditional-w0.05,0.050,10,28313,13852,655,0.051207,0.024796,552910,26416,107021
python,h32,h32/conditional-w0.05,0.050,11,25682,12166,293,0.046449,0.011092,552910,26416,107021
python,h32,h32/conditional-w0.05,0.050,12,24469,11577,500,0.044255,0.018928,552910,26416,107021
python,h32,h32/conditional-w0.05,0.050,13,22590,10833,400,0.040857,0.015142,552910,26416,107021
python,h32,h32/conditional-w0.05,0.050,14,20801,9689,320,0.037621,0.012114,552910,26416,107021
python,h32,h32/conditional-w0.05,0.050,15,1143,555,49,0.002067,0.001855,552910,26416,107021
python,h32,h32/conditional-w0.05,0.050,16,461,231,14,0.000834,0.000530,552910,26416,107021
python,h32,h32/conditional-w0.05,0.050,17,356,209,39,0.000644,0.001476,552910,26416,107021
python,h32,h32/conditional-w0.05,0.050,18,205,103,15,0.000371,0.000568,552910,26416,107021
python,h32,h32/conditional-w0.05,0.050,19,149,74,3,0.000269,0.000114,552910,26416,107021
python,h32,h32/conditional-w0.05,0.050,20,103,42,1,0.000186,0.000038,552910,26416,107021
python,h32,h32/conditional-w0.05,0.050,21,75,26,5,0.000136,0.000189,552910,26416,107021
python,h32,h32/conditional-w0.05,0.050,22,36,19,0,0.000065,0.000000,552910,26416,107021
python,h32,h32/conditional-w0.05,0.050,23,23,10,0,0.000042,0.000000,552910,26416,107021
python,h32,h32/conditional-w0.05,0.050,24,17,8,0,0.000031,0.000000,552910,26416,107021
python,h32,h32/conditional-w0.05,0.050,25,16,7,0,0.000029,0.000000,552910,26416,107021
python,h32,h32/conditional-w0.05,0.050,26,13,4,0,0.000024,0.000000,552910,26416,107021
python,h32,h32/conditional-w0.05,0.050,27,8,3,0,0.000014,0.000000,552910,26416,107021
python,h32,h32/conditional-w0.05,0.050,28,8,2,0,0.000014,0.000000,552910,26416,107021
python,h32,h32/conditional-w0.05,0.050,29,5,5,0,0.000009,0.000000,552910,26416,107021
python,h32,h32/conditional-w0.05,0.050,30,6,0,0,0.000011,0.000000,552910,26416,107021
python,h32,h32/conditional-w0.05,0.050,31,24,23,21,0.000043,0.000795,552910,26416,107021
python,h32,h32/conditional-w0.05,0.050,32,4,2,0,0.000007,0.000000,552910,26416,107021
python,coarse,coarse/conditional-w0.25,0.250,1,70671,46715,3301,0.287789,0.201649,245565,16370,107021
python,coarse,coarse/conditional-w0.25,0.250,2,64623,39284,4634,0.263160,0.283079,245565,16370,107021
python,coarse,coarse/conditional-w0.25,0.250,4,56891,31946,2964,0.231674,0.181063,245565,16370,107021
python,coarse,coarse/conditional-w0.25,0.250,8,52662,28911,5377,0.214452,0.328467,245565,16370,107021
python,coarse,coarse/conditional-w0.25,0.250,16,615,332,84,0.002504,0.005131,245565,16370,107021
python,coarse,coarse/conditional-w0.25,0.250,32,103,59,10,0.000419,0.000611,245565,16370,107021
python,h32,h32/conditional-w0.25,0.250,1,65180,43634,3363,0.267709,0.220135,243473,15277,107021
python,h32,h32/conditional-w0.25,0.250,2,61668,37764,4574,0.253285,0.299404,243473,15277,107021
python,h32,h32/conditional-w0.25,0.250,3,53492,30462,1568,0.219704,0.102638,243473,15277,107021
python,h32,h32/conditional-w0.25,0.250,4,51203,30202,4769,0.210303,0.312169,243473,15277,107021
python,h32,h32/conditional-w0.25,0.250,5,6865,3565,735,0.028196,0.048112,243473,15277,107021
python,h32,h32/conditional-w0.25,0.250,6,2309,1037,118,0.009484,0.007724,243473,15277,107021
python,h32,h32/conditional-w0.25,0.250,7,1060,459,40,0.004354,0.002618,243473,15277,107021
python,h32,h32/conditional-w0.25,0.250,8,595,254,17,0.002444,0.001113,243473,15277,107021
python,h32,h32/conditional-w0.25,0.250,9,355,189,55,0.001458,0.003600,243473,15277,107021
python,h32,h32/conditional-w0.25,0.250,10,194,84,4,0.000797,0.000262,243473,15277,107021
python,h32,h32/conditional-w0.25,0.250,11,133,56,2,0.000546,0.000131,243473,15277,107021
python,h32,h32/conditional-w0.25,0.250,12,111,54,2,0.000456,0.000131,243473,15277,107021
python,h32,h32/conditional-w0.25,0.250,13,64,28,2,0.000263,0.000131,243473,15277,107021
python,h32,h32/conditional-w0.25,0.250,14,47,18,0,0.000193,0.000000,243473,15277,107021
python,h32,h32/conditional-w0.25,0.250,15,19,7,0,0.000078,0.000000,243473,15277,107021
python,h32,h32/conditional-w0.25,0.250,16,31,12,0,0.000127,0.000000,243473,15277,107021
python,h32,h32/conditional-w0.25,0.250,17,20,11,1,0.000082,0.000065,243473,15277,107021
python,h32,h32/conditional-w0.25,0.250,18,21,9,6,0.000086,0.000393,243473,15277,107021
python,h32,h32/conditional-w0.25,0.250,19,17,8,0,0.000070,0.000000,243473,15277,107021
python,h32,h32/conditional-w0.25,0.250,20,13,5,0,0.000053,0.000000,243473,15277,107021
python,h32,h32/conditional-w0.25,0.250,21,9,3,0,0.000037,0.000000,243473,15277,107021
python,h32,h32/conditional-w0.25,0.250,22,8,6,0,0.000033,0.000000,243473,15277,107021
python,h32,h32/conditional-w0.25,0.250,23,4,1,0,0.000016,0.000000,243473,15277,107021
python,h32,h32/conditional-w0.25,0.250,24,5,2,0,0.000021,0.000000,243473,15277,107021
python,h32,h32/conditional-w0.25,0.250,25,6,1,0,0.000025,0.000000,243473,15277,107021
python,h32,h32/conditional-w0.25,0.250,26,6,1,0,0.000025,0.000000,243473,15277,107021
python,h32,h32/conditional-w0.25,0.250,27,2,1,0,0.000008,0.000000,243473,15277,107021
python,h32,h32/conditional-w0.25,0.250,28,4,1,0,0.000016,0.000000,243473,15277,107021
python,h32,h32/conditional-w0.25,0.250,29,2,2,0,0.000008,0.000000,243473,15277,107021
python,h32,h32/conditional-w0.25,0.250,30,4,0,0,0.000016,0.000000,243473,15277,107021
python,h32,h32/conditional-w0.25,0.250,31,23,22,21,0.000094,0.001375,243473,15277,107021
python,h32,h32/conditional-w0.25,0.250,32,3,1,0,0.000012,0.000000,243473,15277,107021
python,coarse,coarse/conditional-w1.00,1.000,1,70828,47203,4027,0.981500,0.832713,72163,4836,107021
python,coarse,coarse/conditional-w1.00,1.000,2,1203,945,740,0.016671,0.153019,72163,4836,107021
python,coarse,coarse/conditional-w1.00,1.000,4,130,86,69,0.001801,0.014268,72163,4836,107021
python,coarse,coarse/conditional-w1.00,1.000,8,2,1,0,0.000028,0.000000,72163,4836,107021
python,coarse,coarse/conditional-w1.00,1.000,16,0,0,0,0.000000,0.000000,72163,4836,107021
python,coarse,coarse/conditional-w1.00,1.000,32,0,0,0,0.000000,0.000000,72163,4836,107021
python,h32,h32/conditional-w1.00,1.000,1,62596,42103,3733,0.870780,0.811169,71885,4602,107021
python,h32,h32/conditional-w1.00,1.000,2,5631,3322,699,0.078333,0.151890,71885,4602,107021
python,h32,h32/conditional-w1.00,1.000,3,1585,817,75,0.022049,0.016297,71885,4602,107021
python,h32,h32/conditional-w1.00,1.000,4,748,369,33,0.010406,0.007171,71885,4602,107021
python,h32,h32/conditional-w1.00,1.000,5,374,183,8,0.005203,0.001738,71885,4602,107021
python,h32,h32/conditional-w1.00,1.000,6,247,111,7,0.003436,0.001521,71885,4602,107021
python,h32,h32/conditional-w1.00,1.000,7,162,72,11,0.002254,0.002390,71885,4602,107021
python,h32,h32/conditional-w1.00,1.000,8,119,46,2,0.001655,0.000435,71885,4602,107021
python,h32,h32/conditional-w1.00,1.000,9,64,34,3,0.000890,0.000652,71885,4602,107021
python,h32,h32/conditional-w1.00,1.000,10,57,36,1,0.000793,0.000217,71885,4602,107021
python,h32,h32/conditional-w1.00,1.000,11,45,19,2,0.000626,0.000435,71885,4602,107021
python,h32,h32/conditional-w1.00,1.000,12,49,27,0,0.000682,0.000000,71885,4602,107021
python,h32,h32/conditional-w1.00,1.000,13,24,8,0,0.000334,0.000000,71885,4602,107021
python,h32,h32/conditional-w1.00,1.000,14,27,15,0,0.000376,0.000000,71885,4602,107021
python,h32,h32/conditional-w1.00,1.000,15,11,5,0,0.000153,0.000000,71885,4602,107021
python,h32,h32/conditional-w1.00,1.000,16,16,5,0,0.000223,0.000000,71885,4602,107021
python,h32,h32/conditional-w1.00,1.000,17,17,11,1,0.000236,0.000217,71885,4602,107021
python,h32,h32/conditional-w1.00,1.000,18,19,9,6,0.000264,0.001304,71885,4602,107021
python,h32,h32/conditional-w1.00,1.000,19,15,8,0,0.000209,0.000000,71885,4602,107021
python,h32,h32/conditional-w1.00,1.000,20,10,4,0,0.000139,0.000000,71885,4602,107021
python,h32,h32/conditional-w1.00,1.000,21,7,1,0,0.000097,0.000000,71885,4602,107021
python,h32,h32/conditional-w1.00,1.000,22,7,5,0,0.000097,0.000000,71885,4602,107021
python,h32,h32/conditional-w1.00,1.000,23,3,1,0,0.000042,0.000000,71885,4602,107021
python,h32,h32/conditional-w1.00,1.000,24,4,1,0,0.000056,0.000000,71885,4602,107021
python,h32,h32/conditional-w1.00,1.000,25,5,0,0,0.000070,0.000000,71885,4602,107021
python,h32,h32/conditional-w1.00,1.000,26,4,1,0,0.000056,0.000000,71885,4602,107021
python,h32,h32/conditional-w1.00,1.000,27,2,1,0,0.000028,0.000000,71885,4602,107021
python,h32,h32/conditional-w1.00,1.000,28,4,1,0,0.000056,0.000000,71885,4602,107021
python,h32,h32/conditional-w1.00,1.000,29,3,2,0,0.000042,0.000000,71885,4602,107021
python,h32,h32/conditional-w1.00,1.000,30,4,0,0,0.000056,0.000000,71885,4602,107021
python,h32,h32/conditional-w1.00,1.000,31,23,22,21,0.000320,0.004563,71885,4602,107021
python,h32,h32/conditional-w1.00,1.000,32,3,1,0,0.000042,0.000000,71885,4602,107021
python,coarse,coarse/conditional-w4.00,4.000,1,69821,46316,3389,0.999585,0.998233,69850,3395,107021
python,coarse,coarse/conditional-w4.00,4.000,2,29,15,6,0.000415,0.001767,69850,3395,107021
python,coarse,coarse/conditional-w4.00,4.000,4,0,0,0,0.000000,0.000000,69850,3395,107021
python,coarse,coarse/conditional-w4.00,4.000,8,0,0,0,0.000000,0.000000,69850,3395,107021
python,coarse,coarse/conditional-w4.00,4.000,16,0,0,0,0.000000,0.000000,69850,3395,107021
python,coarse,coarse/conditional-w4.00,4.000,32,0,0,0,0.000000,0.000000,69850,3395,107021
python,h32,h32/conditional-w4.00,4.000,1,61586,41219,3102,0.882258,0.909677,69805,3410,107021
python,h32,h32/conditional-w4.00,4.000,2,4695,2627,172,0.067259,0.050440,69805,3410,107021
python,h32,h32/conditional-w4.00,4.000,3,1489,761,56,0.021331,0.016422,69805,3410,107021
python,h32,h32/conditional-w4.00,4.000,4,719,350,19,0.010300,0.005572,69805,3410,107021
python,h32,h32/conditional-w4.00,4.000,5,369,181,7,0.005286,0.002053,69805,3410,107021
python,h32,h32/conditional-w4.00,4.000,6,244,110,7,0.003495,0.002053,69805,3410,107021
python,h32,h32/conditional-w4.00,4.000,7,161,72,11,0.002306,0.003226,69805,3410,107021
python,h32,h32/conditional-w4.00,4.000,8,119,46,2,0.001705,0.000587,69805,3410,107021
python,h32,h32/conditional-w4.00,4.000,9,64,34,3,0.000917,0.000880,69805,3410,107021
python,h32,h32/conditional-w4.00,4.000,10,57,36,1,0.000817,0.000293,69805,3410,107021
python,h32,h32/conditional-w4.00,4.000,11,45,19,2,0.000645,0.000587,69805,3410,107021
python,h32,h32/conditional-w4.00,4.000,12,49,27,0,0.000702,0.000000,69805,3410,107021
python,h32,h32/conditional-w4.00,4.000,13,24,8,0,0.000344,0.000000,69805,3410,107021
python,h32,h32/conditional-w4.00,4.000,14,27,15,0,0.000387,0.000000,69805,3410,107021
python,h32,h32/conditional-w4.00,4.000,15,11,5,0,0.000158,0.000000,69805,3410,107021
python,h32,h32/conditional-w4.00,4.000,16,16,5,0,0.000229,0.000000,69805,3410,107021
python,h32,h32/conditional-w4.00,4.000,17,17,11,1,0.000244,0.000293,69805,3410,107021
python,h32,h32/conditional-w4.00,4.000,18,19,9,6,0.000272,0.001760,69805,3410,107021
python,h32,h32/conditional-w4.00,4.000,19,15,8,0,0.000215,0.000000,69805,3410,107021
python,h32,h32/conditional-w4.00,4.000,20,10,4,0,0.000143,0.000000,69805,3410,107021
python,h32,h32/conditional-w4.00,4.000,21,7,1,0,0.000100,0.000000,69805,3410,107021
python,h32,h32/conditional-w4.00,4.000,22,7,5,0,0.000100,0.000000,69805,3410,107021
python,h32,h32/conditional-w4.00,4.000,23,3,1,0,0.000043,0.000000,69805,3410,107021
python,h32,h32/conditional-w4.00,4.000,24,4,1,0,0.000057,0.000000,69805,3410,107021
python,h32,h32/conditional-w4.00,4.000,25,5,0,0,0.000072,0.000000,69805,3410,107021
python,h32,h32/conditional-w4.00,4.000,26,4,1,0,0.000057,0.000000,69805,3410,107021
python,h32,h32/conditional-w4.00,4.000,27,2,1,0,0.000029,0.000000,69805,3410,107021
python,h32,h32/conditional-w4.00,4.000,28,4,1,0,0.000057,0.000000,69805,3410,107021
python,h32,h32/conditional-w4.00,4.000,29,3,2,0,0.000043,0.000000,69805,3410,107021
python,h32,h32/conditional-w4.00,4.000,30,4,0,0,0.000057,0.000000,69805,3410,107021
python,h32,h32/conditional-w4.00,4.000,31,23,22,21,0.000329,0.006158,69805,3410,107021
python,h32,h32/conditional-w4.00,4.000,32,3,1,0,0.000043,0.000000,69805,3410,107021
sort,coarse,coarse/conditional-w0.05,0.050,1,613,232,73,0.233257,0.483444,2628,151,29667
sort,coarse,coarse/conditional-w0.05,0.050,2,498,389,0,0.189498,0.000000,2628,151,29667
sort,coarse,coarse/conditional-w0.05,0.050,4,341,252,0,0.129756,0.000000,2628,151,29667
sort,coarse,coarse/conditional-w0.05,0.050,8,340,238,0,0.129376,0.000000,2628,151,29667
sort,coarse,coarse/conditional-w0.05,0.050,16,337,207,0,0.128234,0.000000,2628,151,29667
sort,coarse,coarse/conditional-w0.05,0.050,32,499,279,78,0.189878,0.516556,2628,151,29667
sort,h32,h32/conditional-w0.05,0.050,1,175,54,0,0.004742,0.000000,36906,17277,29667
sort,h32,h32/conditional-w0.05,0.050,2,176,138,0,0.004769,0.000000,36906,17277,29667
sort,h32,h32/conditional-w0.05,0.050,3,173,46,0,0.004688,0.000000,36906,17277,29667
sort,h32,h32/conditional-w0.05,0.050,4,172,127,0,0.004660,0.000000,36906,17277,29667
sort,h32,h32/conditional-w0.05,0.050,5,173,51,0,0.004688,0.000000,36906,17277,29667
sort,h32,h32/conditional-w0.05,0.050,6,175,123,0,0.004742,0.000000,36906,17277,29667
sort,h32,h32/conditional-w0.05,0.050,7,172,41,0,0.004660,0.000000,36906,17277,29667
sort,h32,h32/conditional-w0.05,0.050,8,172,119,0,0.004660,0.000000,36906,17277,29667
sort,h32,h32/conditional-w0.05,0.050,9,34721,34602,17277,0.940796,1.000000,36906,17277,29667
sort,h32,h32/conditional-w0.05,0.050,10,164,116,0,0.004444,0.000000,36906,17277,29667
sort,h32,h32/conditional-w0.05,0.050,11,163,53,0,0.004417,0.000000,36906,17277,29667
sort,h32,h32/conditional-w0.05,0.050,12,161,103,0,0.004362,0.000000,36906,17277,29667
sort,h32,h32/conditional-w0.05,0.050,13,156,63,0,0.004227,0.000000,36906,17277,29667
sort,h32,h32/conditional-w0.05,0.050,14,153,102,0,0.004146,0.000000,36906,17277,29667
sort,h32,h32/conditional-w0.05,0.050,15,0,0,0,0.000000,0.000000,36906,17277,29667
sort,h32,h32/conditional-w0.05,0.050,16,0,0,0,0.000000,0.000000,36906,17277,29667
sort,h32,h32/conditional-w0.05,0.050,17,0,0,0,0.000000,0.000000,36906,17277,29667
sort,h32,h32/conditional-w0.05,0.050,18,0,0,0,0.000000,0.000000,36906,17277,29667
sort,h32,h32/conditional-w0.05,0.050,19,0,0,0,0.000000,0.000000,36906,17277,29667
sort,h32,h32/conditional-w0.05,0.050,20,0,0,0,0.000000,0.000000,36906,17277,29667
sort,h32,h32/conditional-w0.05,0.050,21,0,0,0,0.000000,0.000000,36906,17277,29667
sort,h32,h32/conditional-w0.05,0.050,22,0,0,0,0.000000,0.000000,36906,17277,29667
sort,h32,h32/conditional-w0.05,0.050,23,0,0,0,0.000000,0.000000,36906,17277,29667
sort,h32,h32/conditional-w0.05,0.050,24,0,0,0,0.000000,0.000000,36906,17277,29667
sort,h32,h32/conditional-w0.05,0.050,25,0,0,0,0.000000,0.000000,36906,17277,29667
sort,h32,h32/conditional-w0.05,0.050,26,0,0,0,0.000000,0.000000,36906,17277,29667
sort,h32,h32/conditional-w0.05,0.050,27,0,0,0,0.000000,0.000000,36906,17277,29667
sort,h32,h32/conditional-w0.05,0.050,28,0,0,0,0.000000,0.000000,36906,17277,29667
sort,h32,h32/conditional-w0.05,0.050,29,0,0,0,0.000000,0.000000,36906,17277,29667
sort,h32,h32/conditional-w0.05,0.050,30,0,0,0,0.000000,0.000000,36906,17277,29667
sort,h32,h32/conditional-w0.05,0.050,31,0,0,0,0.000000,0.000000,36906,17277,29667
sort,h32,h32/conditional-w0.05,0.050,32,0,0,0,0.000000,0.000000,36906,17277,29667
sort,coarse,coarse/conditional-w0.25,0.250,1,175,55,0,0.256223,0.000000,683,0,29667
sort,coarse,coarse/conditional-w0.25,0.250,2,177,139,0,0.259151,0.000000,683,0,29667
sort,coarse,coarse/conditional-w0.25,0.250,4,169,125,0,0.247438,0.000000,683,0,29667
sort,coarse,coarse/conditional-w0.25,0.250,8,162,113,0,0.237189,0.000000,683,0,29667
sort,coarse,coarse/conditional-w0.25,0.250,16,0,0,0,0.000000,0.000000,683,0,29667
sort,coarse,coarse/conditional-w0.25,0.250,32,0,0,0,0.000000,0.000000,683,0,29667
sort,h32,h32/conditional-w0.25,0.250,1,175,54,0,0.255474,0.000000,685,0,29667
sort,h32,h32/conditional-w0.25,0.250,2,176,138,0,0.256934,0.000000,685,0,29667
sort,h32,h32/conditional-w0.25,0.250,3,170,45,0,0.248175,0.000000,685,0,29667
sort,h32,h32/conditional-w0.25,0.250,4,164,120,0,0.239416,0.000000,685,0,29667
sort,h32,h32/conditional-w0.25,0.250,5,0,0,0,0.000000,0.000000,685,0,29667
sort,h32,h32/conditional-w0.25,0.250,6,0,0,0,0.000000,0.000000,685,0,29667
sort,h32,h32/conditional-w0.25,0.250,7,0,0,0,0.000000,0.000000,685,0,29667
sort,h32,h32/conditional-w0.25,0.250,8,0,0,0,0.000000,0.000000,685,0,29667
sort,h32,h32/conditional-w0.25,0.250,9,0,0,0,0.000000,0.000000,685,0,29667
sort,h32,h32/conditional-w0.25,0.250,10,0,0,0,0.000000,0.000000,685,0,29667
sort,h32,h32/conditional-w0.25,0.250,11,0,0,0,0.000000,0.000000,685,0,29667
sort,h32,h32/conditional-w0.25,0.250,12,0,0,0,0.000000,0.000000,685,0,29667
sort,h32,h32/conditional-w0.25,0.250,13,0,0,0,0.000000,0.000000,685,0,29667
sort,h32,h32/conditional-w0.25,0.250,14,0,0,0,0.000000,0.000000,685,0,29667
sort,h32,h32/conditional-w0.25,0.250,15,0,0,0,0.000000,0.000000,685,0,29667
sort,h32,h32/conditional-w0.25,0.250,16,0,0,0,0.000000,0.000000,685,0,29667
sort,h32,h32/conditional-w0.25,0.250,17,0,0,0,0.000000,0.000000,685,0,29667
sort,h32,h32/conditional-w0.25,0.250,18,0,0,0,0.000000,0.000000,685,0,29667
sort,h32,h32/conditional-w0.25,0.250,19,0,0,0,0.000000,0.000000,685,0,29667
sort,h32,h32/conditional-w0.25,0.250,20,0,0,0,0.000000,0.000000,685,0,29667
sort,h32,h32/conditional-w0.25,0.250,21,0,0,0,0.000000,0.000000,685,0,29667
sort,h32,h32/conditional-w0.25,0.250,22,0,0,0,0.000000,0.000000,685,0,29667
sort,h32,h32/conditional-w0.25,0.250,23,0,0,0,0.000000,0.000000,685,0,29667
sort,h32,h32/conditional-w0.25,0.250,24,0,0,0,0.000000,0.000000,685,0,29667
sort,h32,h32/conditional-w0.25,0.250,25,0,0,0,0.000000,0.000000,685,0,29667
sort,h32,h32/conditional-w0.25,0.250,26,0,0,0,0.000000,0.000000,685,0,29667
sort,h32,h32/conditional-w0.25,0.250,27,0,0,0,0.000000,0.000000,685,0,29667
sort,h32,h32/conditional-w0.25,0.250,28,0,0,0,0.000000,0.000000,685,0,29667
sort,h32,h32/conditional-w0.25,0.250,29,0,0,0,0.000000,0.000000,685,0,29667
sort,h32,h32/conditional-w0.25,0.250,30,0,0,0,0.000000,0.000000,685,0,29667
sort,h32,h32/conditional-w0.25,0.250,31,0,0,0,0.000000,0.000000,685,0,29667
sort,h32,h32/conditional-w0.25,0.250,32,0,0,0,0.000000,0.000000,685,0,29667
sort,coarse,coarse/conditional-w1.00,1.000,1,175,55,0,1.000000,0.000000,175,0,29667
sort,coarse,coarse/conditional-w1.00,1.000,2,0,0,0,0.000000,0.000000,175,0,29667
sort,coarse,coarse/conditional-w1.00,1.000,4,0,0,0,0.000000,0.000000,175,0,29667
sort,coarse,coarse/conditional-w1.00,1.000,8,0,0,0,0.000000,0.000000,175,0,29667
sort,coarse,coarse/conditional-w1.00,1.000,16,0,0,0,0.000000,0.000000,175,0,29667
sort,coarse,coarse/conditional-w1.00,1.000,32,0,0,0,0.000000,0.000000,175,0,29667
sort,h32,h32/conditional-w1.00,1.000,1,175,55,0,1.000000,0.000000,175,0,29667
sort,h32,h32/conditional-w1.00,1.000,2,0,0,0,0.000000,0.000000,175,0,29667
sort,h32,h32/conditional-w1.00,1.000,3,0,0,0,0.000000,0.000000,175,0,29667
sort,h32,h32/conditional-w1.00,1.000,4,0,0,0,0.000000,0.000000,175,0,29667
sort,h32,h32/conditional-w1.00,1.000,5,0,0,0,0.000000,0.000000,175,0,29667
sort,h32,h32/conditional-w1.00,1.000,6,0,0,0,0.000000,0.000000,175,0,29667
sort,h32,h32/conditional-w1.00,1.000,7,0,0,0,0.000000,0.000000,175,0,29667
sort,h32,h32/conditional-w1.00,1.000,8,0,0,0,0.000000,0.000000,175,0,29667
sort,h32,h32/conditional-w1.00,1.000,9,0,0,0,0.000000,0.000000,175,0,29667
sort,h32,h32/conditional-w1.00,1.000,10,0,0,0,0.000000,0.000000,175,0,29667
sort,h32,h32/conditional-w1.00,1.000,11,0,0,0,0.000000,0.000000,175,0,29667
sort,h32,h32/conditional-w1.00,1.000,12,0,0,0,0.000000,0.000000,175,0,29667
sort,h32,h32/conditional-w1.00,1.000,13,0,0,0,0.000000,0.000000,175,0,29667
sort,h32,h32/conditional-w1.00,1.000,14,0,0,0,0.000000,0.000000,175,0,29667
sort,h32,h32/conditional-w1.00,1.000,15,0,0,0,0.000000,0.000000,175,0,29667
sort,h32,h32/conditional-w1.00,1.000,16,0,0,0,0.000000,0.000000,175,0,29667
sort,h32,h32/conditional-w1.00,1.000,17,0,0,0,0.000000,0.000000,175,0,29667
sort,h32,h32/conditional-w1.00,1.000,18,0,0,0,0.000000,0.000000,175,0,29667
sort,h32,h32/conditional-w1.00,1.000,19,0,0,0,0.000000,0.000000,175,0,29667
sort,h32,h32/conditional-w1.00,1.000,20,0,0,0,0.000000,0.000000,175,0,29667
sort,h32,h32/conditional-w1.00,1.000,21,0,0,0,0.000000,0.000000,175,0,29667
sort,h32,h32/conditional-w1.00,1.000,22,0,0,0,0.000000,0.000000,175,0,29667
sort,h32,h32/conditional-w1.00,1.000,23,0,0,0,0.000000,0.000000,175,0,29667
sort,h32,h32/conditional-w1.00,1.000,24,0,0,0,0.000000,0.000000,175,0,29667
sort,h32,h32/conditional-w1.00,1.000,25,0,0,0,0.000000,0.000000,175,0,29667
sort,h32,h32/conditional-w1.00,1.000,26,0,0,0,0.000000,0.000000,175,0,29667
sort,h32,h32/conditional-w1.00,1.000,27,0,0,0,0.000000,0.000000,175,0,29667
sort,h32,h32/conditional-w1.00,1.000,28,0,0,0,0.000000,0.000000,175,0,29667
sort,h32,h32/conditional-w1.00,1.000,29,0,0,0,0.000000,0.000000,175,0,29667
sort,h32,h32/conditional-w1.00,1.000,30,0,0,0,0.000000,0.000000,175,0,29667
sort,h32,h32/conditional-w1.00,1.000,31,0,0,0,0.000000,0.000000,175,0,29667
sort,h32,h32/conditional-w1.00,1.000,32,0,0,0,0.000000,0.000000,175,0,29667
sort,coarse,coarse/conditional-w4.00,4.000,1,175,55,0,1.000000,0.000000,175,0,29667
sort,coarse,coarse/conditional-w4.00,4.000,2,0,0,0,0.000000,0.000000,175,0,29667
sort,coarse,coarse/conditional-w4.00,4.000,4,0,0,0,0.000000,0.000000,175,0,29667
sort,coarse,coarse/conditional-w4.00,4.000,8,0,0,0,0.000000,0.000000,175,0,29667
sort,coarse,coarse/conditional-w4.00,4.000,16,0,0,0,0.000000,0.000000,175,0,29667
sort,coarse,coarse/conditional-w4.00,4.000,32,0,0,0,0.000000,0.000000,175,0,29667
sort,h32,h32/conditional-w4.00,4.000,1,175,55,0,1.000000,0.000000,175,0,29667
sort,h32,h32/conditional-w4.00,4.000,2,0,0,0,0.000000,0.000000,175,0,29667
sort,h32,h32/conditional-w4.00,4.000,3,0,0,0,0.000000,0.000000,175,0,29667
sort,h32,h32/conditional-w4.00,4.000,4,0,0,0,0.000000,0.000000,175,0,29667
sort,h32,h32/conditional-w4.00,4.000,5,0,0,0,0.000000,0.000000,175,0,29667
sort,h32,h32/conditional-w4.00,4.000,6,0,0,0,0.000000,0.000000,175,0,29667
sort,h32,h32/conditional-w4.00,4.000,7,0,0,0,0.000000,0.000000,175,0,29667
sort,h32,h32/conditional-w4.00,4.000,8,0,0,0,0.000000,0.000000,175,0,29667
sort,h32,h32/conditional-w4.00,4.000,9,0,0,0,0.000000,0.000000,175,0,29667
sort,h32,h32/conditional-w4.00,4.000,10,0,0,0,0.000000,0.000000,175,0,29667
sort,h32,h32/conditional-w4.00,4.000,11,0,0,0,0.000000,0.000000,175,0,29667
sort,h32,h32/conditional-w4.00,4.000,12,0,0,0,0.000000,0.000000,175,0,29667
sort,h32,h32/conditional-w4.00,4.000,13,0,0,0,0.000000,0.000000,175,0,29667
sort,h32,h32/conditional-w4.00,4.000,14,0,0,0,0.000000,0.000000,175,0,29667
sort,h32,h32/conditional-w4.00,4.000,15,0,0,0,0.000000,0.000000,175,0,29667
sort,h32,h32/conditional-w4.00,4.000,16,0,0,0,0.000000,0.000000,175,0,29667
sort,h32,h32/conditional-w4.00,4.000,17,0,0,0,0.000000,0.000000,175,0,29667
sort,h32,h32/conditional-w4.00,4.000,18,0,0,0,0.000000,0.000000,175,0,29667
sort,h32,h32/conditional-w4.00,4.000,19,0,0,0,0.000000,0.000000,175,0,29667
sort,h32,h32/conditional-w4.00,4.000,20,0,0,0,0.000000,0.000000,175,0,29667
sort,h32,h32/conditional-w4.00,4.000,21,0,0,0,0.000000,0.000000,175,0,29667
sort,h32,h32/conditional-w4.00,4.000,22,0,0,0,0.000000,0.000000,175,0,29667
sort,h32,h32/conditional-w4.00,4.000,23,0,0,0,0.000000,0.000000,175,0,29667
sort,h32,h32/conditional-w4.00,4.000,24,0,0,0,0.000000,0.000000,175,0,29667
sort,h32,h32/conditional-w4.00,4.000,25,0,0,0,0.000000,0.000000,175,0,29667
sort,h32,h32/conditional-w4.00,4.000,26,0,0,0,0.000000,0.000000,175,0,29667
sort,h32,h32/conditional-w4.00,4.000,27,0,0,0,0.000000,0.000000,175,0,29667
sort,h32,h32/conditional-w4.00,4.000,28,0,0,0,0.000000,0.000000,175,0,29667
sort,h32,h32/conditional-w4.00,4.000,29,0,0,0,0.000000,0.000000,175,0,29667
sort,h32,h32/conditional-w4.00,4.000,30,0,0,0,0.000000,0.000000,175,0,29667
sort,h32,h32/conditional-w4.00,4.000,31,0,0,0,0.000000,0.000000,175,0,29667
sort,h32,h32/conditional-w4.00,4.000,32,0,0,0,0.000000,0.000000,175,0,29667
tsort,coarse,coarse/conditional-w0.05,0.050,1,35967,21561,8127,0.275601,0.246497,130504,32970,97428
tsort,coarse,coarse/conditional-w0.05,0.050,2,16719,10818,26,0.128111,0.000789,130504,32970,97428
tsort,coarse,coarse/conditional-w0.05,0.050,4,41770,33060,23696,0.320067,0.718714,130504,32970,97428
tsort,coarse,coarse/conditional-w0.05,0.050,8,11663,7157,141,0.089369,0.004277,130504,32970,97428
tsort,coarse,coarse/conditional-w0.05,0.050,16,13591,7444,849,0.104142,0.025751,130504,32970,97428
tsort,coarse,coarse/conditional-w0.05,0.050,32,10794,5741,131,0.082710,0.003973,130504,32970,97428
tsort,h32,h32/conditional-w0.05,0.050,1,21441,15187,10027,0.156605,0.280758,136911,35714,97428
tsort,h32,h32/conditional-w0.05,0.050,2,6928,4356,7,0.050602,0.000196,136911,35714,97428
tsort,h32,h32/conditional-w0.05,0.050,3,15464,12890,7831,0.112949,0.219270,136911,35714,97428
tsort,h32,h32/conditional-w0.05,0.050,4,20593,18004,8445,0.150412,0.236462,136911,35714,97428
tsort,h32,h32/conditional-w0.05,0.050,5,10973,6529,2622,0.080147,0.073417,136911,35714,97428
tsort,h32,h32/conditional-w0.05,0.050,6,6302,3769,238,0.046030,0.006664,136911,35714,97428
tsort,h32,h32/conditional-w0.05,0.050,7,9441,5673,1713,0.068957,0.047964,136911,35714,97428
tsort,h32,h32/conditional-w0.05,0.050,8,5287,3271,19,0.038616,0.000532,136911,35714,97428
tsort,h32,h32/conditional-w0.05,0.050,9,5524,3352,105,0.040347,0.002940,136911,35714,97428
tsort,h32,h32/conditional-w0.05,0.050,10,14556,8613,4066,0.106317,0.113849,136911,35714,97428
tsort,h32,h32/conditional-w0.05,0.050,11,4980,2978,95,0.036374,0.002660,136911,35714,97428
tsort,h32,h32/conditional-w0.05,0.050,12,4970,2911,137,0.036301,0.003836,136911,35714,97428
tsort,h32,h32/conditional-w0.05,0.050,13,5090,2995,197,0.037177,0.005516,136911,35714,97428
tsort,h32,h32/conditional-w0.05,0.050,14,4385,2686,51,0.032028,0.001428,136911,35714,97428
tsort,h32,h32/conditional-w0.05,0.050,15,79,24,3,0.000577,0.000084,136911,35714,97428
tsort,h32,h32/conditional-w0.05,0.050,16,500,171,105,0.003652,0.002940,136911,35714,97428
tsort,h32,h32/conditional-w0.05,0.050,17,184,66,40,0.001344,0.001120,136911,35714,97428
tsort,h32,h32/conditional-w0.05,0.050,18,39,10,0,0.000285,0.000000,136911,35714,97428
tsort,h32,h32/conditional-w0.05,0.050,19,31,13,0,0.000226,0.000000,136911,35714,97428
tsort,h32,h32/conditional-w0.05,0.050,20,20,6,0,0.000146,0.000000,136911,35714,97428
tsort,h32,h32/conditional-w0.05,0.050,21,86,26,13,0.000628,0.000364,136911,35714,97428
tsort,h32,h32/conditional-w0.05,0.050,22,11,3,0,0.000080,0.000000,136911,35714,97428
tsort,h32,h32/conditional-w0.05,0.050,23,9,5,0,0.000066,0.000000,136911,35714,97428
tsort,h32,h32/conditional-w0.05,0.050,24,5,0,0,0.000037,0.000000,136911,35714,97428
tsort,h32,h32/conditional-w0.05,0.050,25,4,1,0,0.000029,0.000000,136911,35714,97428
tsort,h32,h32/conditional-w0.05,0.050,26,3,0,0,0.000022,0.000000,136911,35714,97428
tsort,h32,h32/conditional-w0.05,0.050,27,1,1,0,0.000007,0.000000,136911,35714,97428
tsort,h32,h32/conditional-w0.05,0.050,28,1,1,0,0.000007,0.000000,136911,35714,97428
tsort,h32,h32/conditional-w0.05,0.050,29,1,1,0,0.000007,0.000000,136911,35714,97428
tsort,h32,h32/conditional-w0.05,0.050,30,1,0,0,0.000007,0.000000,136911,35714,97428
tsort,h32,h32/conditional-w0.05,0.050,31,1,1,0,0.000007,0.000000,136911,35714,97428
tsort,h32,h32/conditional-w0.05,0.050,32,1,0,0,0.000007,0.000000,136911,35714,97428
tsort,coarse,coarse/conditional-w0.25,0.250,1,10400,6157,1559,0.175946,0.062362,59109,24999,97428
tsort,coarse,coarse/conditional-w0.25,0.250,2,6976,4422,7,0.118019,0.000280,59109,24999,97428
tsort,coarse,coarse/conditional-w0.25,0.250,4,35242,29116,23329,0.596221,0.933197,59109,24999,97428
tsort,coarse,coarse/conditional-w0.25,0.250,8,6386,3927,76,0.108038,0.003040,59109,24999,97428
tsort,coarse,coarse/conditional-w0.25,0.250,16,100,39,28,0.001692,0.001120,59109,24999,97428
tsort,coarse,coarse/conditional-w0.25,0.250,32,5,3,0,0.000085,0.000000,59109,24999,97428
tsort,h32,h32/conditional-w0.25,0.250,1,17397,12777,8173,0.326759,0.370372,53241,22067,97428
tsort,h32,h32/conditional-w0.25,0.250,2,6979,4418,11,0.131083,0.000498,53241,22067,97428
tsort,h32,h32/conditional-w0.25,0.250,3,18385,15865,10438,0.345317,0.473014,53241,22067,97428
tsort,h32,h32/conditional-w0.25,0.250,4,10020,7462,3222,0.188201,0.146010,53241,22067,97428
tsort,h32,h32/conditional-w0.25,0.250,5,446,256,223,0.008377,0.010106,53241,22067,97428
tsort,h32,h32/conditional-w0.25,0.250,6,8,4,0,0.000150,0.000000,53241,22067,97428
tsort,h32,h32/conditional-w0.25,0.250,7,4,3,0,0.000075,0.000000,53241,22067,97428
tsort,h32,h32/conditional-w0.25,0.250,8,2,2,0,0.000038,0.000000,53241,22067,97428
tsort,h32,h32/conditional-w0.25,0.250,9,0,0,0,0.000000,0.000000,53241,22067,97428
tsort,h32,h32/conditional-w0.25,0.250,10,0,0,0,0.000000,0.000000,53241,22067,97428
tsort,h32,h32/conditional-w0.25,0.250,11,0,0,0,0.000000,0.000000,53241,22067,97428
tsort,h32,h32/conditional-w0.25,0.250,12,0,0,0,0.000000,0.000000,53241,22067,97428
tsort,h32,h32/conditional-w0.25,0.250,13,0,0,0,0.000000,0.000000,53241,22067,97428
tsort,h32,h32/conditional-w0.25,0.250,14,0,0,0,0.000000,0.000000,53241,22067,97428
tsort,h32,h32/conditional-w0.25,0.250,15,0,0,0,0.000000,0.000000,53241,22067,97428
tsort,h32,h32/conditional-w0.25,0.250,16,0,0,0,0.000000,0.000000,53241,22067,97428
tsort,h32,h32/conditional-w0.25,0.250,17,0,0,0,0.000000,0.000000,53241,22067,97428
tsort,h32,h32/conditional-w0.25,0.250,18,0,0,0,0.000000,0.000000,53241,22067,97428
tsort,h32,h32/conditional-w0.25,0.250,19,0,0,0,0.000000,0.000000,53241,22067,97428
tsort,h32,h32/conditional-w0.25,0.250,20,0,0,0,0.000000,0.000000,53241,22067,97428
tsort,h32,h32/conditional-w0.25,0.250,21,0,0,0,0.000000,0.000000,53241,22067,97428
tsort,h32,h32/conditional-w0.25,0.250,22,0,0,0,0.000000,0.000000,53241,22067,97428
tsort,h32,h32/conditional-w0.25,0.250,23,0,0,0,0.000000,0.000000,53241,22067,97428
tsort,h32,h32/conditional-w0.25,0.250,24,0,0,0,0.000000,0.000000,53241,22067,97428
tsort,h32,h32/conditional-w0.25,0.250,25,0,0,0,0.000000,0.000000,53241,22067,97428
tsort,h32,h32/conditional-w0.25,0.250,26,0,0,0,0.000000,0.000000,53241,22067,97428
tsort,h32,h32/conditional-w0.25,0.250,27,0,0,0,0.000000,0.000000,53241,22067,97428
tsort,h32,h32/conditional-w0.25,0.250,28,0,0,0,0.000000,0.000000,53241,22067,97428
tsort,h32,h32/conditional-w0.25,0.250,29,0,0,0,0.000000,0.000000,53241,22067,97428
tsort,h32,h32/conditional-w0.25,0.250,30,0,0,0,0.000000,0.000000,53241,22067,97428
tsort,h32,h32/conditional-w0.25,0.250,31,0,0,0,0.000000,0.000000,53241,22067,97428
tsort,h32,h32/conditional-w0.25,0.250,32,0,0,0,0.000000,0.000000,53241,22067,97428
tsort,coarse,coarse/conditional-w1.00,1.000,1,14821,11271,6980,0.997107,0.999857,14864,6981,97428
tsort,coarse,coarse/conditional-w1.00,1.000,2,43,13,1,0.002893,0.000143,14864,6981,97428
tsort,coarse,coarse/conditional-w1.00,1.000,4,0,0,0,0.000000,0.000000,14864,6981,97428
tsort,coarse,coarse/conditional-w1.00,1.000,8,0,0,0,0.000000,0.000000,14864,6981,97428
tsort,coarse,coarse/conditional-w1.00,1.000,16,0,0,0,0.000000,0.000000,14864,6981,97428
tsort,coarse,coarse/conditional-w1.00,1.000,32,0,0,0,0.000000,0.000000,14864,6981,97428
tsort,h32,h32/conditional-w1.00,1.000,1,14822,11271,6980,0.997107,0.999857,14865,6981,97428
tsort,h32,h32/conditional-w1.00,1.000,2,43,13,1,0.002893,0.000143,14865,6981,97428
tsort,h32,h32/conditional-w1.00,1.000,3,0,0,0,0.000000,0.000000,14865,6981,97428
tsort,h32,h32/conditional-w1.00,1.000,4,0,0,0,0.000000,0.000000,14865,6981,97428
tsort,h32,h32/conditional-w1.00,1.000,5,0,0,0,0.000000,0.000000,14865,6981,97428
tsort,h32,h32/conditional-w1.00,1.000,6,0,0,0,0.000000,0.000000,14865,6981,97428
tsort,h32,h32/conditional-w1.00,1.000,7,0,0,0,0.000000,0.000000,14865,6981,97428
tsort,h32,h32/conditional-w1.00,1.000,8,0,0,0,0.000000,0.000000,14865,6981,97428
tsort,h32,h32/conditional-w1.00,1.000,9,0,0,0,0.000000,0.000000,14865,6981,97428
tsort,h32,h32/conditional-w1.00,1.000,10,0,0,0,0.000000,0.000000,14865,6981,97428
tsort,h32,h32/conditional-w1.00,1.000,11,0,0,0,0.000000,0.000000,14865,6981,97428
tsort,h32,h32/conditional-w1.00,1.000,12,0,0,0,0.000000,0.000000,14865,6981,97428
tsort,h32,h32/conditional-w1.00,1.000,13,0,0,0,0.000000,0.000000,14865,6981,97428
tsort,h32,h32/conditional-w1.00,1.000,14,0,0,0,0.000000,0.000000,14865,6981,97428
tsort,h32,h32/conditional-w1.00,1.000,15,0,0,0,0.000000,0.000000,14865,6981,97428
tsort,h32,h32/conditional-w1.00,1.000,16,0,0,0,0.000000,0.000000,14865,6981,97428
tsort,h32,h32/conditional-w1.00,1.000,17,0,0,0,0.000000,0.000000,14865,6981,97428
tsort,h32,h32/conditional-w1.00,1.000,18,0,0,0,0.000000,0.000000,14865,6981,97428
tsort,h32,h32/conditional-w1.00,1.000,19,0,0,0,0.000000,0.000000,14865,6981,97428
tsort,h32,h32/conditional-w1.00,1.000,20,0,0,0,0.000000,0.000000,14865,6981,97428
tsort,h32,h32/conditional-w1.00,1.000,21,0,0,0,0.000000,0.000000,14865,6981,97428
tsort,h32,h32/conditional-w1.00,1.000,22,0,0,0,0.000000,0.000000,14865,6981,97428
tsort,h32,h32/conditional-w1.00,1.000,23,0,0,0,0.000000,0.000000,14865,6981,97428
tsort,h32,h32/conditional-w1.00,1.000,24,0,0,0,0.000000,0.000000,14865,6981,97428
tsort,h32,h32/conditional-w1.00,1.000,25,0,0,0,0.000000,0.000000,14865,6981,97428
tsort,h32,h32/conditional-w1.00,1.000,26,0,0,0,0.000000,0.000000,14865,6981,97428
tsort,h32,h32/conditional-w1.00,1.000,27,0,0,0,0.000000,0.000000,14865,6981,97428
tsort,h32,h32/conditional-w1.00,1.000,28,0,0,0,0.000000,0.000000,14865,6981,97428
tsort,h32,h32/conditional-w1.00,1.000,29,0,0,0,0.000000,0.000000,14865,6981,97428
tsort,h32,h32/conditional-w1.00,1.000,30,0,0,0,0.000000,0.000000,14865,6981,97428
tsort,h32,h32/conditional-w1.00,1.000,31,0,0,0,0.000000,0.000000,14865,6981,97428
tsort,h32,h32/conditional-w1.00,1.000,32,0,0,0,0.000000,0.000000,14865,6981,97428
tsort,coarse,coarse/conditional-w4.00,4.000,1,14600,11096,6840,0.999863,1.000000,14602,6840,97428
tsort,coarse,coarse/conditional-w4.00,4.000,2,2,1,0,0.000137,0.000000,14602,6840,97428
tsort,coarse,coarse/conditional-w4.00,4.000,4,0,0,0,0.000000,0.000000,14602,6840,97428
tsort,coarse,coarse/conditional-w4.00,4.000,8,0,0,0,0.000000,0.000000,14602,6840,97428
tsort,coarse,coarse/conditional-w4.00,4.000,16,0,0,0,0.000000,0.000000,14602,6840,97428
tsort,coarse,coarse/conditional-w4.00,4.000,32,0,0,0,0.000000,0.000000,14602,6840,97428
tsort,h32,h32/conditional-w4.00,4.000,1,14601,11096,6840,0.999863,1.000000,14603,6840,97428
tsort,h32,h32/conditional-w4.00,4.000,2,2,1,0,0.000137,0.000000,14603,6840,97428
tsort,h32,h32/conditional-w4.00,4.000,3,0,0,0,0.000000,0.000000,14603,6840,97428
tsort,h32,h32/conditional-w4.00,4.000,4,0,0,0,0.000000,0.000000,14603,6840,97428
tsort,h32,h32/conditional-w4.00,4.000,5,0,0,0,0.000000,0.000000,14603,6840,97428
tsort,h32,h32/conditional-w4.00,4.000,6,0,0,0,0.000000,0.000000,14603,6840,97428
tsort,h32,h32/conditional-w4.00,4.000,7,0,0,0,0.000000,0.000000,14603,6840,97428
tsort,h32,h32/conditional-w4.00,4.000,8,0,0,0,0.000000,0.000000,14603,6840,97428
tsort,h32,h32/conditional-w4.00,4.000,9,0,0,0,0.000000,0.000000,14603,6840,97428
tsort,h32,h32/conditional-w4.00,4.000,10,0,0,0,0.000000,0.000000,14603,6840,97428
tsort,h32,h32/conditional-w4.00,4.000,11,0,0,0,0.000000,0.000000,14603,6840,97428
tsort,h32,h32/conditional-w4.00,4.000,12,0,0,0,0.000000,0.000000,14603,6840,97428
tsort,h32,h32/conditional-w4.00,4.000,13,0,0,0,0.000000,0.000000,14603,6840,97428
tsort,h32,h32/conditional-w4.00,4.000,14,0,0,0,0.000000,0.000000,14603,6840,97428
tsort,h32,h32/conditional-w4.00,4.000,15,0,0,0,0.000000,0.000000,14603,6840,97428
tsort,h32,h32/conditional-w4.00,4.000,16,0,0,0,0.000000,0.000000,14603,6840,97428
tsort,h32,h32/conditional-w4.00,4.000,17,0,0,0,0.000000,0.000000,14603,6840,97428
tsort,h32,h32/conditional-w4.00,4.000,18,0,0,0,0.000000,0.000000,14603,6840,97428
tsort,h32,h32/conditional-w4.00,4.000,19,0,0,0,0.000000,0.000000,14603,6840,97428
tsort,h32,h32/conditional-w4.00,4.000,20,0,0,0,0.000000,0.000000,14603,6840,97428
tsort,h32,h32/conditional-w4.00,4.000,21,0,0,0,0.000000,0.000000,14603,6840,97428
tsort,h32,h32/conditional-w4.00,4.000,22,0,0,0,0.000000,0.000000,14603,6840,97428
tsort,h32,h32/conditional-w4.00,4.000,23,0,0,0,0.000000,0.000000,14603,6840,97428
tsort,h32,h32/conditional-w4.00,4.000,24,0,0,0,0.000000,0.000000,14603,6840,97428
tsort,h32,h32/conditional-w4.00,4.000,25,0,0,0,0.000000,0.000000,14603,6840,97428
tsort,h32,h32/conditional-w4.00,4.000,26,0,0,0,0.000000,0.000000,14603,6840,97428
tsort,h32,h32/conditional-w4.00,4.000,27,0,0,0,0.000000,0.000000,14603,6840,97428
tsort,h32,h32/conditional-w4.00,4.000,28,0,0,0,0.000000,0.000000,14603,6840,97428
tsort,h32,h32/conditional-w4.00,4.000,29,0,0,0,0.000000,0.000000,14603,6840,97428
tsort,h32,h32/conditional-w4.00,4.000,30,0,0,0,0.000000,0.000000,14603,6840,97428
tsort,h32,h32/conditional-w4.00,4.000,31,0,0,0,0.000000,0.000000,14603,6840,97428
tsort,h32,h32/conditional-w4.00,4.000,32,0,0,0,0.000000,0.000000,14603,6840,97428
xz,coarse,coarse/conditional-w0.05,0.050,1,34364,27629,121,0.219197,0.218018,156772,555,41473
xz,coarse,coarse/conditional-w0.05,0.050,2,33256,27265,57,0.212130,0.102703,156772,555,41473
xz,coarse,coarse/conditional-w0.05,0.050,4,23262,18765,245,0.148381,0.441441,156772,555,41473
xz,coarse,coarse/conditional-w0.05,0.050,8,22525,18189,101,0.143680,0.181982,156772,555,41473
xz,coarse,coarse/conditional-w0.05,0.050,16,21955,17349,27,0.140044,0.048649,156772,555,41473
xz,coarse,coarse/conditional-w0.05,0.050,32,21410,15934,4,0.136568,0.007207,156772,555,41473
xz,h32,h32/conditional-w0.05,0.050,1,13492,10757,119,0.086748,0.198003,155531,601,41473
xz,h32,h32/conditional-w0.05,0.050,2,12977,10552,131,0.083437,0.217970,155531,601,41473
xz,h32,h32/conditional-w0.05,0.050,3,12470,9667,15,0.080177,0.024958,155531,601,41473
xz,h32,h32/conditional-w0.05,0.050,4,12294,9887,254,0.079045,0.422629,155531,601,41473
xz,h32,h32/conditional-w0.05,0.050,5,11660,9196,2,0.074969,0.003328,155531,601,41473
xz,h32,h32/conditional-w0.05,0.050,6,11324,9017,0,0.072809,0.000000,155531,601,41473
xz,h32,h32/conditional-w0.05,0.050,7,11047,8757,4,0.071028,0.006656,155531,601,41473
xz,h32,h32/conditional-w0.05,0.050,8,10749,8627,0,0.069112,0.000000,155531,601,41473
xz,h32,h32/conditional-w0.05,0.050,9,10531,8510,7,0.067710,0.011647,155531,601,41473
xz,h32,h32/conditional-w0.05,0.050,10,10276,8250,9,0.066070,0.014975,155531,601,41473
xz,h32,h32/conditional-w0.05,0.050,11,9980,7938,4,0.064167,0.006656,155531,601,41473
xz,h32,h32/conditional-w0.05,0.050,12,9776,7723,14,0.062856,0.023295,155531,601,41473
xz,h32,h32/conditional-w0.05,0.050,13,9548,7434,17,0.061390,0.028286,155531,601,41473
xz,h32,h32/conditional-w0.05,0.050,14,9341,7402,25,0.060059,0.041597,155531,601,41473
xz,h32,h32/conditional-w0.05,0.050,15,16,9,0,0.000103,0.000000,155531,601,41473
xz,h32,h32/conditional-w0.05,0.050,16,14,11,0,0.000090,0.000000,155531,601,41473
xz,h32,h32/conditional-w0.05,0.050,17,12,8,0,0.000077,0.000000,155531,601,41473
xz,h32,h32/conditional-w0.05,0.050,18,10,6,0,0.000064,0.000000,155531,601,41473
xz,h32,h32/conditional-w0.05,0.050,19,7,6,0,0.000045,0.000000,155531,601,41473
xz,h32,h32/conditional-w0.05,0.050,20,4,4,0,0.000026,0.000000,155531,601,41473
xz,h32,h32/conditional-w0.05,0.050,21,2,2,0,0.000013,0.000000,155531,601,41473
xz,h32,h32/conditional-w0.05,0.050,22,1,1,0,0.000006,0.000000,155531,601,41473
xz,h32,h32/conditional-w0.05,0.050,23,0,0,0,0.000000,0.000000,155531,601,41473
xz,h32,h32/conditional-w0.05,0.050,24,0,0,0,0.000000,0.000000,155531,601,41473
xz,h32,h32/conditional-w0.05,0.050,25,0,0,0,0.000000,0.000000,155531,601,41473
xz,h32,h32/conditional-w0.05,0.050,26,0,0,0,0.000000,0.000000,155531,601,41473
xz,h32,h32/conditional-w0.05,0.050,27,0,0,0,0.000000,0.000000,155531,601,41473
xz,h32,h32/conditional-w0.05,0.050,28,0,0,0,0.000000,0.000000,155531,601,41473
xz,h32,h32/conditional-w0.05,0.050,29,0,0,0,0.000000,0.000000,155531,601,41473
xz,h32,h32/conditional-w0.05,0.050,30,0,0,0,0.000000,0.000000,155531,601,41473
xz,h32,h32/conditional-w0.05,0.050,31,0,0,0,0.000000,0.000000,155531,601,41473
xz,h32,h32/conditional-w0.05,0.050,32,0,0,0,0.000000,0.000000,155531,601,41473
xz,coarse,coarse/conditional-w0.25,0.250,1,13540,10841,118,0.263491,0.230019,51387,513,41473
xz,coarse,coarse/conditional-w0.25,0.250,2,13095,10702,149,0.254831,0.290448,51387,513,41473
xz,coarse,coarse/conditional-w0.25,0.250,4,12724,10276,240,0.247611,0.467836,51387,513,41473
xz,coarse,coarse/conditional-w0.25,0.250,8,12021,9795,6,0.233931,0.011696,51387,513,41473
xz,coarse,coarse/conditional-w0.25,0.250,16,7,6,0,0.000136,0.000000,51387,513,41473
xz,coarse,coarse/conditional-w0.25,0.250,32,0,0,0,0.000000,0.000000,51387,513,41473
xz,h32,h32/conditional-w0.25,0.250,1,13545,10846,118,0.263322,0.226054,51439,522,41473
xz,h32,h32/conditional-w0.25,0.250,2,13108,10703,150,0.254826,0.287356,51439,522,41473
xz,h32,h32/conditional-w0.25,0.250,3,12523,9826,8,0.243453,0.015326,51439,522,41473
xz,h32,h32/conditional-w0.25,0.250,4,12247,10033,245,0.238088,0.469349,51439,522,41473
xz,h32,h32/conditional-w0.25,0.250,5,14,9,1,0.000272,0.001916,51439,522,41473
xz,h32,h32/conditional-w0.25,0.250,6,1,1,0,0.000019,0.000000,51439,522,41473
xz,h32,h32/conditional-w0.25,0.250,7,1,1,0,0.000019,0.000000,51439,522,41473
xz,h32,h32/conditional-w0.25,0.250,8,0,0,0,0.000000,0.000000,51439,522,41473
xz,h32,h32/conditional-w0.25,0.250,9,0,0,0,0.000000,0.000000,51439,522,41473
xz,h32,h32/conditional-w0.25,0.250,10,0,0,0,0.000000,0.000000,51439,522,41473
xz,h32,h32/conditional-w0.25,0.250,11,0,0,0,0.000000,0.000000,51439,522,41473
xz,h32,h32/conditional-w0.25,0.250,12,0,0,0,0.000000,0.000000,51439,522,41473
xz,h32,h32/conditional-w0.25,0.250,13,0,0,0,0.000000,0.000000,51439,522,41473
xz,h32,h32/conditional-w0.25,0.250,14,0,0,0,0.000000,0.000000,51439,522,41473
xz,h32,h32/conditional-w0.25,0.250,15,0,0,0,0.000000,0.000000,51439,522,41473
xz,h32,h32/conditional-w0.25,0.250,16,0,0,0,0.000000,0.000000,51439,522,41473
xz,h32,h32/conditional-w0.25,0.250,17,0,0,0,0.000000,0.000000,51439,522,41473
xz,h32,h32/conditional-w0.25,0.250,18,0,0,0,0.000000,0.000000,51439,522,41473
xz,h32,h32/conditional-w0.25,0.250,19,0,0,0,0.000000,0.000000,51439,522,41473
xz,h32,h32/conditional-w0.25,0.250,20,0,0,0,0.000000,0.000000,51439,522,41473
xz,h32,h32/conditional-w0.25,0.250,21,0,0,0,0.000000,0.000000,51439,522,41473
xz,h32,h32/conditional-w0.25,0.250,22,0,0,0,0.000000,0.000000,51439,522,41473
xz,h32,h32/conditional-w0.25,0.250,23,0,0,0,0.000000,0.000000,51439,522,41473
xz,h32,h32/conditional-w0.25,0.250,24,0,0,0,0.000000,0.000000,51439,522,41473
xz,h32,h32/conditional-w0.25,0.250,25,0,0,0,0.000000,0.000000,51439,522,41473
xz,h32,h32/conditional-w0.25,0.250,26,0,0,0,0.000000,0.000000,51439,522,41473
xz,h32,h32/conditional-w0.25,0.250,27,0,0,0,0.000000,0.000000,51439,522,41473
xz,h32,h32/conditional-w0.25,0.250,28,0,0,0,0.000000,0.000000,51439,522,41473
xz,h32,h32/conditional-w0.25,0.250,29,0,0,0,0.000000,0.000000,51439,522,41473
xz,h32,h32/conditional-w0.25,0.250,30,0,0,0,0.000000,0.000000,51439,522,41473
xz,h32,h32/conditional-w0.25,0.250,31,0,0,0,0.000000,0.000000,51439,522,41473
xz,h32,h32/conditional-w0.25,0.250,32,0,0,0,0.000000,0.000000,51439,522,41473
xz,coarse,coarse/conditional-w1.00,1.000,1,13668,10997,230,0.999781,1.000000,13671,230,41473
xz,coarse,coarse/conditional-w1.00,1.000,2,3,1,0,0.000219,0.000000,13671,230,41473
xz,coarse,coarse/conditional-w1.00,1.000,4,0,0,0,0.000000,0.000000,13671,230,41473
xz,coarse,coarse/conditional-w1.00,1.000,8,0,0,0,0.000000,0.000000,13671,230,41473
xz,coarse,coarse/conditional-w1.00,1.000,16,0,0,0,0.000000,0.000000,13671,230,41473
xz,coarse,coarse/conditional-w1.00,1.000,32,0,0,0,0.000000,0.000000,13671,230,41473
xz,h32,h32/conditional-w1.00,1.000,1,13672,10999,230,0.999781,1.000000,13675,230,41473
xz,h32,h32/conditional-w1.00,1.000,2,3,1,0,0.000219,0.000000,13675,230,41473
xz,h32,h32/conditional-w1.00,1.000,3,0,0,0,0.000000,0.000000,13675,230,41473
xz,h32,h32/conditional-w1.00,1.000,4,0,0,0,0.000000,0.000000,13675,230,41473
xz,h32,h32/conditional-w1.00,1.000,5,0,0,0,0.000000,0.000000,13675,230,41473
xz,h32,h32/conditional-w1.00,1.000,6,0,0,0,0.000000,0.000000,13675,230,41473
xz,h32,h32/conditional-w1.00,1.000,7,0,0,0,0.000000,0.000000,13675,230,41473
xz,h32,h32/conditional-w1.00,1.000,8,0,0,0,0.000000,0.000000,13675,230,41473
xz,h32,h32/conditional-w1.00,1.000,9,0,0,0,0.000000,0.000000,13675,230,41473
xz,h32,h32/conditional-w1.00,1.000,10,0,0,0,0.000000,0.000000,13675,230,41473
xz,h32,h32/conditional-w1.00,1.000,11,0,0,0,0.000000,0.000000,13675,230,41473
xz,h32,h32/conditional-w1.00,1.000,12,0,0,0,0.000000,0.000000,13675,230,41473
xz,h32,h32/conditional-w1.00,1.000,13,0,0,0,0.000000,0.000000,13675,230,41473
xz,h32,h32/conditional-w1.00,1.000,14,0,0,0,0.000000,0.000000,13675,230,41473
xz,h32,h32/conditional-w1.00,1.000,15,0,0,0,0.000000,0.000000,13675,230,41473
xz,h32,h32/conditional-w1.00,1.000,16,0,0,0,0.000000,0.000000,13675,230,41473
xz,h32,h32/conditional-w1.00,1.000,17,0,0,0,0.000000,0.000000,13675,230,41473
xz,h32,h32/conditional-w1.00,1.000,18,0,0,0,0.000000,0.000000,13675,230,41473
xz,h32,h32/conditional-w1.00,1.000,19,0,0,0,0.000000,0.000000,13675,230,41473
xz,h32,h32/conditional-w1.00,1.000,20,0,0,0,0.000000,0.000000,13675,230,41473
xz,h32,h32/conditional-w1.00,1.000,21,0,0,0,0.000000,0.000000,13675,230,41473
xz,h32,h32/conditional-w1.00,1.000,22,0,0,0,0.000000,0.000000,13675,230,41473
xz,h32,h32/conditional-w1.00,1.000,23,0,0,0,0.000000,0.000000,13675,230,41473
xz,h32,h32/conditional-w1.00,1.000,24,0,0,0,0.000000,0.000000,13675,230,41473
xz,h32,h32/conditional-w1.00,1.000,25,0,0,0,0.000000,0.000000,13675,230,41473
xz,h32,h32/conditional-w1.00,1.000,26,0,0,0,0.000000,0.000000,13675,230,41473
xz,h32,h32/conditional-w1.00,1.000,27,0,0,0,0.000000,0.000000,13675,230,41473
xz,h32,h32/conditional-w1.00,1.000,28,0,0,0,0.000000,0.000000,13675,230,41473
xz,h32,h32/conditional-w1.00,1.000,29,0,0,0,0.000000,0.000000,13675,230,41473
xz,h32,h32/conditional-w1.00,1.000,30,0,0,0,0.000000,0.000000,13675,230,41473
xz,h32,h32/conditional-w1.00,1.000,31,0,0,0,0.000000,0.000000,13675,230,41473
xz,h32,h32/conditional-w1.00,1.000,32,0,0,0,0.000000,0.000000,13675,230,41473
xz,coarse,coarse/conditional-w4.00,4.000,1,13668,10997,230,1.000000,1.000000,13668,230,41473
xz,coarse,coarse/conditional-w4.00,4.000,2,0,0,0,0.000000,0.000000,13668,230,41473
xz,coarse,coarse/conditional-w4.00,4.000,4,0,0,0,0.000000,0.000000,13668,230,41473
xz,coarse,coarse/conditional-w4.00,4.000,8,0,0,0,0.000000,0.000000,13668,230,41473
xz,coarse,coarse/conditional-w4.00,4.000,16,0,0,0,0.000000,0.000000,13668,230,41473
xz,coarse,coarse/conditional-w4.00,4.000,32,0,0,0,0.000000,0.000000,13668,230,41473
xz,h32,h32/conditional-w4.00,4.000,1,13672,10999,230,1.000000,1.000000,13672,230,41473
xz,h32,h32/conditional-w4.00,4.000,2,0,0,0,0.000000,0.000000,13672,230,41473
xz,h32,h32/conditional-w4.00,4.000,3,0,0,0,0.000000,0.000000,13672,230,41473
xz,h32,h32/conditional-w4.00,4.000,4,0,0,0,0.000000,0.000000,13672,230,41473
xz,h32,h32/conditional-w4.00,4.000,5,0,0,0,0.000000,0.000000,13672,230,41473
xz,h32,h32/conditional-w4.00,4.000,6,0,0,0,0.000000,0.000000,13672,230,41473
xz,h32,h32/conditional-w4.00,4.000,7,0,0,0,0.000000,0.000000,13672,230,41473
xz,h32,h32/conditional-w4.00,4.000,8,0,0,0,0.000000,0.000000,13672,230,41473
xz,h32,h32/conditional-w4.00,4.000,9,0,0,0,0.000000,0.000000,13672,230,41473
xz,h32,h32/conditional-w4.00,4.000,10,0,0,0,0.000000,0.000000,13672,230,41473
xz,h32,h32/conditional-w4.00,4.000,11,0,0,0,0.000000,0.000000,13672,230,41473
xz,h32,h32/conditional-w4.00,4.000,12,0,0,0,0.000000,0.000000,13672,230,41473
xz,h32,h32/conditional-w4.00,4.000,13,0,0,0,0.000000,0.000000,13672,230,41473
xz,h32,h32/conditional-w4.00,4.000,14,0,0,0,0.000000,0.000000,13672,230,41473
xz,h32,h32/conditional-w4.00,4.000,15,0,0,0,0.000000,0.000000,13672,230,41473
xz,h32,h32/conditional-w4.00,4.000,16,0,0,0,0.000000,0.000000,13672,230,41473
xz,h32,h32/conditional-w4.00,4.000,17,0,0,0,0.000000,0.000000,13672,230,41473
xz,h32,h32/conditional-w4.00,4.000,18,0,0,0,0.000000,0.000000,13672,230,41473
xz,h32,h32/conditional-w4.00,4.000,19,0,0,0,0.000000,0.000000,13672,230,41473
xz,h32,h32/conditional-w4.00,4.000,20,0,0,0,0.000000,0.000000,13672,230,41473
xz,h32,h32/conditional-w4.00,4.000,21,0,0,0,0.000000,0.000000,13672,230,41473
xz,h32,h32/conditional-w4.00,4.000,22,0,0,0,0.000000,0.000000,13672,230,41473
xz,h32,h32/conditional-w4.00,4.000,23,0,0,0,0.000000,0.000000,13672,230,41473
xz,h32,h32/conditional-w4.00,4.000,24,0,0,0,0.000000,0.000000,13672,230,41473
xz,h32,h32/conditional-w4.00,4.000,25,0,0,0,0.000000,0.000000,13672,230,41473
xz,h32,h32/conditional-w4.00,4.000,26,0,0,0,0.000000,0.000000,13672,230,41473
xz,h32,h32/conditional-w4.00,4.000,27,0,0,0,0.000000,0.000000,13672,230,41473
xz,h32,h32/conditional-w4.00,4.000,28,0,0,0,0.000000,0.000000,13672,230,41473
xz,h32,h32/conditional-w4.00,4.000,29,0,0,0,0.000000,0.000000,13672,230,41473
xz,h32,h32/conditional-w4.00,4.000,30,0,0,0,0.000000,0.000000,13672,230,41473
xz,h32,h32/conditional-w4.00,4.000,31,0,0,0,0.000000,0.000000,13672,230,41473
xz,h32,h32/conditional-w4.00,4.000,32,0,0,0,0.000000,0.000000,13672,230,41473
