phase,trace,config,context,learner,window,waste,eval_begin,eval_end,accuracy,coverage,net_per_1k,strict_acc,strict_cov,strict_net_per_1k,mean_lead_data,mean_lead_total,issued,useful,useful_miss,scored_refs,scored_misses,action_rate,self_issued,self_useful,dedup_suppressed,state_bytes,table_bytes,update_ops,ns_per_ref,inserts,evictions,unresolved
base,gcc,bitty-w0.05,bitty-4x8-ternary,counts-eu,32,0.050,0.2000,1.0000,0.892900,0.709613,705.358,0.003919,0.298593,-36.466,1.382,5.5,2518569,2248830,9870,3169092,33055,0.794729,1264825,1221751,131799,137,457179136,385236352,109.76,174934,0,2
base,gcc,explicit4-w0.05,explicit-4,counts-eu,32,0.050,0.2000,1.0000,0.820964,0.670439,663.129,0.003518,0.275420,-37.816,2.323,8.7,2588034,2124684,9104,3169092,33055,0.816648,1582969,1419418,240029,41,457179136,0,42.26,62894,0,2
base,gcc,next-line-w0.05,-,next-line,32,0.050,0.2000,1.0000,0.292498,0.094184,82.793,0.015254,0.470912,-10.942,9.168,34.5,1020440,298477,15566,3169092,33055,0.321998,0,0,2148652,0,0,0,11.79,0,0,8
base,gcc,last-stride-w0.05,-,last-stride,32,0.050,0.2000,1.0000,0.195503,0.079161,62.874,0.005531,0.214733,-17.894,7.460,31.0,1283200,250870,7098,3169092,33055,0.404911,0,0,285633,16,0,0,12.43,0,0,11
base,gcc,bitty-w0.10,bitty-4x8-ternary,counts-eu,32,0.100,0.2000,1.0000,0.906418,0.708438,701.124,0.003975,0.297837,-74.741,1.375,5.4,2476900,2245106,9845,3169092,33055,0.781580,1261156,1218971,118184,137,457179136,385236352,110.43,174934,0,1
base,gcc,explicit4-w0.10,explicit-4,counts-eu,32,0.100,0.2000,1.0000,0.830754,0.669736,656.092,0.003541,0.273726,-77.477,2.310,8.6,2554853,2122455,9048,3169092,33055,0.806178,1580302,1417095,226322,41,457179136,0,42.16,62894,0,2
base,gcc,next-line-w0.10,-,next-line,32,0.100,0.2000,1.0000,0.292498,0.094184,71.402,0.015254,0.470912,-26.797,9.168,34.5,1020440,298477,15566,3169092,33055,0.321998,0,0,2148652,0,0,0,11.93,0,0,8
base,gcc,last-stride-w0.10,-,last-stride,32,0.100,0.2000,1.0000,0.195503,0.079161,46.587,0.005531,0.214733,-38.027,7.460,31.0,1283200,250870,7098,3169092,33055,0.404911,0,0,285633,16,0,0,12.30,0,0,11
base,gcc,bitty-w0.25,bitty-4x8-ternary,counts-eu,32,0.250,0.2000,1.0000,0.925329,0.702767,688.589,0.004029,0.293360,-186.045,1.350,5.3,2406855,2227133,9697,3169092,33055,0.759478,1245465,1205938,100959,137,457179136,385236352,111.65,174934,0,1
base,gcc,explicit4-w0.25,explicit-4,counts-eu,32,0.250,0.2000,1.0000,0.849228,0.665593,636.051,0.003577,0.268794,-192.436,2.290,8.5,2483814,2109325,8885,3169092,33055,0.783762,1575985,1413933,208528,41,457179136,0,42.86,62894,0,2
base,gcc,next-line-w0.25,-,next-line,32,0.250,0.2000,1.0000,0.292498,0.094184,37.230,0.015254,0.470912,-74.360,9.168,34.5,1020440,298477,15566,3169092,33055,0.321998,0,0,2148652,0,0,0,11.67,0,0,8
base,gcc,last-stride-w0.25,-,last-stride,32,0.250,0.2000,1.0000,0.195503,0.079161,-2.276,0.005531,0.214733,-98.428,7.460,31.0,1283200,250870,7098,3169092,33055,0.404911,0,0,285633,16,0,0,12.32,0,0,11
base,gcc,bitty-w0.50,bitty-4x8-ternary,counts-eu,32,0.500,0.2000,1.0000,0.933586,0.701162,676.222,0.004038,0.290788,-370.972,1.346,5.2,2380122,2222048,9612,3169092,33055,0.751042,1244148,1204797,92452,137,457179136,385236352,111.58,174934,0,1
base,gcc,explicit4-w0.50,explicit-4,counts-eu,32,0.500,0.2000,1.0000,0.863124,0.656238,604.204,0.003596,0.262139,-376.052,2.286,8.5,2409481,2079680,8665,3169092,33055,0.760306,1554169,1397162,178506,41,457179136,0,41.30,62894,0,2
base,gcc,next-line-w0.50,-,next-line,32,0.500,0.2000,1.0000,0.292498,0.094184,-19.723,0.015254,0.470912,-153.631,9.168,34.5,1020440,298477,15566,3169092,33055,0.321998,0,0,2148652,0,0,0,11.77,0,0,8
base,gcc,last-stride-w0.50,-,last-stride,32,0.500,0.2000,1.0000,0.195503,0.079161,-83.713,0.005531,0.214733,-199.096,7.460,31.0,1283200,250870,7098,3169092,33055,0.404911,0,0,285633,16,0,0,12.42,0,0,11
base,gcc,bitty-w1.00,bitty-4x8-ternary,counts-eu,32,1.000,0.2000,1.0000,0.951950,0.678116,643.888,0.004055,0.276902,-706.567,1.307,5.1,2257483,2149011,9153,3169092,33055,0.712344,1217747,1180556,67023,137,457179136,385236352,110.66,174934,0,1
base,gcc,explicit4-w1.00,explicit-4,counts-eu,32,1.000,0.2000,1.0000,0.895272,0.563081,497.213,0.002948,0.177734,-625.242,2.118,7.9,1993199,1784456,5875,3169092,33055,0.628950,1349537,1247157,90264,41,457179136,0,39.27,62894,0,2
base,gcc,next-line-w1.00,-,next-line,32,1.000,0.2000,1.0000,0.292498,0.094184,-133.630,0.015254,0.470912,-312.174,9.168,34.5,1020440,298477,15566,3169092,33055,0.321998,0,0,2148652,0,0,0,12.16,0,0,8
base,gcc,last-stride-w1.00,-,last-stride,32,1.000,0.2000,1.0000,0.195503,0.079161,-246.588,0.005531,0.214733,-400.431,7.460,31.0,1283200,250870,7098,3169092,33055,0.404911,0,0,285633,16,0,0,12.46,0,0,11
base,gcc,bitty-w2.00,bitty-4x8-ternary,counts-eu,32,2.000,0.2000,1.0000,0.974993,0.633545,601.046,0.003401,0.211889,-1292.957,1.154,4.5,2059256,2007761,7004,3169092,33055,0.649794,1121649,1099595,21530,137,457179136,385236352,109.57,174934,0,1
base,gcc,explicit4-w2.00,explicit-4,counts-eu,32,2.000,0.2000,1.0000,0.952800,0.457399,412.081,0.001979,0.091060,-957.266,1.625,6.0,1521347,1449539,3010,3169092,33055,0.480058,1019087,966802,26172,41,457179136,0,38.10,62894,0,2
base,gcc,next-line-w2.00,-,next-line,32,2.000,0.2000,1.0000,0.292498,0.094184,-361.444,0.015254,0.470912,-629.260,9.168,34.5,1020440,298477,15566,3169092,33055,0.321998,0,0,2148652,0,0,0,11.91,0,0,8
base,gcc,last-stride-w2.00,-,last-stride,32,2.000,0.2000,1.0000,0.195503,0.079161,-572.337,0.005531,0.214733,-803.103,7.460,31.0,1283200,250870,7098,3169092,33055,0.404911,0,0,285633,16,0,0,12.21,0,0,11
A-split,gcc,split-warmup-0.10,bitty-4x8-ternary,counts-eu,32,0.250,0.1000,1.0000,0.922749,0.691406,676.935,0.004111,0.281821,-183.472,1.380,5.4,2671389,2465021,10982,3565228,38968,0.749290,1396537,1350589,120826,137,457179136,385236352,114.40,174934,0,1
A-split,gcc,split-warmup-0.10-explicit4,explicit-4,counts-eu,32,0.250,0.1000,1.0000,0.848962,0.662368,632.907,0.003890,0.277664,-191.259,2.280,8.5,2781622,2361492,10820,3565228,38968,0.780209,1774781,1597383,234127,41,457179136,0,43.62,62894,0,2
A-split,gcc,split-warmup-0.20,bitty-4x8-ternary,counts-eu,32,0.250,0.2000,1.0000,0.925329,0.702767,688.589,0.004029,0.293360,-186.045,1.350,5.3,2406855,2227133,9697,3169092,33055,0.759478,1245465,1205938,100959,137,457179136,385236352,113.74,174934,0,1
A-split,gcc,split-warmup-0.20-explicit4,explicit-4,counts-eu,32,0.250,0.2000,1.0000,0.849228,0.665593,636.051,0.003577,0.268794,-192.436,2.290,8.5,2483814,2109325,8885,3169092,33055,0.783762,1575985,1413933,208528,41,457179136,0,41.43,62894,0,2
A-split,gcc,split-warmup-0.35,bitty-4x8-ternary,counts-eu,32,0.250,0.3500,1.0000,0.925022,0.716760,702.235,0.004361,0.308579,-189.490,1.366,5.0,1995168,1845575,8701,2574887,28197,0.774857,1047349,1019378,71632,137,457179136,385236352,108.47,174934,0,1
A-split,gcc,split-warmup-0.35-explicit4,explicit-4,counts-eu,32,0.250,0.3500,1.0000,0.838078,0.669345,637.014,0.003701,0.269958,-195.971,2.423,8.6,2056475,1723487,7612,2574887,28197,0.798666,1341202,1195642,144719,41,457179136,0,40.34,62894,0,2
A-split,gcc,split-warmup-0.50,bitty-4x8-ternary,counts-eu,32,0.250,0.5000,1.0000,0.928148,0.753531,738.948,0.004380,0.331810,-198.522,1.311,4.4,1608047,1492506,7043,1980682,21226,0.811865,842954,821532,46480,137,457179136,385236352,106.54,174934,0,1
A-split,gcc,split-warmup-0.50-explicit4,explicit-4,counts-eu,32,0.250,0.5000,1.0000,0.833534,0.678840,644.948,0.003536,0.268727,-200.003,2.481,8.4,1613091,1344567,5704,1980682,21226,0.814412,1060882,940102,87961,41,457179136,0,37.89,62894,0,2
A-roll,gcc,roll-0.20-0.30,bitty-4x8-ternary,counts-eu,32,0.250,0.2000,0.3000,0.929100,0.575965,564.977,0.004044,0.215729,-151.846,1.221,6.1,245572,228161,993,396137,4603,0.619917,122441,116279,19222,137,457179136,385236352,97.86,174934,0,0
A-roll,gcc,roll-0.20-0.30-explicit4,explicit-4,counts-eu,32,0.250,0.2000,0.3000,0.905239,0.622123,605.842,0.004658,0.275473,-167.811,1.643,7.6,272244,246446,1268,396137,4603,0.687247,151960,141304,40757,41,457179136,0,31.50,62894,0,0
A-roll,gcc,roll-0.30-0.40,bitty-4x8-ternary,counts-eu,32,0.250,0.3000,0.4000,0.927297,0.685835,672.392,0.001382,0.191580,-183.624,1.313,8.3,292985,271684,405,396136,2114,0.739607,117889,111614,24166,137,457179136,385236352,96.97,174934,0,0
A-roll,gcc,roll-0.30-0.40-explicit4,explicit-4,counts-eu,32,0.250,0.3000,0.4000,0.888005,0.652912,632.326,0.002094,0.288553,-181.890,1.729,9.7,291262,258642,610,396136,2114,0.735258,140762,131462,61349,41,457179136,0,30.79,62894,0,0
A-roll,gcc,roll-0.40-0.50,bitty-4x8-ternary,counts-eu,32,0.250,0.4000,0.5000,0.902129,0.592676,576.602,0.004826,0.245696,-160.280,1.765,6.2,260252,234781,1256,396137,5112,0.656975,162181,156512,11090,137,457179136,385236352,97.95,174934,0,0
A-roll,gcc,roll-0.40-0.50-explicit4,explicit-4,counts-eu,32,0.250,0.4000,0.5000,0.845224,0.655500,625.492,0.004241,0.254890,-189.772,2.474,8.7,307218,259668,1303,396137,5112,0.775535,222381,201063,18460,41,457179136,0,31.41,62894,0,0
A-roll,gcc,roll-0.50-0.60,bitty-4x8-ternary,counts-eu,32,0.250,0.5000,0.6000,0.921965,0.737065,721.469,0.004121,0.311233,-195.745,1.325,4.5,316691,291978,1305,396136,4193,0.799450,162809,158904,8840,137,457179136,385236352,97.62,174934,0,0
A-roll,gcc,roll-0.50-0.60-explicit4,explicit-4,counts-eu,32,0.250,0.5000,0.6000,0.828753,0.675404,640.514,0.004079,0.314095,-199.585,2.510,8.6,322837,267552,1317,396136,4193,0.814965,211610,187518,17886,41,457179136,0,31.91,62894,0,0
A-roll,gcc,roll-0.60-0.70,bitty-4x8-ternary,counts-eu,32,0.250,0.6000,0.7000,0.927260,0.748793,734.108,0.004720,0.337054,-197.119,1.313,4.5,319893,296624,1510,396136,4480,0.807533,169219,164782,8707,137,457179136,385236352,101.41,174934,0,0
A-roll,gcc,roll-0.60-0.70-explicit4,explicit-4,counts-eu,32,0.250,0.6000,0.7000,0.834540,0.679630,645.944,0.004126,0.297098,-199.394,2.477,8.4,322604,269226,1331,396136,4480,0.814377,214594,189651,17625,41,457179136,0,33.88,62894,0,0
A-roll,gcc,roll-0.70-0.80,bitty-4x8-ternary,counts-eu,32,0.250,0.7000,0.8000,0.929590,0.752649,738.397,0.004508,0.336279,-197.851,1.312,4.5,320735,298152,1446,396137,4300,0.809657,172022,167906,8752,137,457179136,385236352,102.42,174934,0,0
A-roll,gcc,roll-0.70-0.80-explicit4,explicit-4,counts-eu,32,0.250,0.7000,0.8000,0.840950,0.675918,643.958,0.003986,0.295116,-196.934,2.389,8.1,318397,267756,1269,396137,4300,0.803755,212926,189515,17751,41,457179136,0,32.26,62894,0,0
A-roll,gcc,roll-0.80-0.90,bitty-4x8-ternary,counts-eu,32,0.250,0.8000,0.9000,0.932488,0.762306,748.509,0.004508,0.346546,-199.767,1.321,4.5,323840,301977,1460,396136,4213,0.817497,171026,166588,9666,137,457179136,385236352,99.11,174934,0,0
A-roll,gcc,roll-0.80-0.90-explicit4,explicit-4,counts-eu,32,0.250,0.8000,0.9000,0.837501,0.680963,647.932,0.002745,0.209827,-200.483,2.464,8.4,322094,269754,884,396136,4213,0.813089,212679,188653,17123,41,457179136,0,32.57,62894,0,0
A-roll,gcc,roll-0.90-1.00,bitty-4x8-ternary,counts-eu,32,0.250,0.9000,1.0000,0.929282,0.766833,752.244,0.004044,0.327228,-202.126,1.285,4.3,326888,303771,1322,396137,4040,0.825189,167878,163348,10515,137,457179136,385236352,101.67,174934,0,1
A-roll,gcc,roll-0.90-1.00-explicit4,explicit-4,counts-eu,32,0.250,0.9000,1.0000,0.826121,0.682272,646.371,0.002760,0.223515,-203.619,2.565,8.6,327159,270273,903,396137,4040,0.825873,209073,184759,17576,41,457179136,0,32.60,62894,0,2
B,gcc,type+delta,type+delta,counts-eu,32,0.100,0.2000,1.0000,0.783225,0.750890,730.107,0.000008,0.000696,-95.863,4.654,19.5,3038255,2379638,23,3169092,33055,0.958715,3025348,2376772,7301,9,457179136,0,29.27,54,0,9
B,gcc,pc-only,pc-only,counts-eu,32,0.100,0.2000,1.0000,0.819132,0.654318,639.871,0.003654,0.279837,-76.669,2.484,9.1,2531453,2073595,9250,3169092,33055,0.798794,1710821,1516854,244555,17,457179136,0,31.78,24546,0,5
B,gcc,explicit-1,explicit-1,counts-eu,32,0.100,0.2000,1.0000,0.819132,0.654318,639.871,0.003654,0.279837,-76.669,2.484,9.1,2531453,2073595,9250,3169092,33055,0.798794,1710821,1516854,244555,17,457179136,0,35.71,24546,0,5
B,gcc,explicit-2,explicit-2,counts-eu,32,0.100,0.2000,1.0000,0.828994,0.661477,647.832,0.003619,0.276842,-76.616,2.366,8.7,2528702,2096280,9151,3169092,33055,0.797926,1646523,1465175,234718,25,457179136,0,38.09,38628,0,3
B,gcc,explicit-4,explicit-4,counts-eu,32,0.100,0.2000,1.0000,0.830754,0.669736,656.092,0.003541,0.273726,-77.477,2.310,8.6,2554853,2122455,9048,3169092,33055,0.806178,1580302,1417095,226322,41,457179136,0,42.91,62894,0,2
B,gcc,explicit-8,explicit-8,counts-eu,32,0.100,0.2000,1.0000,0.838322,0.677908,664.834,0.003678,0.285161,-77.593,2.196,8.3,2562683,2148353,9426,3169092,33055,0.808649,1518976,1372652,199741,73,457179136,0,49.81,94623,0,2
B,gcc,explicit-16,explicit-16,counts-eu,32,0.100,0.2000,1.0000,0.841852,0.662248,649.807,0.003763,0.283769,-75.410,2.177,8.2,2492985,2098724,9380,3169092,33055,0.786656,1466186,1323608,189854,137,457179136,0,64.78,158513,0,0
B,gcc,bitty-1x8-tau8,bitty-1x8-tau8,counts-eu,32,0.100,0.2000,1.0000,0.836977,0.646756,634.158,0.002929,0.216972,-74.783,2.091,8.0,2448846,2049628,7172,3169092,33055,0.772728,1587745,1433172,202764,41,457179136,96309088,67.50,25628,0,6
B,gcc,bitty-1x8-tau32,bitty-1x8-tau32,counts-eu,32,0.100,0.2000,1.0000,0.839550,0.678687,665.716,0.003181,0.246529,-78.011,1.916,7.2,2561873,2150820,8149,3169092,33055,0.808393,1492353,1362609,212289,41,457179136,96309088,71.89,41057,0,2
B,gcc,bitty-4x8-ternary,bitty-4x8-ternary,counts-eu,32,0.100,0.2000,1.0000,0.906418,0.708438,701.124,0.003975,0.297837,-74.741,1.375,5.4,2476900,2245106,9845,3169092,33055,0.781580,1261156,1218971,118184,137,457179136,385236352,112.59,174934,0,1
B,gcc,random-matched,random-matched,counts-eu,32,0.100,0.2000,1.0000,0.644021,0.031791,30.034,0.000409,0.001936,-4.914,4.961,17.3,156436,100748,64,3169092,33055,0.049363,134066,98149,304,8,457179136,0,90.44,1024378,97,2
B,gcc,bitty-shuffled-instr,bitty-shuffled-instr,counts-eu,32,0.100,0.2000,1.0000,0.820163,0.048942,47.869,0.000312,0.001785,-5.947,1.757,10.1,189110,155101,59,3169092,33055,0.059673,150492,134705,18309,137,457179136,385236352,167.86,3253003,199585,0
B,gcc,bitty-no-delta,bitty-no-delta,counts-eu,32,0.100,0.2000,1.0000,0.883801,0.691562,682.470,0.003780,0.283558,-74.995,1.547,6.1,2479772,2191625,9373,3169092,33055,0.782487,1338988,1273543,155691,137,457179136,385236352,109.37,152523,0,1
B,gcc,bitty-no-type,bitty-no-type,counts-eu,32,0.100,0.2000,1.0000,0.905381,0.706967,699.578,0.003917,0.293239,-74.720,1.394,5.5,2474584,2240442,9693,3169092,33055,0.780850,1269267,1224910,124229,137,457179136,385236352,112.93,173558,0,1
B,gcc,bitty-instr-only,bitty-instr-only,counts-eu,32,0.100,0.2000,1.0000,0.906418,0.708438,701.124,0.003975,0.297837,-74.741,1.375,5.4,2476900,2245106,9845,3169092,33055,0.781580,1261156,1218971,118184,137,457179136,385236352,114.07,174934,0,1
B,gcc,bitty-data-only,bitty-data-only,counts-eu,32,0.100,0.2000,1.0000,0.953706,0.371498,369.695,0.000437,0.016336,-38.766,1.384,6.0,1234460,1177312,540,3169092,33055,0.389531,511811,492790,52610,137,457179136,126763648,120.42,1620101,1633,5
B,gcc,bitty-instr+data,bitty-instr+data,counts-eu,32,0.100,0.2000,1.0000,0.952763,0.605024,602.025,0.001095,0.066646,-62.737,1.188,5.0,2012439,1917378,2203,3169092,33055,0.635021,887672,866592,67354,137,457179136,512000000,151.93,756411,0,0
B,gcc,type+delta,type+delta,counts-eu,32,0.250,0.2000,1.0000,0.829982,0.620243,588.479,0.000010,0.000696,-186.815,4.130,16.7,2368251,1965606,23,3169092,33055,0.747296,2363073,1963725,2460,9,457179136,0,27.75,54,0,6
B,gcc,pc-only,pc-only,counts-eu,32,0.250,0.2000,1.0000,0.838721,0.646468,615.390,0.003749,0.277053,-189.082,2.448,8.9,2442666,2048715,9158,3169092,33055,0.770778,1691514,1501170,222370,17,457179136,0,31.79,24546,0,3
B,gcc,explicit-1,explicit-1,counts-eu,32,0.250,0.2000,1.0000,0.838721,0.646468,615.390,0.003749,0.277053,-189.082,2.448,8.9,2442666,2048715,9158,3169092,33055,0.770778,1691514,1501170,222370,17,457179136,0,35.81,24546,0,3
B,gcc,explicit-2,explicit-2,counts-eu,32,0.250,0.2000,1.0000,0.851023,0.653515,624.914,0.003721,0.273937,-188.407,2.333,8.6,2433597,2071048,9055,3169092,33055,0.767916,1628164,1450242,218472,25,457179136,0,37.86,38628,0,2
B,gcc,explicit-4,explicit-4,counts-eu,32,0.250,0.2000,1.0000,0.849228,0.665593,636.051,0.003577,0.268794,-192.436,2.290,8.5,2483814,2109325,8885,3169092,33055,0.783762,1575985,1413933,208528,41,457179136,0,41.78,62894,0,2
B,gcc,explicit-8,explicit-8,counts-eu,32,0.250,0.2000,1.0000,0.852528,0.675614,646.397,0.003691,0.280442,-194.464,2.186,8.2,2511452,2141083,9270,3169092,33055,0.792483,1517496,1371843,184253,73,457179136,0,50.06,94623,0,2
B,gcc,explicit-16,explicit-16,counts-eu,32,0.250,0.2000,1.0000,0.855247,0.660475,632.528,0.003779,0.279806,-189.418,2.171,8.2,2447371,2093107,9249,3169092,33055,0.772263,1464766,1322789,177022,137,457179136,0,65.47,158513,0,0
B,gcc,bitty-1x8-tau8,bitty-1x8-tau8,counts-eu,32,0.250,0.2000,1.0000,0.860381,0.634007,608.286,0.002944,0.208017,-181.511,2.023,7.7,2335275,2009227,6876,3169092,33055,0.736891,1531455,1391831,171901,41,457179136,96309088,67.54,25628,0,4
B,gcc,bitty-1x8-tau32,bitty-1x8-tau32,counts-eu,32,0.250,0.2000,1.0000,0.858415,0.672299,644.577,0.003141,0.235880,-192.721,1.895,7.1,2481990,2130578,7797,3169092,33055,0.783186,1475073,1349209,188695,41,457179136,96309088,72.22,41057,0,2
B,gcc,bitty-4x8-ternary,bitty-4x8-ternary,counts-eu,32,0.250,0.2000,1.0000,0.925329,0.702767,688.589,0.004029,0.293360,-186.045,1.350,5.3,2406855,2227133,9697,3169092,33055,0.759478,1245465,1205938,100959,137,457179136,385236352,113.62,174934,0,1
B,gcc,random-matched,random-matched,counts-eu,32,0.250,0.2000,1.0000,0.648052,0.031734,27.425,0.000406,0.001906,-12.217,4.958,17.3,155185,100568,63,3169092,33055,0.048968,133892,98022,296,8,457179136,0,91.84,1024378,97,2
B,gcc,bitty-shuffled-instr,bitty-shuffled-instr,counts-eu,32,0.250,0.2000,1.0000,0.828297,0.048691,46.168,0.000317,0.001785,-14.673,1.732,9.9,186293,154306,59,3169092,33055,0.058784,149933,134227,15958,137,457179136,385236352,169.87,3253003,199585,0
B,gcc,bitty-no-delta,bitty-no-delta,counts-eu,32,0.250,0.2000,1.0000,0.900129,0.685255,666.248,0.003817,0.278596,-186.689,1.523,5.9,2412583,2171637,9209,3169092,33055,0.761285,1320280,1257951,140885,137,457179136,385236352,109.22,152523,0,1
B,gcc,bitty-no-type,bitty-no-type,counts-eu,32,0.250,0.2000,1.0000,0.923990,0.701311,686.888,0.003968,0.288731,-185.986,1.369,5.3,2405349,2222518,9544,3169092,33055,0.759003,1253573,1211876,107205,137,457179136,385236352,111.85,173558,0,1
B,gcc,bitty-instr-only,bitty-instr-only,counts-eu,32,0.250,0.2000,1.0000,0.925329,0.702767,688.589,0.004029,0.293360,-186.045,1.350,5.3,2406855,2227133,9697,3169092,33055,0.759478,1245465,1205938,100959,137,457179136,385236352,116.67,174934,0,1
B,gcc,bitty-data-only,bitty-data-only,counts-eu,32,0.250,0.2000,1.0000,0.962133,0.371270,367.617,0.000413,0.015278,-96.271,1.382,6.0,1222897,1176589,505,3169092,33055,0.385882,511266,492253,49023,137,457179136,126763648,124.86,1620101,1633,3
B,gcc,bitty-instr+data,bitty-instr+data,counts-eu,32,0.250,0.2000,1.0000,0.964765,0.604283,598.766,0.001087,0.065255,-155.737,1.178,5.0,1984970,1915029,2157,3169092,33055,0.626353,886330,865307,59613,137,457179136,512000000,149.42,756411,0,0
B,gcc,type+delta,type+delta,counts-eu,32,1.000,0.2000,1.0000,0.854771,0.411470,341.560,0.000004,0.000182,-481.377,3.742,14.7,1525539,1303987,6,3169092,33055,0.481380,1525374,1303846,0,9,457179136,0,24.87,54,0,4
B,gcc,pc-only,pc-only,counts-eu,32,1.000,0.2000,1.0000,0.896168,0.529811,468.426,0.003624,0.205385,-586.912,2.281,8.0,1873556,1679021,6789,3169092,33055,0.591196,1383431,1274362,80534,17,457179136,0,29.26,24546,0,2
B,gcc,explicit-1,explicit-1,counts-eu,32,1.000,0.2000,1.0000,0.896168,0.529811,468.426,0.003624,0.205385,-586.912,2.281,8.0,1873556,1679021,6789,3169092,33055,0.591196,1383431,1274362,80534,17,457179136,0,33.31,24546,0,2
B,gcc,explicit-2,explicit-2,counts-eu,32,1.000,0.2000,1.0000,0.902778,0.552374,492.888,0.003454,0.202602,-607.634,2.156,7.8,1939042,1750524,6697,3169092,33055,0.611860,1369947,1268625,87572,25,457179136,0,35.93,38628,0,2
B,gcc,explicit-4,explicit-4,counts-eu,32,1.000,0.2000,1.0000,0.895272,0.563081,497.213,0.002948,0.177734,-625.242,2.118,7.9,1993199,1784456,5875,3169092,33055,0.628950,1349537,1247157,90264,41,457179136,0,40.79,62894,0,2
B,gcc,explicit-8,explicit-8,counts-eu,32,1.000,0.2000,1.0000,0.897901,0.577799,512.099,0.002604,0.160641,-640.149,2.011,7.7,2039310,1831099,5310,3169092,33055,0.643500,1323689,1225761,86487,73,457179136,0,48.64,94623,0,2
B,gcc,explicit-16,explicit-16,counts-eu,32,1.000,0.2000,1.0000,0.897877,0.563282,499.216,0.002586,0.155529,-624.105,2.002,7.7,1988128,1785094,5141,3169092,33055,0.627349,1268429,1175224,85079,137,457179136,0,63.84,158513,0,0
B,gcc,bitty-1x8-tau8,bitty-1x8-tau8,counts-eu,32,1.000,0.2000,1.0000,0.930393,0.552657,511.310,0.003262,0.185781,-590.128,1.899,7.0,1882451,1751420,6141,3169092,33055,0.594003,1308555,1235236,82175,41,457179136,96309088,65.76,25628,0,3
B,gcc,bitty-1x8-tau32,bitty-1x8-tau32,counts-eu,32,1.000,0.2000,1.0000,0.919549,0.593201,541.301,0.001825,0.112842,-642.746,1.630,6.1,2044380,1879907,3730,3169092,33055,0.645100,1291507,1206701,81408,41,457179136,96309088,71.33,41057,0,2
B,gcc,bitty-4x8-ternary,bitty-4x8-ternary,counts-eu,32,1.000,0.2000,1.0000,0.951950,0.678116,643.888,0.004055,0.276902,-706.567,1.307,5.1,2257483,2149011,9153,3169092,33055,0.712344,1217747,1180556,67023,137,457179136,385236352,116.14,174934,0,1
B,gcc,random-matched,random-matched,counts-eu,32,1.000,0.2000,1.0000,0.731800,0.009024,5.717,0.000000,0.000000,-12.331,4.895,17.2,39079,28598,0,3169092,33055,0.012331,39052,28590,0,8,457179136,0,94.98,1024378,97,0
B,gcc,bitty-shuffled-instr,bitty-shuffled-instr,counts-eu,32,1.000,0.2000,1.0000,0.886658,0.042594,37.149,0.000361,0.001664,-48.004,1.650,9.5,152239,134984,55,3169092,33055,0.048039,141742,127036,2143,137,457179136,385236352,169.08,3253003,199585,0
B,gcc,bitty-no-delta,bitty-no-delta,counts-eu,32,1.000,0.2000,1.0000,0.935581,0.637397,593.509,0.003669,0.239631,-676.285,1.425,5.6,2159052,2019969,7921,3169092,33055,0.681284,1240496,1189971,81360,137,457179136,385236352,110.68,152523,0,1
B,gcc,bitty-no-type,bitty-no-type,counts-eu,32,1.000,0.2000,1.0000,0.950853,0.672552,637.790,0.004016,0.272304,-701.634,1.324,5.2,2241544,2131379,9001,3169092,33055,0.707314,1213508,1175654,70592,137,457179136,385236352,114.74,173558,0,1
B,gcc,bitty-instr-only,bitty-instr-only,counts-eu,32,1.000,0.2000,1.0000,0.951950,0.678116,643.888,0.004055,0.276902,-706.567,1.307,5.1,2257483,2149011,9153,3169092,33055,0.712344,1217747,1180556,67023,137,457179136,385236352,114.28,174934,0,1
B,gcc,bitty-data-only,bitty-data-only,counts-eu,32,1.000,0.2000,1.0000,0.976852,0.362474,353.885,0.000339,0.012071,-370.812,1.303,5.7,1175936,1148715,399,3169092,33055,0.371064,487785,472100,33538,137,457179136,126763648,114.34,1620101,1633,1
B,gcc,bitty-instr+data,bitty-instr+data,counts-eu,32,1.000,0.2000,1.0000,0.977662,0.595951,582.335,0.000964,0.056361,-608.392,1.148,4.8,1931776,1888624,1863,3169092,33055,0.609568,869435,849959,42651,137,457179136,512000000,148.05,756411,0,0
D,gcc,counts-eu,bitty-4x8-ternary,counts-eu,32,0.250,0.2000,1.0000,0.925329,0.702767,688.589,0.004029,0.293360,-186.045,1.350,5.3,2406855,2227133,9697,3169092,33055,0.759478,1245465,1205938,100959,137,457179136,385236352,114.39,174934,0,1
D,gcc,decay-0.99,bitty-4x8-ternary,decay-0.99,32,0.250,0.2000,1.0000,0.918694,0.702448,686.906,0.003938,0.288670,-187.390,1.383,5.4,2423138,2226122,9542,3169092,33055,0.764616,1230079,1190690,117720,137,457179136,385236352,117.80,174934,0,1
D,gcc,decay-0.999,bitty-4x8-ternary,decay-0.999,32,0.250,0.2000,1.0000,0.923696,0.695794,681.425,0.004011,0.289669,-184.541,1.377,5.4,2387187,2205036,9575,3169092,33055,0.753272,1233239,1193590,102115,137,457179136,385236352,115.86,174934,0,1
D,gcc,bandit,bitty-4x8-ternary,bandit,32,0.250,0.2000,1.0000,0.952047,0.677670,669.136,0.004085,0.278778,-174.316,1.437,5.6,2255769,2147597,9215,3169092,33055,0.711803,1233451,1197855,91803,137,591396864,385236352,118.01,174934,0,1
D,gcc,topk-1,bitty-4x8-ternary,topk-1,32,0.250,0.2000,1.0000,0.931076,0.661856,649.608,0.004423,0.301407,-173.783,1.322,5.1,2252752,2097484,9963,3169092,33055,0.710851,1186500,1153287,87731,137,104857600,385236352,104.84,174934,0,2
D,gcc,topk-2,bitty-4x8-ternary,topk-2,32,0.250,0.2000,1.0000,0.926419,0.695859,682.041,0.004008,0.288610,-184.019,1.361,5.3,2380392,2205240,9540,3169092,33055,0.751127,1243381,1203283,98265,137,155189248,385236352,113.53,174934,0,1
D,gcc,topk-4,bitty-4x8-ternary,topk-4,32,0.250,0.2000,1.0000,0.925824,0.701547,687.495,0.004030,0.292785,-185.621,1.350,5.3,2401395,2223268,9678,3169092,33055,0.757755,1244951,1205426,100074,137,255852544,385236352,115.84,174934,0,1
D,gcc,topk-8,bitty-4x8-ternary,topk-8,32,0.250,0.2000,1.0000,0.925329,0.702767,688.589,0.004029,0.293360,-186.045,1.350,5.3,2406855,2227133,9697,3169092,33055,0.759478,1245465,1205938,100959,137,457179136,385236352,111.74,174934,0,1
D,gcc,fixed-conf-0.25,bitty-4x8-ternary,fixed-conf-0.25,32,0.250,0.2000,1.0000,0.929774,0.702291,689.030,0.004030,0.291817,-185.029,1.348,5.3,2393726,2225625,9646,3169092,33055,0.755335,1245057,1205577,97632,137,457179136,385236352,114.68,174934,0,1
D,gcc,fixed-conf-0.50,bitty-4x8-ternary,fixed-conf-0.50,32,0.250,0.2000,1.0000,0.951950,0.678116,669.559,0.004055,0.276902,-174.476,1.307,5.1,2257483,2149011,9153,3169092,33055,0.712344,1217747,1180556,67023,137,457179136,385236352,110.79,174934,0,1
D,gcc,fixed-conf-0.75,bitty-4x8-ternary,fixed-conf-0.75,32,0.250,0.2000,1.0000,0.982383,0.613160,610.412,0.003293,0.197035,-153.470,1.114,4.3,1978009,1943162,6513,3169092,33055,0.624156,1080265,1062545,13051,137,457179136,385236352,107.71,174934,0,1
D,gcc,fixed-conf-0.90,bitty-4x8-ternary,fixed-conf-0.90,32,0.250,0.2000,1.0000,0.995742,0.536114,535.541,0.003305,0.170594,-132.378,1.019,3.7,1706261,1698995,5639,3169092,33055,0.538407,899763,897510,2939,137,457179136,385236352,105.66,174934,0,1
D,gcc,no-gate,bitty-4x8-ternary,no-gate,32,0.250,0.2000,1.0000,0.836137,0.710662,675.844,0.003676,0.299531,-208.579,1.396,5.5,2693523,2252153,9901,3169092,33055,0.849935,1265519,1222441,187986,137,457179136,385236352,111.65,174934,0,4
D,gcc,min-evidence-1,bitty-4x8-ternary,min-evidence-1,32,0.250,0.2000,1.0000,0.919363,0.745308,728.965,0.004128,0.320829,-198.487,1.352,5.3,2569116,2361950,10605,3169092,33055,0.810679,1317690,1276178,112443,137,457179136,385236352,111.61,174934,0,3
D,gcc,min-evidence-2,bitty-4x8-ternary,min-evidence-2,32,0.250,0.2000,1.0000,0.920985,0.732641,716.927,0.004101,0.312751,-194.797,1.351,5.3,2521004,2321806,10338,3169092,33055,0.795497,1295275,1254521,108709,137,457179136,385236352,109.52,174934,0,2
D,gcc,min-evidence-6,bitty-4x8-ternary,min-evidence-6,32,0.250,0.2000,1.0000,0.925329,0.702767,688.589,0.004029,0.293360,-186.045,1.350,5.3,2406855,2227133,9697,3169092,33055,0.759478,1245465,1205938,100959,137,457179136,385236352,113.39,174934,0,1
D,gcc,min-evidence-16,bitty-4x8-ternary,min-evidence-16,32,0.250,0.2000,1.0000,0.928135,0.658532,645.784,0.003960,0.269399,-173.868,1.352,5.2,2248539,2086948,8905,3169092,33055,0.709522,1173893,1136111,92083,137,457179136,385236352,107.54,174934,0,1
D,gcc,min-evidence-64,bitty-4x8-ternary,min-evidence-64,32,0.250,0.2000,1.0000,0.928284,0.552321,541.653,0.003819,0.217849,-145.907,1.365,5.2,1885582,1750356,7201,3169092,33055,0.594991,1000033,965935,73370,137,457179136,385236352,107.49,174934,0,0
D,gcc,absolute-line-outcome,bitty-4x8-ternary,absolute-line-outcome,32,0.250,0.2000,1.0000,0.943201,0.650446,640.653,0.000551,0.036454,-171.929,1.311,5.3,2185454,2061322,1205,3169092,33055,0.689615,865487,845705,230964,137,457179136,385236352,111.21,174934,0,0
D,gcc,slots-2^14,bitty-4x8-ternary,slots-2^14,32,0.250,0.2000,1.0000,0.922900,0.619012,606.084,0.003876,0.249251,-164.431,1.367,5.4,2125589,1961707,8239,3169092,33055,0.670725,1099549,1063823,88313,137,1785856,385236352,102.78,16384,424437,1
D,gcc,slots-2^16,bitty-4x8-ternary,slots-2^16,32,0.250,0.2000,1.0000,0.925240,0.699646,685.514,0.004029,0.292089,-185.236,1.351,5.3,2396398,2217244,9655,3169092,33055,0.756178,1239581,1200147,100495,137,7143424,385236352,107.26,65535,126730,1
D,gcc,slots-2^18,bitty-4x8-ternary,slots-2^18,32,0.250,0.2000,1.0000,0.925329,0.702763,688.585,0.004029,0.293360,-186.044,1.350,5.3,2406841,2227120,9697,3169092,33055,0.759473,1245454,1205927,100958,137,28573696,385236352,109.16,171098,3921,1
D,gcc,slots-2^20,bitty-4x8-ternary,slots-2^20,32,0.250,0.2000,1.0000,0.925329,0.702767,688.589,0.004029,0.293360,-186.045,1.350,5.3,2406855,2227133,9697,3169092,33055,0.759478,1245465,1205938,100959,137,114294784,385236352,106.04,174933,1,1
D,gcc,slots-2^22,bitty-4x8-ternary,slots-2^22,32,0.250,0.2000,1.0000,0.925329,0.702767,688.589,0.004029,0.293360,-186.045,1.350,5.3,2406855,2227133,9697,3169092,33055,0.759478,1245465,1205938,100959,137,457179136,385236352,116.30,174934,0,1
E,gcc,next-line,-,next-line,32,0.250,0.2000,1.0000,0.292498,0.094184,37.230,0.015254,0.470912,-74.360,9.168,34.5,1020440,298477,15566,3169092,33055,0.321998,0,0,2148652,0,0,0,11.73,0,0,8
E,gcc,last-stride,-,last-stride,32,0.250,0.2000,1.0000,0.195503,0.079161,-2.276,0.005531,0.214733,-98.428,7.460,31.0,1283200,250870,7098,3169092,33055,0.404911,0,0,285633,16,0,0,12.82,0,0,11
E,gcc,pc-stride,-,pc-stride,32,0.250,0.2000,1.0000,0.149609,0.001328,-0.559,0.055792,0.047497,-1.601,8.881,42.1,28140,4210,1570,3169092,33055,0.008880,0,0,25951,0,98304,0,8.24,0,0,0
E,gcc,delta-markov,-,delta-markov,32,0.250,0.2000,1.0000,0.892726,0.521423,505.758,0.001139,0.063773,-145.188,2.465,9.8,1851000,1652436,2108,3169092,33055,0.584079,1211722,1072289,64330,0,262144,0,17.91,0,0,5
E,gcc,ghb-gdc,-,ghb-gdc,32,0.250,0.2000,1.0000,0.576568,0.277832,226.822,0.004446,0.205415,-117.790,3.520,14.8,1527097,880475,6790,3169092,33055,0.481872,0,0,154314,0,294912,0,16.07,0,0,7
E,gcc,spp-lite,-,spp-lite,32,0.250,0.2000,1.0000,0.816369,0.146148,137.930,0.005758,0.098835,-43.467,1.223,6.2,567338,463157,3267,3169092,33055,0.179022,0,0,28622,0,262144,0,12.58,0,0,1
E,gcc,prepchef-bitty-w0.05,bitty-4x8-ternary,counts-eu,32,0.050,0.2000,1.0000,0.892900,0.709613,705.358,0.003919,0.298593,-36.466,1.382,5.5,2518569,2248830,9870,3169092,33055,0.794729,1264825,1221751,131799,137,457179136,385236352,114.74,174934,0,2
E,gcc,prepchef-explicit4-w0.05,explicit-4,counts-eu,32,0.050,0.2000,1.0000,0.820964,0.670439,663.129,0.003518,0.275420,-37.816,2.323,8.7,2588034,2124684,9104,3169092,33055,0.816648,1582969,1419418,240029,41,457179136,0,44.75,62894,0,2
E,gcc,prepchef-bitty-w0.10,bitty-4x8-ternary,counts-eu,32,0.100,0.2000,1.0000,0.906418,0.708438,701.124,0.003975,0.297837,-74.741,1.375,5.4,2476900,2245106,9845,3169092,33055,0.781580,1261156,1218971,118184,137,457179136,385236352,112.16,174934,0,1
E,gcc,prepchef-explicit4-w0.10,explicit-4,counts-eu,32,0.100,0.2000,1.0000,0.830754,0.669736,656.092,0.003541,0.273726,-77.477,2.310,8.6,2554853,2122455,9048,3169092,33055,0.806178,1580302,1417095,226322,41,457179136,0,41.64,62894,0,2
E,gcc,prepchef-bitty-w0.25,bitty-4x8-ternary,counts-eu,32,0.250,0.2000,1.0000,0.925329,0.702767,688.589,0.004029,0.293360,-186.045,1.350,5.3,2406855,2227133,9697,3169092,33055,0.759478,1245465,1205938,100959,137,457179136,385236352,109.51,174934,0,1
E,gcc,prepchef-explicit4-w0.25,explicit-4,counts-eu,32,0.250,0.2000,1.0000,0.849228,0.665593,636.051,0.003577,0.268794,-192.436,2.290,8.5,2483814,2109325,8885,3169092,33055,0.783762,1575985,1413933,208528,41,457179136,0,41.68,62894,0,2
E,gcc,prepchef-bitty-w0.50,bitty-4x8-ternary,counts-eu,32,0.500,0.2000,1.0000,0.933586,0.701162,676.222,0.004038,0.290788,-370.972,1.346,5.2,2380122,2222048,9612,3169092,33055,0.751042,1244148,1204797,92452,137,457179136,385236352,111.47,174934,0,1
E,gcc,prepchef-explicit4-w0.50,explicit-4,counts-eu,32,0.500,0.2000,1.0000,0.863124,0.656238,604.204,0.003596,0.262139,-376.052,2.286,8.5,2409481,2079680,8665,3169092,33055,0.760306,1554169,1397162,178506,41,457179136,0,41.53,62894,0,2
E,gcc,prepchef-bitty-w1.00,bitty-4x8-ternary,counts-eu,32,1.000,0.2000,1.0000,0.951950,0.678116,643.888,0.004055,0.276902,-706.567,1.307,5.1,2257483,2149011,9153,3169092,33055,0.712344,1217747,1180556,67023,137,457179136,385236352,108.44,174934,0,1
E,gcc,prepchef-explicit4-w1.00,explicit-4,counts-eu,32,1.000,0.2000,1.0000,0.895272,0.563081,497.213,0.002948,0.177734,-625.242,2.118,7.9,1993199,1784456,5875,3169092,33055,0.628950,1349537,1247157,90264,41,457179136,0,39.57,62894,0,2
E,gcc,prepchef-bitty-w2.00,bitty-4x8-ternary,counts-eu,32,2.000,0.2000,1.0000,0.974993,0.633545,601.046,0.003401,0.211889,-1292.957,1.154,4.5,2059256,2007761,7004,3169092,33055,0.649794,1121649,1099595,21530,137,457179136,385236352,108.12,174934,0,1
E,gcc,prepchef-explicit4-w2.00,explicit-4,counts-eu,32,2.000,0.2000,1.0000,0.952800,0.457399,412.081,0.001979,0.091060,-957.266,1.625,6.0,1521347,1449539,3010,3169092,33055,0.480058,1019087,966802,26172,41,457179136,0,37.95,62894,0,2
E,gcc,prepchef-bitty-w4.00,bitty-4x8-ternary,counts-eu,32,4.000,0.2000,1.0000,0.987418,0.592845,562.628,0.003324,0.191318,-2391.619,1.079,4.1,1902720,1878780,6324,3169092,33055,0.600399,1025837,1014201,9308,137,457179136,385236352,106.83,174934,0,1
E,gcc,prepchef-explicit4-w4.00,explicit-4,counts-eu,32,4.000,0.2000,1.0000,0.976586,0.358589,324.200,0.001935,0.068129,-1465.194,1.181,4.6,1163649,1136403,2252,3169092,33055,0.367187,696511,679031,9214,41,457179136,0,37.65,62894,0,2
E-noself,gcc,prepchef-noself-w0.25,bitty-4x8-ternary,counts-eu,32,0.250,0.2000,1.0000,0.881679,0.330868,319.767,0.008154,0.293360,-89.993,1.187,5.6,1189266,1048551,9697,3169092,33055,0.375270,0,0,73083,137,457179136,385236352,111.12,174934,0,0
E-noself,gcc,prepchef-noself-w1.00,bitty-4x8-ternary,counts-eu,32,1.000,0.2000,1.0000,0.932869,0.313660,291.089,0.008590,0.276902,-330.455,1.122,5.3,1065549,994018,9153,3169092,33055,0.336232,0,0,41210,137,457179136,385236352,108.45,174934,0,0
base,xz,bitty-w0.05,bitty-4x8-ternary,counts-eu,32,0.050,0.2000,1.0000,0.914159,0.785472,781.784,0.000100,0.007402,-42.871,1.331,4.7,3070330,2806769,307,3573355,41473,0.859229,1347805,1310790,143912,137,457179136,369065824,133.10,46368,0,5
base,xz,explicit4-w0.05,explicit-4,counts-eu,32,0.050,0.2000,1.0000,0.862690,0.682352,676.921,0.000107,0.007306,-39.459,2.010,6.9,2826375,2438285,303,3573355,41473,0.790958,1545093,1432218,416591,41,457179136,0,43.03,9954,0,6
base,xz,next-line-w0.05,-,next-line,32,0.050,0.2000,1.0000,0.359128,0.097679,88.963,0.001375,0.032214,-13.207,8.834,31.5,971911,349040,1336,3573355,41473,0.271988,0,0,2601444,0,0,0,12.16,0,0,4
base,xz,last-stride-w0.05,-,last-stride,32,0.050,0.2000,1.0000,0.302387,0.147433,130.426,0.000414,0.017385,-24.166,5.482,19.9,1742232,526829,721,3573355,41473,0.487562,0,0,394613,16,0,0,14.18,0,0,8
base,xz,bitty-w0.10,bitty-4x8-ternary,counts-eu,32,0.100,0.2000,1.0000,0.925235,0.785166,778.822,0.000098,0.007137,-84.770,1.323,4.6,3032396,2805678,296,3573355,41473,0.848613,1347783,1310769,138476,137,457179136,369065824,133.78,46368,0,5
base,xz,explicit4-w0.10,explicit-4,counts-eu,32,0.100,0.2000,1.0000,0.867535,0.682193,671.776,0.000107,0.007282,-78.543,2.009,6.9,2809934,2437716,302,3573355,41473,0.786357,1545093,1432218,408398,41,457179136,0,43.05,9954,0,6
base,xz,next-line-w0.10,-,next-line,32,0.100,0.2000,1.0000,0.359128,0.097679,80.248,0.001375,0.032214,-26.788,8.834,31.5,971911,349040,1336,3573355,41473,0.271988,0,0,2601444,0,0,0,11.94,0,0,4
base,xz,last-stride-w0.10,-,last-stride,32,0.100,0.2000,1.0000,0.302387,0.147433,113.420,0.000414,0.017385,-48.534,5.482,19.9,1742232,526829,721,3573355,41473,0.487562,0,0,394613,16,0,0,14.61,0,0,8
base,xz,bitty-w0.25,bitty-4x8-ternary,counts-eu,32,0.250,0.2000,1.0000,0.941833,0.783475,771.378,0.000096,0.006848,-207.866,1.316,4.6,2972538,2799634,284,3573355,41473,0.831862,1346396,1309591,131104,137,457179136,369065824,134.40,46368,0,4
base,xz,explicit4-w0.25,explicit-4,counts-eu,32,0.250,0.2000,1.0000,0.885812,0.678983,657.101,0.000107,0.007089,-191.524,1.999,6.9,2739009,2426247,294,3573355,41473,0.766509,1545048,1432213,361923,41,457179136,0,42.79,9954,0,5
base,xz,next-line-w0.25,-,next-line,32,0.250,0.2000,1.0000,0.359128,0.097679,54.101,0.001375,0.032214,-67.530,8.834,31.5,971911,349040,1336,3573355,41473,0.271988,0,0,2601444,0,0,0,11.93,0,0,4
base,xz,last-stride-w0.25,-,last-stride,32,0.250,0.2000,1.0000,0.302387,0.147433,62.400,0.000414,0.017385,-121.638,5.482,19.9,1742232,526829,721,3573355,41473,0.487562,0,0,394613,16,0,0,14.38,0,0,8
base,xz,bitty-w0.50,bitty-4x8-ternary,counts-eu,32,0.500,0.2000,1.0000,0.949339,0.779854,759.045,0.000096,0.006800,-410.617,1.306,4.6,2935406,2786694,282,3573355,41473,0.821471,1343047,1306702,119983,137,457179136,369065824,130.57,46368,0,4
base,xz,explicit4-w0.50,explicit-4,counts-eu,32,0.500,0.2000,1.0000,0.898730,0.651554,614.845,0.000113,0.007065,-362.363,1.784,6.3,2590582,2328233,293,3573355,41473,0.724972,1486595,1378462,252806,41,457179136,0,41.48,9954,0,3
base,xz,next-line-w0.50,-,next-line,32,0.500,0.2000,1.0000,0.359128,0.097679,10.524,0.001375,0.032214,-135.433,8.834,31.5,971911,349040,1336,3573355,41473,0.271988,0,0,2601444,0,0,0,11.97,0,0,4
base,xz,last-stride-w0.50,-,last-stride,32,0.500,0.2000,1.0000,0.302387,0.147433,-22.632,0.000414,0.017385,-243.478,5.482,19.9,1742232,526829,721,3573355,41473,0.487562,0,0,394613,16,0,0,14.49,0,0,8
base,xz,bitty-w1.00,bitty-4x8-ternary,counts-eu,32,1.000,0.2000,1.0000,0.964573,0.755920,728.157,0.000097,0.006583,-783.530,1.285,4.5,2800378,2701170,273,3573355,41473,0.783683,1301568,1270999,82200,137,457179136,369065824,131.14,46368,0,3
base,xz,explicit4-w1.00,explicit-4,counts-eu,32,1.000,0.2000,1.0000,0.933099,0.560729,520.526,0.000136,0.007041,-600.768,1.665,6.1,2147342,2003683,292,3573355,41473,0.600932,1349104,1269233,88185,41,457179136,0,40.14,9954,0,1
base,xz,next-line-w1.00,-,next-line,32,1.000,0.2000,1.0000,0.359128,0.097679,-76.631,0.001375,0.032214,-271.241,8.834,31.5,971911,349040,1336,3573355,41473,0.271988,0,0,2601444,0,0,0,11.92,0,0,4
base,xz,last-stride-w1.00,-,last-stride,32,1.000,0.2000,1.0000,0.302387,0.147433,-192.697,0.000414,0.017385,-487.158,5.482,19.9,1742232,526829,721,3573355,41473,0.487562,0,0,394613,16,0,0,14.26,0,0,8
base,xz,bitty-w2.00,bitty-4x8-ternary,counts-eu,32,2.000,0.2000,1.0000,0.985976,0.698877,678.997,0.000103,0.006269,-1417.416,1.109,3.7,2532856,2497336,260,3573355,41473,0.708817,1153399,1144941,29369,137,457179136,369065824,127.93,46368,0,2
base,xz,explicit4-w2.00,explicit-4,counts-eu,32,2.000,0.2000,1.0000,0.964785,0.481761,446.592,0.000151,0.006510,-998.463,1.297,4.7,1784337,1721502,270,3573355,41473,0.499345,1116908,1060407,42271,41,457179136,0,37.51,9954,0,1
base,xz,next-line-w2.00,-,next-line,32,2.000,0.2000,1.0000,0.359128,0.097679,-250.941,0.001375,0.032214,-542.855,8.834,31.5,971911,349040,1336,3573355,41473,0.271988,0,0,2601444,0,0,0,12.13,0,0,4
base,xz,last-stride-w2.00,-,last-stride,32,2.000,0.2000,1.0000,0.302387,0.147433,-532.826,0.000414,0.017385,-974.519,5.482,19.9,1742232,526829,721,3573355,41473,0.487562,0,0,394613,16,0,0,14.35,0,0,8
A-split,xz,split-warmup-0.10,bitty-4x8-ternary,counts-eu,32,0.250,0.1000,1.0000,0.941258,0.783283,771.062,0.000086,0.006402,-207.952,1.315,4.6,3345327,3148815,288,4020024,44987,0.832166,1506283,1465077,147535,137,457179136,369065824,135.58,46368,0,4
A-split,xz,split-warmup-0.10-explicit4,explicit-4,counts-eu,32,0.250,0.1000,1.0000,0.884779,0.680454,658.301,0.000096,0.006580,-192.175,1.987,6.9,3091666,2735442,296,4020024,44987,0.769067,1731047,1603987,413142,41,457179136,0,44.21,9954,0,5
A-split,xz,split-warmup-0.20,bitty-4x8-ternary,counts-eu,32,0.250,0.2000,1.0000,0.941833,0.783475,771.378,0.000096,0.006848,-207.866,1.316,4.6,2972538,2799634,284,3573355,41473,0.831862,1346396,1309591,131104,137,457179136,369065824,133.35,46368,0,4
A-split,xz,split-warmup-0.20-explicit4,explicit-4,counts-eu,32,0.250,0.2000,1.0000,0.885812,0.678983,657.101,0.000107,0.007089,-191.524,1.999,6.9,2739009,2426247,294,3573355,41473,0.766509,1545048,1432213,361923,41,457179136,0,42.33,9954,0,5
A-split,xz,split-warmup-0.35,bitty-4x8-ternary,counts-eu,32,0.250,0.3500,1.0000,0.942426,0.782841,770.885,0.000064,0.004401,-207.600,1.318,4.6,2411713,2272862,154,2903351,34992,0.830665,1099207,1069376,107823,137,457179136,369065824,129.36,46368,0,4
A-split,xz,split-warmup-0.35-explicit4,explicit-4,counts-eu,32,0.250,0.3500,1.0000,0.886746,0.677616,655.980,0.000071,0.004487,-190.973,2.015,6.9,2218626,1967358,157,2903351,34992,0.764160,1260597,1169283,291163,41,457179136,0,40.01,9954,0,5
A-split,xz,split-warmup-0.50,bitty-4x8-ternary,counts-eu,32,0.250,0.5000,1.0000,0.942397,0.781542,769.599,0.000083,0.005470,-207.243,1.317,4.6,1852145,1745455,153,2233347,27972,0.829314,848040,825045,83862,137,457179136,369065824,123.46,46368,0,4
A-split,xz,split-warmup-0.50-explicit4,explicit-4,counts-eu,32,0.250,0.5000,1.0000,0.886713,0.676568,654.959,0.000088,0.005363,-190.668,2.029,7.0,1704060,1511012,150,2233347,27972,0.763007,972698,902530,223151,41,457179136,0,37.12,9954,0,5
A-roll,xz,roll-0.20-0.30,bitty-4x8-ternary,counts-eu,32,0.250,0.2000,0.3000,0.938603,0.783112,770.306,0.000346,0.029676,-208.224,1.307,4.6,372673,349792,129,446669,4347,0.834338,163754,159069,15358,137,457179136,369065824,118.29,46368,0,0
A-roll,xz,roll-0.20-0.30-explicit4,explicit-4,counts-eu,32,0.250,0.2000,0.3000,0.880730,0.685051,661.858,0.000389,0.031056,-194.078,1.926,6.7,347429,305991,135,446669,4347,0.777822,189056,174649,47874,41,457179136,0,30.73,9954,0,0
A-roll,xz,roll-0.30-0.40,bitty-4x8-ternary,counts-eu,32,0.250,0.3000,0.4000,0.942003,0.792818,780.615,0.000005,0.000464,-210.402,1.313,4.6,375931,354128,2,446670,4309,0.841630,167066,162510,15722,137,457179136,369065824,120.52,46368,0,0
A-roll,xz,roll-0.30-0.40-explicit4,explicit-4,counts-eu,32,0.250,0.3000,0.4000,0.884915,0.684127,661.884,0.000012,0.000928,-193.263,1.946,6.7,345320,305579,4,446670,4309,0.773099,191011,176842,45672,41,457179136,0,31.02,9954,0,0
A-roll,xz,roll-0.40-0.50,bitty-4x8-ternary,counts-eu,32,0.250,0.4000,0.5000,0.942083,0.784151,772.099,0.000000,0.000000,-208.090,1.321,4.6,371789,350256,0,446669,4845,0.832359,167536,162967,16162,137,457179136,369065824,120.59,46368,0,0
A-roll,xz,roll-0.40-0.50-explicit4,explicit-4,counts-eu,32,0.250,0.4000,0.5000,0.887382,0.679839,658.269,0.000015,0.001032,-191.515,1.978,6.8,342201,303663,5,446669,4845,0.766118,192283,178192,45225,41,457179136,0,30.56,9954,0,0
A-roll,xz,roll-0.50-0.60,bitty-4x8-ternary,counts-eu,32,0.250,0.5000,0.6000,0.943632,0.787691,775.927,0.000011,0.000807,-208.675,1.316,4.6,372854,351837,4,446669,4959,0.834743,169212,164705,16298,137,457179136,369065824,120.82,46368,0,0
A-roll,xz,roll-0.50-0.60-explicit4,explicit-4,counts-eu,32,0.250,0.5000,0.6000,0.887526,0.678932,657.422,0.000015,0.001008,-191.229,1.991,6.9,341689,303258,5,446669,4959,0.764971,193068,179036,45056,41,457179136,0,30.50,9954,0,0
A-roll,xz,roll-0.60-0.70,bitty-4x8-ternary,counts-eu,32,0.250,0.6000,0.7000,0.941174,0.776658,764.522,0.000342,0.020813,-205.948,1.331,4.7,368593,346910,126,446670,6054,0.825202,169654,164912,16803,137,457179136,369065824,118.07,46368,0,0
A-roll,xz,roll-0.60-0.70-explicit4,explicit-4,counts-eu,32,0.250,0.6000,0.7000,0.886840,0.675819,654.260,0.000391,0.021969,-190.141,2.041,7.0,340386,301868,133,446670,6054,0.762053,194974,180869,44360,41,457179136,0,31.65,9954,0,0
A-roll,xz,roll-0.70-0.80,bitty-4x8-ternary,counts-eu,32,0.250,0.7000,0.8000,0.941628,0.782138,770.017,0.000016,0.001108,-207.639,1.315,4.6,371014,349357,6,446669,5417,0.830624,169152,164563,16759,137,457179136,369065824,117.60,46368,0,0
A-roll,xz,roll-0.70-0.80-explicit4,explicit-4,counts-eu,32,0.250,0.7000,0.8000,0.885794,0.676929,655.109,0.000021,0.001292,-191.032,2.024,7.0,341347,302363,7,446669,5417,0.764206,194358,180310,44836,41,457179136,0,30.79,9954,0,0
A-roll,xz,roll-0.80-0.90,bitty-4x8-ternary,counts-eu,32,0.250,0.8000,0.9000,0.942682,0.781962,770.075,0.000019,0.001249,-207.357,1.310,4.6,370515,349278,7,446669,5603,0.829507,169640,165052,16872,137,457179136,369065824,119.42,46368,0,0
A-roll,xz,roll-0.80-0.90-explicit4,explicit-4,counts-eu,32,0.250,0.8000,0.9000,0.886421,0.676221,654.560,0.000003,0.000178,-190.714,2.035,7.0,340749,302047,1,446669,5603,0.762867,194734,180699,44794,41,457179136,0,30.83,9954,0,0
A-roll,xz,roll-0.90-1.00,bitty-4x8-ternary,counts-eu,32,0.250,0.9000,1.0000,0.942845,0.779253,767.444,0.000027,0.001684,-206.595,1.314,4.6,369169,348069,10,446670,5939,0.826492,170382,165811,17130,137,457179136,369065824,117.17,46368,0,4
A-roll,xz,roll-0.90-1.00-explicit4,explicit-4,counts-eu,32,0.250,0.9000,1.0000,0.886967,0.674932,653.429,0.000012,0.000674,-190.225,2.055,7.1,339891,301472,4,446670,5939,0.760944,195564,181613,44103,41,457179136,0,30.86,9954,0,5
B,xz,type+delta,type+delta,counts-eu,32,0.100,0.2000,1.0000,0.867326,0.628572,618.957,0.000001,0.000048,-72.472,4.382,15.8,2589697,2246112,2,3573355,41473,0.724724,2482264,2192769,229222,9,457179136,0,30.30,54,0,4
B,xz,pc-only,pc-only,counts-eu,32,0.100,0.2000,1.0000,0.874953,0.677469,667.787,0.000115,0.007668,-77.331,2.532,8.5,2766821,2420839,318,3573355,41473,0.774292,1719543,1606780,439369,17,457179136,0,30.94,6220,0,4
B,xz,explicit-1,explicit-1,counts-eu,32,0.100,0.2000,1.0000,0.874953,0.677469,667.787,0.000115,0.007668,-77.331,2.532,8.5,2766821,2420839,318,3573355,41473,0.774292,1719543,1606780,439369,17,457179136,0,34.89,6220,0,4
B,xz,explicit-2,explicit-2,counts-eu,32,0.100,0.2000,1.0000,0.863525,0.666780,656.242,0.000112,0.007451,-77.121,2.014,7.0,2759201,2382640,309,3573355,41473,0.772160,1503517,1392727,453266,25,457179136,0,38.44,7424,0,4
B,xz,explicit-4,explicit-4,counts-eu,32,0.100,0.2000,1.0000,0.867535,0.682193,671.776,0.000107,0.007282,-78.543,2.009,6.9,2809934,2437716,302,3573355,41473,0.786357,1545093,1432218,408398,41,457179136,0,42.71,9954,0,6
B,xz,explicit-8,explicit-8,counts-eu,32,0.100,0.2000,1.0000,0.872481,0.696838,686.653,0.000109,0.007475,-79.773,1.931,6.6,2853986,2490049,310,3573355,41473,0.798685,1546016,1434061,370133,73,457179136,0,55.17,15465,0,5
B,xz,explicit-16,explicit-16,counts-eu,32,0.100,0.2000,1.0000,0.884308,0.715679,706.316,0.000106,0.007402,-80.837,1.759,6.1,2891953,2557376,307,3573355,41473,0.809310,1480965,1379490,302955,137,457179136,0,84.70,35941,0,5
B,xz,bitty-1x8-tau8,bitty-1x8-tau8,counts-eu,32,0.100,0.2000,1.0000,0.871426,0.693484,683.252,0.000114,0.007788,-79.481,1.754,6.1,2843690,2478066,323,3573355,41473,0.795804,1486756,1422692,393153,41,457179136,92266456,65.35,7868,0,7
B,xz,bitty-1x8-tau32,bitty-1x8-tau32,counts-eu,32,0.100,0.2000,1.0000,0.880181,0.708323,698.681,0.000163,0.011284,-80.331,2.058,7.2,2875647,2531091,468,3573355,41473,0.804747,1583123,1514419,345816,41,457179136,92266456,71.41,14412,0,9
B,xz,bitty-4x8-ternary,bitty-4x8-ternary,counts-eu,32,0.100,0.2000,1.0000,0.925235,0.785166,778.822,0.000098,0.007137,-84.770,1.323,4.6,3032396,2805678,296,3573355,41473,0.848613,1347783,1310769,138476,137,457179136,369065824,134.81,46368,0,5
B,xz,random-matched,random-matched,counts-eu,32,0.100,0.2000,1.0000,0.671005,0.049359,46.939,0.000061,0.000386,-7.351,4.809,17.5,262855,176377,16,3573355,41473,0.073560,200180,168429,1650,8,457179136,0,107.24,1033648,114,3
B,xz,bitty-shuffled-instr,bitty-shuffled-instr,counts-eu,32,0.100,0.2000,1.0000,0.768171,0.023936,23.214,0.000952,0.002556,-3.083,4.359,14.6,111345,85532,106,3573355,41473,0.031160,90037,80690,543,137,457179136,369065824,207.40,3546266,378245,0
B,xz,bitty-no-delta,bitty-no-delta,counts-eu,32,0.100,0.2000,1.0000,0.887642,0.743954,734.537,0.000099,0.007137,-83.721,1.617,5.5,2994914,2658412,296,3573355,41473,0.838124,1453053,1404563,227607,137,457179136,369065824,129.12,36682,0,6
B,xz,bitty-no-type,bitty-no-type,counts-eu,32,0.100,0.2000,1.0000,0.922371,0.782027,775.445,0.000098,0.007137,-84.693,1.351,4.7,3029649,2794459,296,3573355,41473,0.847844,1354762,1316908,144671,137,457179136,369065824,136.25,45592,0,5
B,xz,bitty-instr-only,bitty-instr-only,counts-eu,32,0.100,0.2000,1.0000,0.925235,0.785166,778.822,0.000098,0.007137,-84.770,1.323,4.6,3032396,2805678,296,3573355,41473,0.848613,1347783,1310769,138476,137,457179136,369065824,141.04,46368,0,5
B,xz,bitty-data-only,bitty-data-only,counts-eu,32,0.100,0.2000,1.0000,0.958061,0.617880,615.175,0.000064,0.003544,-64.447,1.404,4.7,2304553,2207903,147,3573355,41473,0.644927,1247252,1231644,233651,137,457179136,142934176,133.06,873772,20,5
B,xz,bitty-instr+data,bitty-instr+data,counts-eu,32,0.100,0.2000,1.0000,0.956055,0.795031,791.377,0.000090,0.006414,-83.076,1.206,4.2,2971512,2840929,266,3573355,41473,0.831575,1224407,1215594,102976,137,457179136,512000000,168.34,279554,0,5
B,xz,type+delta,type+delta,counts-eu,32,0.250,0.2000,1.0000,0.896668,0.520532,505.535,0.000000,0.000024,-145.129,3.505,12.5,2074397,1860045,1,3573355,41473,0.580518,1925409,1757604,164743,9,457179136,0,28.50,54,0,3
B,xz,pc-only,pc-only,counts-eu,32,0.250,0.2000,1.0000,0.892578,0.672407,652.176,0.000114,0.007402,-188.225,2.528,8.5,2691921,2402749,307,3573355,41473,0.753332,1719514,1606775,362777,17,457179136,0,30.63,6220,0,3
B,xz,explicit-1,explicit-1,counts-eu,32,0.250,0.2000,1.0000,0.892578,0.672407,652.176,0.000114,0.007402,-188.225,2.528,8.5,2691921,2402749,307,3573355,41473,0.753332,1719514,1606775,362777,17,457179136,0,34.94,6220,0,3
B,xz,explicit-2,explicit-2,counts-eu,32,0.250,0.2000,1.0000,0.880410,0.661707,639.237,0.000113,0.007330,-187.791,2.000,6.9,2685698,2364515,304,3573355,41473,0.751590,1503472,1392722,376231,25,457179136,0,37.83,7424,0,3
B,xz,explicit-4,explicit-4,counts-eu,32,0.250,0.2000,1.0000,0.885812,0.678983,657.101,0.000107,0.007089,-191.524,1.999,6.9,2739009,2426247,294,3573355,41473,0.766509,1545048,1432213,361923,41,457179136,0,42.49,9954,0,5
B,xz,explicit-8,explicit-8,counts-eu,32,0.250,0.2000,1.0000,0.886767,0.694154,671.995,0.000109,0.007330,-195.592,1.930,6.6,2797196,2480460,304,3573355,41473,0.782793,1545450,1433537,345161,73,457179136,0,55.21,15465,0,4
B,xz,explicit-16,explicit-16,counts-eu,32,0.250,0.2000,1.0000,0.897592,0.714040,693.674,0.000103,0.007065,-198.774,1.754,6.1,2842627,2551520,293,3573355,41473,0.795506,1479953,1378491,291190,137,457179136,0,85.35,35941,0,3
B,xz,bitty-1x8-tau8,bitty-1x8-tau8,counts-eu,32,0.250,0.2000,1.0000,0.896589,0.689044,669.176,0.000113,0.007451,-192.021,1.729,6.0,2746186,2462199,309,3573355,41473,0.768518,1486473,1422642,333428,41,457179136,92266456,63.99,7868,0,6
B,xz,bitty-1x8-tau32,bitty-1x8-tau32,counts-eu,32,0.250,0.2000,1.0000,0.892440,0.706443,685.157,0.000154,0.010537,-197.744,2.055,7.1,2828617,2524371,437,3573355,41473,0.791586,1582236,1513811,334832,41,457179136,92266456,72.02,14412,0,9
B,xz,bitty-4x8-ternary,bitty-4x8-ternary,counts-eu,32,0.250,0.2000,1.0000,0.941833,0.783475,771.378,0.000096,0.006848,-207.866,1.316,4.6,2972538,2799634,284,3573355,41473,0.831862,1346396,1309591,131104,137,457179136,369065824,137.50,46368,0,4
B,xz,random-matched,random-matched,counts-eu,32,0.250,0.2000,1.0000,0.678879,0.049204,43.386,0.000062,0.000386,-18.114,4.805,17.5,258993,175825,16,3573355,41473,0.072479,199787,168090,1568,8,457179136,0,108.27,1033648,114,3
B,xz,bitty-shuffled-instr,bitty-shuffled-instr,counts-eu,32,0.250,0.2000,1.0000,0.793330,0.023212,21.700,0.001014,0.002556,-7.278,4.234,14.2,104553,82945,106,3573355,41473,0.029259,87428,78616,456,137,457179136,369065824,205.25,3546266,378245,0
B,xz,bitty-no-delta,bitty-no-delta,counts-eu,32,0.250,0.2000,1.0000,0.904402,0.736640,717.174,0.000097,0.006824,-203.527,1.607,5.4,2910517,2632277,283,3573355,41473,0.814505,1433542,1386156,211387,137,457179136,369065824,128.54,36682,0,5
B,xz,bitty-no-type,bitty-no-type,counts-eu,32,0.250,0.2000,1.0000,0.938649,0.780333,767.582,0.000096,0.006848,-207.735,1.344,4.7,2970659,2788407,284,3573355,41473,0.831336,1353376,1315731,137315,137,457179136,369065824,130.37,45592,0,4
B,xz,bitty-instr-only,bitty-instr-only,counts-eu,32,0.250,0.2000,1.0000,0.941833,0.783475,771.378,0.000096,0.006848,-207.866,1.316,4.6,2972538,2799634,284,3573355,41473,0.831862,1346396,1309591,131104,137,457179136,369065824,132.50,46368,0,4
B,xz,bitty-data-only,bitty-data-only,counts-eu,32,0.250,0.2000,1.0000,0.964608,0.617636,611.970,0.000058,0.003207,-160.028,1.403,4.7,2288009,2207032,133,3573355,41473,0.640297,1247244,1231636,233108,137,457179136,142934176,125.27,873772,20,5
B,xz,bitty-instr+data,bitty-instr+data,counts-eu,32,0.250,0.2000,1.0000,0.964920,0.794534,787.312,0.000074,0.005232,-205.779,1.204,4.2,2942370,2839151,217,3573355,41473,0.823419,1223703,1214989,99523,137,457179136,512000000,165.98,279554,0,5
B,xz,type+delta,type+delta,counts-eu,32,1.000,0.2000,1.0000,0.925129,0.457977,420.913,0.000000,0.000000,-495.041,3.290,11.5,1768959,1636515,0,3573355,41473,0.495041,1673160,1549260,20264,9,457179136,0,26.84,54,0,2
B,xz,pc-only,pc-only,counts-eu,32,1.000,0.2000,1.0000,0.931597,0.504212,467.190,0.000157,0.007330,-541.064,1.811,6.6,1934021,1801728,304,3573355,41473,0.541234,1241211,1161321,81640,17,457179136,0,28.37,6220,0,1
B,xz,explicit-1,explicit-1,counts-eu,32,1.000,0.2000,1.0000,0.931597,0.504212,467.190,0.000157,0.007330,-541.064,1.811,6.6,1934021,1801728,304,3573355,41473,0.541234,1241211,1161321,81640,17,457179136,0,32.16,6220,0,1
B,xz,explicit-2,explicit-2,counts-eu,32,1.000,0.2000,1.0000,0.937464,0.547182,510.680,0.000144,0.007258,-583.514,1.688,6.2,2085706,1955274,301,3573355,41473,0.583683,1343084,1263234,79702,25,457179136,0,34.81,7424,0,1
B,xz,explicit-4,explicit-4,counts-eu,32,1.000,0.2000,1.0000,0.933099,0.560729,520.526,0.000136,0.007041,-600.768,1.665,6.1,2147342,2003683,292,3573355,41473,0.600932,1349104,1269233,88185,41,457179136,0,40.40,9954,0,1
B,xz,explicit-8,explicit-8,counts-eu,32,1.000,0.2000,1.0000,0.926777,0.588677,542.166,0.000125,0.006848,-635.029,1.646,5.9,2269751,2103552,284,3573355,41473,0.635188,1342532,1264548,116339,73,457179136,0,53.27,15465,0,2
B,xz,explicit-16,explicit-16,counts-eu,32,1.000,0.2000,1.0000,0.927047,0.619980,571.191,0.000117,0.006727,-668.612,1.559,5.7,2389746,2215408,279,3573355,41473,0.668768,1321951,1243710,135422,137,457179136,0,84.63,35941,0,2
B,xz,bitty-1x8-tau8,bitty-1x8-tau8,counts-eu,32,1.000,0.2000,1.0000,0.946560,0.559097,527.532,0.000143,0.007258,-590.493,1.572,5.6,2110644,1997852,301,3573355,41473,0.590662,1152680,1112840,124028,41,457179136,92266456,60.35,7868,0,3
B,xz,bitty-1x8-tau32,bitty-1x8-tau32,counts-eu,32,1.000,0.2000,1.0000,0.939804,0.613227,573.949,0.000122,0.006872,-652.345,1.864,6.6,2331630,2191276,285,3573355,41473,0.652504,1322722,1271213,157102,41,457179136,92266456,72.32,14412,0,5
B,xz,bitty-4x8-ternary,bitty-4x8-ternary,counts-eu,32,1.000,0.2000,1.0000,0.964573,0.755920,728.157,0.000097,0.006583,-783.530,1.285,4.5,2800378,2701170,273,3573355,41473,0.783683,1301568,1270999,82200,137,457179136,369065824,134.11,46368,0,3
B,xz,random-matched,random-matched,counts-eu,32,1.000,0.2000,1.0000,0.840421,0.009285,7.522,0.000000,0.000000,-11.048,4.688,17.2,39479,33179,0,3573355,41473,0.011048,39407,33153,2,8,457179136,0,102.56,1033648,114,0
B,xz,bitty-shuffled-instr,bitty-shuffled-instr,counts-eu,32,1.000,0.2000,1.0000,0.913804,0.012099,10.957,0.001332,0.001519,-13.205,3.551,11.9,47311,43233,63,3573355,41473,0.013240,46320,42670,42,137,457179136,369065824,200.12,3546266,378245,0
B,xz,bitty-no-delta,bitty-no-delta,counts-eu,32,1.000,0.2000,1.0000,0.947783,0.663718,627.152,0.000107,0.006438,-700.135,1.426,4.7,2502366,2371701,267,3573355,41473,0.700285,1259573,1227451,94602,137,457179136,369065824,120.73,36682,0,4
B,xz,bitty-no-type,bitty-no-type,counts-eu,32,1.000,0.2000,1.0000,0.961509,0.751827,721.730,0.000098,0.006583,-781.771,1.310,4.5,2794093,2686546,273,3573355,41473,0.781924,1306637,1275201,87895,137,457179136,369065824,125.54,45592,0,3
B,xz,bitty-instr-only,bitty-instr-only,counts-eu,32,1.000,0.2000,1.0000,0.964573,0.755920,728.157,0.000097,0.006583,-783.530,1.285,4.5,2800378,2701170,273,3573355,41473,0.783683,1301568,1270999,82200,137,457179136,369065824,129.63,46368,0,3
B,xz,bitty-data-only,bitty-data-only,counts-eu,32,1.000,0.2000,1.0000,0.979275,0.607855,594.991,0.000021,0.001133,-620.693,1.380,4.7,2218049,2172081,47,3573355,41473,0.620719,1228329,1214241,208734,137,457179136,142934176,123.30,873772,20,4
B,xz,bitty-instr+data,bitty-instr+data,counts-eu,32,1.000,0.2000,1.0000,0.980916,0.787278,771.961,0.000035,0.002411,-802.538,1.191,4.1,2867954,2813223,100,3573355,41473,0.802594,1216359,1207980,84356,137,457179136,512000000,161.12,279554,0,5
D,xz,counts-eu,bitty-4x8-ternary,counts-eu,32,0.250,0.2000,1.0000,0.941833,0.783475,771.378,0.000096,0.006848,-207.866,1.316,4.6,2972538,2799634,284,3573355,41473,0.831862,1346396,1309591,131104,137,457179136,369065824,125.54,46368,0,4
D,xz,decay-0.99,bitty-4x8-ternary,decay-0.99,32,0.250,0.2000,1.0000,0.942052,0.782832,770.793,0.000096,0.006872,-207.647,1.314,4.6,2969407,2797335,285,3573355,41473,0.830986,1335753,1298779,136197,137,457179136,369065824,123.59,46368,0,4
D,xz,decay-0.999,bitty-4x8-ternary,decay-0.999,32,0.250,0.2000,1.0000,0.942211,0.782258,770.263,0.000095,0.006824,-207.460,1.309,4.6,2966728,2795285,283,3573355,41473,0.830236,1338931,1302190,132018,137,457179136,369065824,130.59,46368,0,4
D,xz,bandit,bitty-4x8-ternary,bandit,32,0.250,0.2000,1.0000,0.958152,0.768985,760.589,0.000098,0.006800,-200.544,1.336,4.7,2867872,2747857,282,3573355,41473,0.802571,1345554,1310992,97779,137,591396864,369065824,140.92,46368,0,4
D,xz,topk-1,bitty-4x8-ternary,topk-1,32,0.250,0.2000,1.0000,0.946083,0.761313,750.466,0.000101,0.007017,-201.073,1.324,4.6,2875478,2720442,291,3573355,41473,0.804700,1296594,1269369,120798,137,104857600,369065824,116.76,46368,0,3
D,xz,topk-2,bitty-4x8-ternary,topk-2,32,0.250,0.2000,1.0000,0.943915,0.776130,764.601,0.000100,0.007113,-205.458,1.308,4.6,2938175,2773388,295,3573355,41473,0.822245,1343256,1306990,119564,137,155189248,369065824,129.19,46368,0,4
D,xz,topk-4,bitty-4x8-ternary,topk-4,32,0.250,0.2000,1.0000,0.942160,0.782393,770.385,0.000096,0.006896,-207.506,1.314,4.6,2967403,2795769,286,3573355,41473,0.830425,1346310,1309507,128072,137,255852544,369065824,129.60,46368,0,4
D,xz,topk-8,bitty-4x8-ternary,topk-8,32,0.250,0.2000,1.0000,0.941833,0.783475,771.378,0.000096,0.006848,-207.866,1.316,4.6,2972538,2799634,284,3573355,41473,0.831862,1346396,1309591,131104,137,457179136,369065824,136.42,46368,0,4
D,xz,fixed-conf-0.25,bitty-4x8-ternary,fixed-conf-0.25,32,0.250,0.2000,1.0000,0.945417,0.782771,771.473,0.000096,0.006848,-206.892,1.313,4.6,2958608,2797119,284,3573355,41473,0.827964,1345592,1308819,128073,137,457179136,369065824,136.70,46368,0,4
D,xz,fixed-conf-0.50,bitty-4x8-ternary,fixed-conf-0.50,32,0.250,0.2000,1.0000,0.964573,0.755920,748.979,0.000097,0.006583,-195.825,1.285,4.5,2800378,2701170,273,3573355,41473,0.783683,1301568,1270999,82200,137,457179136,369065824,138.08,46368,0,3
D,xz,fixed-conf-0.75,bitty-4x8-ternary,fixed-conf-0.75,32,0.250,0.2000,1.0000,0.991656,0.675138,673.717,0.000105,0.006173,-170.115,1.064,3.5,2432805,2412506,256,3573355,41473,0.680818,1107420,1103958,17025,137,457179136,369065824,140.28,46368,0,2
D,xz,fixed-conf-0.90,bitty-4x8-ternary,fixed-conf-0.90,32,0.250,0.2000,1.0000,0.997741,0.635948,635.588,0.000109,0.006004,-159.260,1.012,3.3,2277613,2272469,249,3573355,41473,0.637388,1067055,1066122,2754,137,457179136,369065824,133.90,46368,0,2
D,xz,no-gate,bitty-4x8-ternary,no-gate,32,0.250,0.2000,1.0000,0.840105,0.785799,748.409,0.000131,0.010561,-233.686,1.336,4.7,3342365,2807937,438,3573355,41473,0.935358,1347805,1310790,167987,137,457179136,369065824,138.25,46368,0,5
D,xz,min-evidence-1,bitty-4x8-ternary,min-evidence-1,32,0.250,0.2000,1.0000,0.939133,0.791996,779.163,0.000118,0.008584,-210.707,1.315,4.6,3013505,2830082,356,3573355,41473,0.843327,1360665,1323728,133136,137,457179136,369065824,138.84,46368,0,4
D,xz,min-evidence-2,bitty-4x8-ternary,min-evidence-2,32,0.250,0.2000,1.0000,0.939762,0.790114,777.452,0.000107,0.007716,-210.078,1.315,4.6,3004333,2823357,320,3573355,41473,0.840760,1357516,1320608,132651,137,457179136,369065824,137.87,46368,0,4
D,xz,min-evidence-6,bitty-4x8-ternary,min-evidence-6,32,0.250,0.2000,1.0000,0.941833,0.783475,771.378,0.000096,0.006848,-207.866,1.316,4.6,2972538,2799634,284,3573355,41473,0.831862,1346396,1309591,131104,137,457179136,369065824,136.61,46368,0,4
D,xz,min-evidence-16,bitty-4x8-ternary,min-evidence-16,32,0.250,0.2000,1.0000,0.943422,0.768825,757.298,0.000093,0.006558,-203.638,1.319,4.6,2912041,2747285,272,3573355,41473,0.814932,1321942,1285332,127910,137,457179136,369065824,130.64,46368,0,4
D,xz,min-evidence-64,bitty-4x8-ternary,min-evidence-64,32,0.250,0.2000,1.0000,0.942287,0.715044,704.095,0.000078,0.005088,-189.636,1.332,4.7,2711600,2555105,211,3573355,41473,0.758839,1230661,1194732,116054,137,457179136,369065824,133.81,46368,0,2
D,xz,absolute-line-outcome,bitty-4x8-ternary,absolute-line-outcome,32,0.250,0.2000,1.0000,0.971190,0.825500,819.378,0.000014,0.001037,-212.482,1.254,4.4,3037308,2949804,43,3573355,41473,0.849988,1292094,1259498,159312,137,457179136,369065824,131.67,46368,0,3
D,xz,slots-2^14,bitty-4x8-ternary,slots-2^14,32,0.250,0.2000,1.0000,0.941977,0.772234,760.342,0.000095,0.006703,-204.853,1.319,4.6,2929440,2759465,278,3573355,41473,0.819801,1328149,1291529,128716,137,1785856,369065824,114.29,16384,84569,4
D,xz,slots-2^16,bitty-4x8-ternary,slots-2^16,32,0.250,0.2000,1.0000,0.941833,0.783465,771.369,0.000096,0.006848,-207.864,1.316,4.6,2972501,2799599,284,3573355,41473,0.831852,1346390,1309586,131091,137,7143424,369065824,120.82,45045,1505,4
D,xz,slots-2^18,bitty-4x8-ternary,slots-2^18,32,0.250,0.2000,1.0000,0.941833,0.783475,771.378,0.000096,0.006848,-207.866,1.316,4.6,2972538,2799634,284,3573355,41473,0.831862,1346396,1309591,131104,137,28573696,369065824,119.70,46368,0,4
D,xz,slots-2^20,bitty-4x8-ternary,slots-2^20,32,0.250,0.2000,1.0000,0.941833,0.783475,771.378,0.000096,0.006848,-207.866,1.316,4.6,2972538,2799634,284,3573355,41473,0.831862,1346396,1309591,131104,137,114294784,369065824,127.49,46368,0,4
D,xz,slots-2^22,bitty-4x8-ternary,slots-2^22,32,0.250,0.2000,1.0000,0.941833,0.783475,771.378,0.000096,0.006848,-207.866,1.316,4.6,2972538,2799634,284,3573355,41473,0.831862,1346396,1309591,131104,137,457179136,369065824,135.43,46368,0,4
E,xz,next-line,-,next-line,32,0.250,0.2000,1.0000,0.359128,0.097679,54.101,0.001375,0.032214,-67.530,8.834,31.5,971911,349040,1336,3573355,41473,0.271988,0,0,2601444,0,0,0,12.03,0,0,4
E,xz,last-stride,-,last-stride,32,0.250,0.2000,1.0000,0.302387,0.147433,62.400,0.000414,0.017385,-121.638,5.482,19.9,1742232,526829,721,3573355,41473,0.487562,0,0,394613,16,0,0,14.41,0,0,8
E,xz,pc-stride,-,pc-stride,32,0.250,0.2000,1.0000,0.925144,0.000135,0.132,0.493282,0.006197,0.053,7.994,20.0,521,482,257,3573355,41473,0.000146,0,0,482,0,98304,0,6.88,0,0,0
E,xz,delta-markov,-,delta-markov,32,0.250,0.2000,1.0000,0.901418,0.496482,482.908,0.000312,0.014805,-137.480,2.879,10.5,1968127,1774106,614,3573355,41473,0.550778,1283549,1198233,267159,0,262144,0,19.28,0,0,3
E,xz,ghb-gdc,-,ghb-gdc,32,0.250,0.2000,1.0000,0.599788,0.292722,243.892,0.000447,0.018807,-121.738,3.984,15.3,1743947,1045999,780,3573355,41473,0.488042,0,0,366469,0,294912,0,17.91,0,0,4
E,xz,spp-lite,-,spp-lite,32,0.250,0.2000,1.0000,0.896488,0.298842,290.215,0.000411,0.011815,-83.165,1.688,6.3,1191168,1067868,490,3573355,41473,0.333347,0,0,105509,0,262144,0,15.41,0,0,2
E,xz,prepchef-bitty-w0.05,bitty-4x8-ternary,counts-eu,32,0.050,0.2000,1.0000,0.914159,0.785472,781.784,0.000100,0.007402,-42.871,1.331,4.7,3070330,2806769,307,3573355,41473,0.859229,1347805,1310790,143912,137,457179136,369065824,133.27,46368,0,5
E,xz,prepchef-explicit4-w0.05,explicit-4,counts-eu,32,0.050,0.2000,1.0000,0.862690,0.682352,676.921,0.000107,0.007306,-39.459,2.010,6.9,2826375,2438285,303,3573355,41473,0.790958,1545093,1432218,416591,41,457179136,0,42.45,9954,0,6
E,xz,prepchef-bitty-w0.10,bitty-4x8-ternary,counts-eu,32,0.100,0.2000,1.0000,0.925235,0.785166,778.822,0.000098,0.007137,-84.770,1.323,4.6,3032396,2805678,296,3573355,41473,0.848613,1347783,1310769,138476,137,457179136,369065824,135.29,46368,0,5
E,xz,prepchef-explicit4-w0.10,explicit-4,counts-eu,32,0.100,0.2000,1.0000,0.867535,0.682193,671.776,0.000107,0.007282,-78.543,2.009,6.9,2809934,2437716,302,3573355,41473,0.786357,1545093,1432218,408398,41,457179136,0,42.53,9954,0,6
E,xz,prepchef-bitty-w0.25,bitty-4x8-ternary,counts-eu,32,0.250,0.2000,1.0000,0.941833,0.783475,771.378,0.000096,0.006848,-207.866,1.316,4.6,2972538,2799634,284,3573355,41473,0.831862,1346396,1309591,131104,137,457179136,369065824,134.22,46368,0,4
E,xz,prepchef-explicit4-w0.25,explicit-4,counts-eu,32,0.250,0.2000,1.0000,0.885812,0.678983,657.101,0.000107,0.007089,-191.524,1.999,6.9,2739009,2426247,294,3573355,41473,0.766509,1545048,1432213,361923,41,457179136,0,41.87,9954,0,5
E,xz,prepchef-bitty-w0.50,bitty-4x8-ternary,counts-eu,32,0.500,0.2000,1.0000,0.949339,0.779854,759.045,0.000096,0.006800,-410.617,1.306,4.6,2935406,2786694,282,3573355,41473,0.821471,1343047,1306702,119983,137,457179136,369065824,132.46,46368,0,4
E,xz,prepchef-explicit4-w0.50,explicit-4,counts-eu,32,0.500,0.2000,1.0000,0.898730,0.651554,614.845,0.000113,0.007065,-362.363,1.784,6.3,2590582,2328233,293,3573355,41473,0.724972,1486595,1378462,252806,41,457179136,0,41.41,9954,0,3
E,xz,prepchef-bitty-w1.00,bitty-4x8-ternary,counts-eu,32,1.000,0.2000,1.0000,0.964573,0.755920,728.157,0.000097,0.006583,-783.530,1.285,4.5,2800378,2701170,273,3573355,41473,0.783683,1301568,1270999,82200,137,457179136,369065824,132.28,46368,0,3
E,xz,prepchef-explicit4-w1.00,explicit-4,counts-eu,32,1.000,0.2000,1.0000,0.933099,0.560729,520.526,0.000136,0.007041,-600.768,1.665,6.1,2147342,2003683,292,3573355,41473,0.600932,1349104,1269233,88185,41,457179136,0,39.98,9954,0,1
E,xz,prepchef-bitty-w2.00,bitty-4x8-ternary,counts-eu,32,2.000,0.2000,1.0000,0.985976,0.698877,678.997,0.000103,0.006269,-1417.416,1.109,3.7,2532856,2497336,260,3573355,41473,0.708817,1153399,1144941,29369,137,457179136,369065824,134.37,46368,0,2
E,xz,prepchef-explicit4-w2.00,explicit-4,counts-eu,32,2.000,0.2000,1.0000,0.964785,0.481761,446.592,0.000151,0.006510,-998.463,1.297,4.7,1784337,1721502,270,3573355,41473,0.499345,1116908,1060407,42271,41,457179136,0,38.06,9954,0,1
E,xz,prepchef-bitty-w4.00,bitty-4x8-ternary,counts-eu,32,4.000,0.2000,1.0000,0.994895,0.660871,647.307,0.000106,0.006076,-2656.695,1.029,3.4,2373644,2361527,252,3573355,41473,0.664262,1094912,1093086,8247,137,457179136,369065824,133.18,46368,0,2
E,xz,prepchef-explicit4-w4.00,explicit-4,counts-eu,32,4.000,0.2000,1.0000,0.996823,0.411186,405.944,0.000180,0.006390,-1649.617,1.029,3.6,1473998,1469315,265,3573355,41473,0.412497,833364,833085,12197,41,457179136,0,35.79,9954,0,1
E-noself,xz,prepchef-noself-w0.25,bitty-4x8-ternary,counts-eu,32,0.250,0.2000,1.0000,0.917357,0.429591,419.916,0.000170,0.006848,-116.974,1.247,4.8,1673374,1535081,284,3573355,41473,0.468292,0,0,83872,137,457179136,369065824,130.77,46368,0,2
E-noself,xz,prepchef-noself-w1.00,bitty-4x8-ternary,counts-eu,32,1.000,0.2000,1.0000,0.954922,0.409982,390.629,0.000178,0.006583,-429.183,1.199,4.7,1534171,1465013,273,3573355,41473,0.429336,0,0,46839,137,457179136,369065824,134.67,46368,0,1
base,sort,bitty-w0.05,bitty-4x8-ternary,counts-eu,32,0.050,0.2000,1.0000,0.914285,0.192386,191.484,0.000294,0.006270,-10.456,1.535,6.1,633485,579186,186,3010544,29667,0.210422,172837,172837,194051,137,457179136,391578272,65.16,23259,0,0
base,sort,explicit4-w0.05,explicit-4,counts-eu,32,0.050,0.2000,1.0000,0.813749,0.193951,191.732,0.000259,0.006270,-11.852,2.388,9.6,717542,583899,186,3010544,29667,0.238343,172839,172839,667070,41,457179136,0,28.32,7812,0,2
base,sort,next-line-w0.05,-,next-line,32,0.050,0.2000,1.0000,0.392718,0.101422,93.580,0.015766,0.413186,-8.638,14.028,60.9,777490,305334,12258,3010544,29667,0.258256,0,0,2233054,0,0,0,9.86,0,0,5
base,sort,last-stride-w0.05,-,last-stride,32,0.050,0.2000,1.0000,0.677862,0.547151,534.150,0.004492,0.367917,-36.552,2.926,11.9,2430024,1647222,10915,3010544,29667,0.807171,0,0,200275,16,0,0,15.00,0,0,8
base,sort,bitty-w0.10,bitty-4x8-ternary,counts-eu,32,0.100,0.2000,1.0000,0.915343,0.192384,190.604,0.000294,0.006270,-20.950,1.535,6.1,632745,579179,186,3010544,29667,0.210176,172837,172837,193901,137,457179136,391578272,66.00,23259,0,0
base,sort,explicit4-w0.10,explicit-4,counts-eu,32,0.100,0.2000,1.0000,0.890630,0.183777,181.521,0.000299,0.006270,-20.567,1.799,6.8,621212,553270,186,3010544,29667,0.206345,172839,172839,208696,41,457179136,0,27.77,7812,0,0
base,sort,next-line-w0.10,-,next-line,32,0.100,0.2000,1.0000,0.392718,0.101422,85.738,0.015766,0.413186,-21.347,14.028,60.9,777490,305334,12258,3010544,29667,0.258256,0,0,2233054,0,0,0,9.69,0,0,5
base,sort,last-stride-w0.10,-,last-stride,32,0.100,0.2000,1.0000,0.677862,0.547151,521.149,0.004492,0.367917,-76.729,2.926,11.9,2430024,1647222,10915,3010544,29667,0.807171,0,0,200275,16,0,0,15.08,0,0,8
base,sort,bitty-w0.25,bitty-4x8-ternary,counts-eu,32,0.250,0.2000,1.0000,0.976994,0.177807,176.760,0.000339,0.006270,-45.421,1.000,3.6,547901,535296,186,3010544,29667,0.181994,172837,172837,15050,137,457179136,391578272,66.44,23259,0,0
base,sort,explicit4-w0.25,explicit-4,counts-eu,32,0.250,0.2000,1.0000,0.937370,0.172295,169.417,0.000336,0.006270,-45.875,1.000,3.3,553359,518702,186,3010544,29667,0.183807,172839,172839,0,41,457179136,0,26.90,7812,0,0
base,sort,next-line-w0.25,-,next-line,32,0.250,0.2000,1.0000,0.392718,0.101422,62.213,0.015766,0.413186,-59.474,14.028,60.9,777490,305334,12258,3010544,29667,0.258256,0,0,2233054,0,0,0,9.92,0,0,5
base,sort,last-stride-w0.25,-,last-stride,32,0.250,0.2000,1.0000,0.677862,0.547151,482.146,0.004492,0.367917,-197.261,2.926,11.9,2430024,1647222,10915,3010544,29667,0.807171,0,0,200275,16,0,0,15.06,0,0,8
base,sort,bitty-w0.50,bitty-4x8-ternary,counts-eu,32,0.500,0.2000,1.0000,0.977012,0.177807,175.715,0.000339,0.006270,-90.903,1.000,3.6,547891,535296,186,3010544,29667,0.181991,172837,172837,15050,137,457179136,391578272,69.92,23259,0,0
base,sort,explicit4-w0.50,explicit-4,counts-eu,32,0.500,0.2000,1.0000,0.937370,0.172295,166.539,0.000336,0.006270,-91.811,1.000,3.3,553359,518702,186,3010544,29667,0.183807,172839,172839,0,41,457179136,0,26.74,7812,0,0
base,sort,next-line-w0.50,-,next-line,32,0.500,0.2000,1.0000,0.392718,0.101422,23.004,0.015766,0.413186,-123.020,14.028,60.9,777490,305334,12258,3010544,29667,0.258256,0,0,2233054,0,0,0,9.68,0,0,5
base,sort,last-stride-w0.50,-,last-stride,32,0.500,0.2000,1.0000,0.677862,0.547151,417.141,0.004492,0.367917,-398.147,2.926,11.9,2430024,1647222,10915,3010544,29667,0.807171,0,0,200275,16,0,0,14.93,0,0,8
base,sort,bitty-w1.00,bitty-4x8-ternary,counts-eu,32,1.000,0.2000,1.0000,0.999729,0.161727,161.683,0.000382,0.006270,-161.647,1.000,3.3,487018,486886,186,3010544,29667,0.161771,172837,172837,24,137,457179136,391578272,63.57,23259,0,0
base,sort,explicit4-w1.00,explicit-4,counts-eu,32,1.000,0.2000,1.0000,0.928428,0.149330,137.819,0.000384,0.006270,-160.719,1.000,3.1,484223,449566,186,3010544,29667,0.160842,172839,172839,0,41,457179136,0,26.68,7812,0,0
base,sort,next-line-w1.00,-,next-line,32,1.000,0.2000,1.0000,0.392718,0.101422,-55.413,0.015766,0.413186,-250.112,14.028,60.9,777490,305334,12258,3010544,29667,0.258256,0,0,2233054,0,0,0,9.79,0,0,5
base,sort,last-stride-w1.00,-,last-stride,32,1.000,0.2000,1.0000,0.677862,0.547151,287.131,0.004492,0.367917,-799.920,2.926,11.9,2430024,1647222,10915,3010544,29667,0.807171,0,0,200275,16,0,0,14.98,0,0,8
base,sort,bitty-w2.00,bitty-4x8-ternary,counts-eu,32,2.000,0.2000,1.0000,0.999912,0.161665,161.637,0.000000,0.000000,-323.359,1.000,3.3,486743,486700,0,3010544,29667,0.161679,172837,172837,24,137,457179136,391578272,63.59,23259,0,0
base,sort,explicit4-w2.00,explicit-4,counts-eu,32,2.000,0.2000,1.0000,1.000000,0.149269,149.269,0.000000,0.000000,-298.537,1.000,3.1,449380,449380,0,3010544,29667,0.149269,172839,172839,0,41,457179136,0,26.26,7812,0,0
base,sort,next-line-w2.00,-,next-line,32,2.000,0.2000,1.0000,0.392718,0.101422,-212.247,0.015766,0.413186,-504.296,14.028,60.9,777490,305334,12258,3010544,29667,0.258256,0,0,2233054,0,0,0,9.67,0,0,5
base,sort,last-stride-w2.00,-,last-stride,32,2.000,0.2000,1.0000,0.677862,0.547151,27.111,0.004492,0.367917,-1603.465,2.926,11.9,2430024,1647222,10915,3010544,29667,0.807171,0,0,200275,16,0,0,15.23,0,0,8
A-split,sort,split-warmup-0.10,bitty-4x8-ternary,counts-eu,32,0.250,0.1000,1.0000,0.976955,0.177790,176.741,0.000334,0.006183,-45.420,1.000,3.6,616353,602149,206,3386862,33316,0.181983,194436,194436,16898,137,457179136,391578272,64.38,23259,0,0
A-split,sort,split-warmup-0.10-explicit4,explicit-4,counts-eu,32,0.250,0.1000,1.0000,0.937356,0.172294,169.415,0.000331,0.006183,-45.876,1.000,3.3,622533,583535,206,3386862,33316,0.183808,194442,194442,2,41,457179136,0,27.41,7812,0,0
A-split,sort,split-warmup-0.20,bitty-4x8-ternary,counts-eu,32,0.250,0.2000,1.0000,0.976994,0.177807,176.760,0.000339,0.006270,-45.421,1.000,3.6,547901,535296,186,3010544,29667,0.181994,172837,172837,15050,137,457179136,391578272,64.06,23259,0,0
A-split,sort,split-warmup-0.20-explicit4,explicit-4,counts-eu,32,0.250,0.2000,1.0000,0.937370,0.172295,169.417,0.000336,0.006270,-45.875,1.000,3.3,553359,518702,186,3010544,29667,0.183807,172839,172839,0,41,457179136,0,26.84,7812,0,0
A-split,sort,split-warmup-0.35,bitty-4x8-ternary,counts-eu,32,0.250,0.3500,1.0000,0.976948,0.177798,176.749,0.000339,0.006251,-45.421,1.000,3.6,445168,434906,151,2446067,24156,0.181993,140427,140427,12267,137,457179136,391578272,63.36,23259,0,0
A-split,sort,split-warmup-0.35-explicit4,explicit-4,counts-eu,32,0.250,0.3500,1.0000,0.937374,0.172292,169.414,0.000336,0.006251,-45.873,1.000,3.3,449593,421437,151,2446067,24156,0.183802,140429,140429,0,41,457179136,0,26.36,7812,0,0
A-split,sort,split-warmup-0.50,bitty-4x8-ternary,counts-eu,32,0.250,0.5000,1.0000,0.976880,0.177805,176.753,0.000342,0.006297,-45.426,1.000,3.6,342475,334557,117,1881590,18581,0.182014,108017,108017,9472,137,457179136,391578272,62.94,23259,0,0
A-split,sort,split-warmup-0.50-explicit4,explicit-4,counts-eu,32,0.250,0.5000,1.0000,0.937393,0.172287,169.410,0.000338,0.006297,-45.871,1.000,3.3,345824,324173,117,1881590,18581,0.183793,108019,108019,0,41,457179136,0,26.11,7812,0,0
A-roll,sort,roll-0.20-0.30,bitty-4x8-ternary,counts-eu,32,0.250,0.2000,0.3000,0.977396,0.177866,176.837,0.000321,0.006022,-45.422,1.000,3.6,68482,66934,22,376318,3653,0.181979,21609,21609,1856,137,457179136,391578272,62.09,23259,0,0
A-roll,sort,roll-0.20-0.30-explicit4,explicit-4,counts-eu,32,0.250,0.2000,0.3000,0.937355,0.172325,169.446,0.000318,0.006022,-45.887,1.000,3.3,69183,64849,22,376318,3653,0.183842,21609,21609,0,41,457179136,0,25.27,7812,0,0
A-roll,sort,roll-0.30-0.40,bitty-4x8-ternary,counts-eu,32,0.250,0.3000,0.4000,0.976842,0.177773,176.719,0.000365,0.006728,-45.414,1.000,3.6,68485,66899,25,376318,3716,0.181987,21605,21605,1849,137,457179136,391578272,62.06,23259,0,0
A-roll,sort,roll-0.30-0.40-explicit4,explicit-4,counts-eu,32,0.250,0.3000,0.4000,0.937332,0.172298,169.419,0.000361,0.006728,-45.871,1.000,3.3,69174,64839,25,376318,3716,0.183818,21605,21605,0,41,457179136,0,25.44,7812,0,0
A-roll,sort,roll-0.40-0.50,bitty-4x8-ternary,counts-eu,32,0.250,0.4000,0.5000,0.977301,0.177791,176.759,0.000321,0.005919,-45.407,1.000,3.6,68460,66906,22,376318,3717,0.181921,21606,21606,1872,137,457179136,391578272,64.03,23259,0,0
A-roll,sort,roll-0.40-0.50-explicit4,explicit-4,counts-eu,32,0.250,0.4000,0.5000,0.937307,0.172304,169.423,0.000318,0.005919,-45.884,1.000,3.3,69178,64841,22,376318,3717,0.183829,21606,21606,0,41,457179136,0,25.91,7812,0,0
A-roll,sort,roll-0.50-0.60,bitty-4x8-ternary,counts-eu,32,0.250,0.5000,0.6000,0.976850,0.177836,176.783,0.000336,0.006189,-45.436,1.000,3.6,68509,66923,23,376318,3716,0.182051,21610,21610,1918,137,457179136,391578272,61.63,23259,0,0
A-roll,sort,roll-0.50-0.60-explicit4,explicit-4,counts-eu,32,0.250,0.5000,0.6000,0.937441,0.172341,169.466,0.000332,0.006189,-45.884,1.000,3.3,69183,64855,23,376318,3716,0.183842,21611,21611,0,41,457179136,0,25.33,7812,0,0
A-roll,sort,roll-0.60-0.70,bitty-4x8-ternary,counts-eu,32,0.250,0.6000,0.7000,0.976784,0.177767,176.711,0.000336,0.006189,-45.422,1.000,3.6,68487,66897,23,376318,3716,0.181992,21600,21599,1930,137,457179136,391578272,62.14,23259,0,0
A-roll,sort,roll-0.60-0.70-explicit4,explicit-4,counts-eu,32,0.250,0.6000,0.7000,0.937329,0.172251,169.371,0.000333,0.006189,-45.865,1.000,3.3,69155,64821,23,376318,3716,0.183767,21600,21599,0,41,457179136,0,25.52,7812,0,0
A-roll,sort,roll-0.70-0.80,bitty-4x8-ternary,counts-eu,32,0.250,0.7000,0.8000,0.977594,0.177967,176.947,0.000336,0.006188,-45.435,1.000,3.6,68507,66972,23,376318,3717,0.182046,21643,21643,1759,137,457179136,391578272,62.78,23259,0,0
A-roll,sort,roll-0.70-0.80-explicit4,explicit-4,counts-eu,32,0.250,0.7000,0.8000,0.937384,0.172609,169.727,0.000332,0.006188,-45.958,1.000,3.3,69295,64956,23,376318,3717,0.184139,21644,21644,0,41,457179136,0,25.34,7812,0,0
A-roll,sort,roll-0.80-0.90,bitty-4x8-ternary,counts-eu,32,0.250,0.8000,0.9000,0.976864,0.177722,176.670,0.000351,0.006457,-45.403,1.000,3.6,68464,66880,24,376318,3717,0.181931,21592,21591,1907,137,457179136,391578272,62.12,23259,0,0
A-roll,sort,roll-0.80-0.90-explicit4,explicit-4,counts-eu,32,0.250,0.8000,0.9000,0.937363,0.172189,169.313,0.000347,0.006457,-45.844,1.000,3.3,69128,64798,24,376318,3717,0.183696,21592,21591,0,41,457179136,0,25.43,7812,0,0
A-roll,sort,roll-0.90-1.00,bitty-4x8-ternary,counts-eu,32,0.250,0.9000,1.0000,0.976266,0.177727,176.647,0.000350,0.006460,-45.432,1.000,3.6,68508,66882,24,376318,3715,0.182048,21572,21572,1958,137,457179136,391578272,65.07,23259,0,0
A-roll,sort,roll-0.90-1.00-explicit4,explicit-4,counts-eu,32,0.250,0.9000,1.0000,0.937405,0.172035,169.163,0.000348,0.006460,-45.801,1.000,3.3,69063,64740,24,376318,3715,0.183523,21572,21572,0,41,457179136,0,25.16,7812,0,0
B,sort,type+delta,type+delta,counts-eu,32,0.100,0.2000,1.0000,0.447921,0.049713,43.586,0.000000,0.000000,-11.099,5.558,27.0,334128,149663,0,3010544,29667,0.110986,334128,149663,0,9,457179136,0,18.67,53,0,2
B,sort,pc-only,pc-only,counts-eu,32,0.100,0.2000,1.0000,0.900993,0.206742,204.470,0.000269,0.006270,-22.878,1.989,7.5,690799,622405,186,3010544,29667,0.229460,207407,207407,242805,17,457179136,0,20.26,4966,0,0
B,sort,explicit-1,explicit-1,counts-eu,32,0.100,0.2000,1.0000,0.900993,0.206742,204.470,0.000269,0.006270,-22.878,1.989,7.5,690799,622405,186,3010544,29667,0.229460,207407,207407,242805,17,457179136,0,23.69,4966,0,0
B,sort,explicit-2,explicit-2,counts-eu,32,0.100,0.2000,1.0000,0.889977,0.183777,181.505,0.000299,0.006270,-20.582,1.925,7.3,621668,553270,186,3010544,29667,0.206497,172839,172839,242805,25,457179136,0,24.30,5902,0,0
B,sort,explicit-4,explicit-4,counts-eu,32,0.100,0.2000,1.0000,0.890630,0.183777,181.521,0.000299,0.006270,-20.567,1.799,6.8,621212,553270,186,3010544,29667,0.206345,172839,172839,208696,41,457179136,0,27.54,7812,0,0
B,sort,explicit-8,explicit-8,counts-eu,32,0.100,0.2000,1.0000,0.893608,0.183777,181.589,0.000300,0.006270,-20.498,1.550,5.8,619142,553270,186,3010544,29667,0.205658,172839,172839,141636,73,457179136,0,33.35,11112,0,0
B,sort,explicit-16,explicit-16,counts-eu,32,0.100,0.2000,1.0000,0.877493,0.195259,192.533,0.000278,0.006270,-22.184,2.329,9.6,669905,587837,186,3010544,29667,0.222520,172839,172839,299778,137,457179136,0,46.32,17126,0,2
B,sort,bitty-1x8-tau8,bitty-1x8-tau8,counts-eu,32,0.100,0.2000,1.0000,0.934824,0.160751,159.630,0.000000,0.000000,-17.196,2.147,8.1,517689,483948,0,3010544,29667,0.171959,138271,138271,277372,41,457179136,97894568,42.88,6401,0,0
B,sort,bitty-1x8-tau32,bitty-1x8-tau32,counts-eu,32,0.100,0.2000,1.0000,0.724091,0.159330,153.259,0.000000,0.000000,-22.004,1.924,7.6,662446,479671,0,3010544,29667,0.220042,130062,122878,446909,41,457179136,97894568,44.50,10622,0,0
B,sort,bitty-4x8-ternary,bitty-4x8-ternary,counts-eu,32,0.100,0.2000,1.0000,0.915343,0.192384,190.604,0.000294,0.006270,-20.950,1.535,6.1,632745,579179,186,3010544,29667,0.210176,172837,172837,193901,137,457179136,391578272,66.51,23259,0,0
B,sort,random-matched,random-matched,counts-eu,32,0.100,0.2000,1.0000,0.249012,0.008431,5.888,0.001109,0.003809,-3.344,4.976,21.1,101927,25381,113,3010544,29667,0.033857,26497,23179,134,8,457179136,0,89.78,1019348,90,8
B,sort,bitty-shuffled-instr,bitty-shuffled-instr,counts-eu,32,0.100,0.2000,1.0000,0.504990,0.103536,93.387,0.000011,0.000236,-20.500,3.136,12.7,617238,311699,7,3010544,29667,0.205025,241667,208709,9710,137,457179136,391578272,161.19,563407,0,3
B,sort,bitty-no-delta,bitty-no-delta,counts-eu,32,0.100,0.2000,1.0000,0.851196,0.169991,167.019,0.000309,0.006270,-19.903,1.011,3.9,601232,511766,186,3010544,29667,0.199709,239708,172748,52208,137,457179136,391578272,64.92,20237,0,1
B,sort,bitty-no-type,bitty-no-type,counts-eu,32,0.100,0.2000,1.0000,0.915203,0.192354,190.572,0.000294,0.006270,-20.950,1.535,6.1,632745,579090,186,3010544,29667,0.210176,172748,172748,193901,137,457179136,391578272,66.59,23029,0,0
B,sort,bitty-instr-only,bitty-instr-only,counts-eu,32,0.100,0.2000,1.0000,0.915343,0.192384,190.604,0.000294,0.006270,-20.950,1.535,6.1,632745,579179,186,3010544,29667,0.210176,172837,172837,193901,137,457179136,391578272,65.04,23259,0,0
B,sort,bitty-data-only,bitty-data-only,counts-eu,32,0.100,0.2000,1.0000,0.377833,0.033131,27.676,0.000000,0.000000,-8.769,5.028,21.6,263987,99743,0,3010544,29667,0.087687,495,490,343510,137,457179136,120421728,107.79,2066463,9684,4
B,sort,bitty-instr+data,bitty-instr+data,counts-eu,32,0.100,0.2000,1.0000,0.561576,0.193279,178.189,0.000000,0.000000,-34.417,1.767,7.2,1036145,581874,0,3010544,29667,0.344172,166056,165138,209214,137,457179136,512000000,130.12,169008,0,4
B,sort,type+delta,type+delta,counts-eu,32,0.250,0.2000,1.0000,0.430707,0.028130,18.835,0.000000,0.000000,-16.328,6.090,28.6,196623,84687,0,3010544,29667,0.065311,196623,84687,0,9,457179136,0,18.29,53,0,0
B,sort,pc-only,pc-only,counts-eu,32,0.250,0.2000,1.0000,0.944326,0.195259,192.381,0.000299,0.006270,-51.616,1.176,4.0,622494,587837,186,3010544,29667,0.206771,207407,207407,0,17,457179136,0,19.89,4966,0,0
B,sort,explicit-1,explicit-1,counts-eu,32,0.250,0.2000,1.0000,0.944326,0.195259,192.381,0.000299,0.006270,-51.616,1.176,4.0,622494,587837,186,3010544,29667,0.206771,207407,207407,0,17,457179136,0,22.64,4966,0,0
B,sort,explicit-2,explicit-2,counts-eu,32,0.250,0.2000,1.0000,0.937370,0.172295,169.417,0.000336,0.006270,-45.875,1.000,3.3,553359,518702,186,3010544,29667,0.183807,172839,172839,0,25,457179136,0,24.15,5902,0,0
B,sort,explicit-4,explicit-4,counts-eu,32,0.250,0.2000,1.0000,0.937370,0.172295,169.417,0.000336,0.006270,-45.875,1.000,3.3,553359,518702,186,3010544,29667,0.183807,172839,172839,0,41,457179136,0,26.78,7812,0,0
B,sort,explicit-8,explicit-8,counts-eu,32,0.250,0.2000,1.0000,0.937370,0.172295,169.417,0.000336,0.006270,-45.875,1.000,3.3,553359,518702,186,3010544,29667,0.183807,172839,172839,0,73,457179136,0,32.53,11112,0,0
B,sort,explicit-16,explicit-16,counts-eu,32,0.250,0.2000,1.0000,0.920955,0.183777,179.834,0.000310,0.006270,-49.811,1.079,3.9,600757,553270,186,3010544,29667,0.199551,172839,172839,21738,137,457179136,0,44.70,17126,0,0
B,sort,bitty-1x8-tau8,bitty-1x8-tau8,counts-eu,32,0.250,0.2000,1.0000,1.000000,0.149269,149.269,0.000000,0.000000,-37.317,1.000,3.2,449380,449380,0,3010544,29667,0.149269,138271,138271,0,41,457179136,97894568,41.40,6401,0,0
B,sort,bitty-1x8-tau32,bitty-1x8-tau32,counts-eu,32,0.250,0.2000,1.0000,0.982155,0.136366,135.746,0.000000,0.000000,-34.711,1.002,3.4,417994,410535,0,3010544,29667,0.138843,130062,122878,0,41,457179136,97894568,42.46,10622,0,0
B,sort,bitty-4x8-ternary,bitty-4x8-ternary,counts-eu,32,0.250,0.2000,1.0000,0.976994,0.177807,176.760,0.000339,0.006270,-45.421,1.000,3.6,547901,535296,186,3010544,29667,0.181994,172837,172837,15050,137,457179136,391578272,66.08,23259,0,0
B,sort,random-matched,random-matched,counts-eu,32,0.250,0.2000,1.0000,0.263088,0.007912,2.372,0.001082,0.003303,-7.478,4.965,21.0,90540,23820,98,3010544,29667,0.030074,24981,21851,113,8,457179136,0,77.29,1019348,90,6
B,sort,bitty-shuffled-instr,bitty-shuffled-instr,counts-eu,32,0.250,0.2000,1.0000,0.558277,0.050502,40.513,0.000000,0.000000,-22.615,2.845,11.4,272336,152039,0,3010544,29667,0.090461,81622,56379,4248,137,457179136,391578272,148.92,563407,0,0
B,sort,bitty-no-delta,bitty-no-delta,counts-eu,32,0.250,0.2000,1.0000,0.863036,0.166897,160.275,0.000319,0.006270,-48.269,1.000,3.7,582190,502451,186,3010544,29667,0.193384,239708,172748,15050,137,457179136,391578272,67.43,20237,0,1
B,sort,bitty-no-type,bitty-no-type,counts-eu,32,0.250,0.2000,1.0000,0.976832,0.177778,176.723,0.000339,0.006270,-45.421,1.000,3.6,547901,535207,186,3010544,29667,0.181994,172748,172748,15050,137,457179136,391578272,64.23,23029,0,0
B,sort,bitty-instr-only,bitty-instr-only,counts-eu,32,0.250,0.2000,1.0000,0.976994,0.177807,176.760,0.000339,0.006270,-45.421,1.000,3.6,547901,535296,186,3010544,29667,0.181994,172837,172837,15050,137,457179136,391578272,65.14,23259,0,0
B,sort,bitty-data-only,bitty-data-only,counts-eu,32,0.250,0.2000,1.0000,0.426748,0.032022,21.268,0.000000,0.000000,-18.759,4.888,21.0,225904,96404,0,3010544,29667,0.075038,479,474,250061,137,457179136,120421728,97.41,2066463,9684,4
B,sort,bitty-instr+data,bitty-instr+data,counts-eu,32,0.250,0.2000,1.0000,0.814884,0.190664,179.836,0.000000,0.000000,-58.494,1.621,6.5,704398,574003,0,3010544,29667,0.233977,165471,164605,89757,137,457179136,512000000,122.00,169008,0,1
B,sort,type+delta,type+delta,counts-eu,32,1.000,0.2000,1.0000,1.000000,0.000022,0.022,0.000000,0.000000,-0.022,2.000,17.0,67,67,0,3010544,29667,0.000022,67,67,0,9,457179136,0,17.78,53,0,0
B,sort,pc-only,pc-only,counts-eu,32,1.000,0.2000,1.0000,0.916506,0.126366,114.854,0.000448,0.006270,-137.754,1.091,3.2,415086,380429,186,3010544,29667,0.137877,138271,138271,0,17,457179136,0,19.71,4966,0,0
B,sort,explicit-1,explicit-1,counts-eu,32,1.000,0.2000,1.0000,0.916506,0.126366,114.854,0.000448,0.006270,-137.754,1.091,3.2,415086,380429,186,3010544,29667,0.137877,138271,138271,0,17,457179136,0,22.51,4966,0,0
B,sort,explicit-2,explicit-2,counts-eu,32,1.000,0.2000,1.0000,0.928428,0.149330,137.819,0.000384,0.006270,-160.719,1.000,3.1,484223,449566,186,3010544,29667,0.160842,172839,172839,0,25,457179136,0,24.17,5902,0,0
B,sort,explicit-4,explicit-4,counts-eu,32,1.000,0.2000,1.0000,0.928428,0.149330,137.819,0.000384,0.006270,-160.719,1.000,3.1,484223,449566,186,3010544,29667,0.160842,172839,172839,0,41,457179136,0,27.40,7812,0,0
B,sort,explicit-8,explicit-8,counts-eu,32,1.000,0.2000,1.0000,0.928428,0.149330,137.819,0.000384,0.006270,-160.719,1.000,3.1,484223,449566,186,3010544,29667,0.160842,172839,172839,0,73,457179136,0,32.83,11112,0,0
B,sort,explicit-16,explicit-16,counts-eu,32,1.000,0.2000,1.0000,0.928428,0.149330,137.819,0.000384,0.006270,-160.719,1.000,3.1,484223,449566,186,3010544,29667,0.160842,172839,172839,0,137,457179136,0,46.26,17126,0,0
B,sort,bitty-1x8-tau8,bitty-1x8-tau8,counts-eu,32,1.000,0.2000,1.0000,1.000000,0.137878,137.878,0.000000,0.000000,-137.878,1.000,3.2,415087,415087,0,3010544,29667,0.137878,138271,138271,0,41,457179136,97894568,42.13,6401,0,0
B,sort,bitty-1x8-tau32,bitty-1x8-tau32,counts-eu,32,1.000,0.2000,1.0000,0.978613,0.113372,110.894,0.000000,0.000000,-115.849,1.000,3.1,348770,341311,0,3010544,29667,0.115849,129884,122700,0,41,457179136,97894568,45.97,10622,0,0
B,sort,bitty-4x8-ternary,bitty-4x8-ternary,counts-eu,32,1.000,0.2000,1.0000,0.999729,0.161727,161.683,0.000382,0.006270,-161.647,1.000,3.3,487018,486886,186,3010544,29667,0.161771,172837,172837,24,137,457179136,391578272,65.98,23259,0,0
B,sort,random-matched,random-matched,counts-eu,32,1.000,0.2000,1.0000,0.813725,0.000028,0.021,0.000000,0.000000,-0.034,4.783,19.9,102,83,0,3010544,29667,0.000034,102,83,0,8,457179136,0,76.41,1019348,90,0
B,sort,bitty-shuffled-instr,bitty-shuffled-instr,counts-eu,32,1.000,0.2000,1.0000,0.902226,0.010152,9.052,0.000000,0.000000,-11.252,1.257,4.5,33874,30562,0,3010544,29667,0.011252,1885,1114,12,137,457179136,391578272,141.98,563407,0,0
B,sort,bitty-no-delta,bitty-no-delta,counts-eu,32,1.000,0.2000,1.0000,0.999262,0.139426,139.323,0.000443,0.006270,-139.405,1.000,3.5,420058,419748,186,3010544,29667,0.139529,138455,138455,24,137,457179136,391578272,62.95,20237,0,0
B,sort,bitty-no-type,bitty-no-type,counts-eu,32,1.000,0.2000,1.0000,0.999546,0.161697,161.624,0.000382,0.006270,-161.647,1.000,3.3,487018,486797,186,3010544,29667,0.161771,172748,172748,24,137,457179136,391578272,63.20,23029,0,0
B,sort,bitty-instr-only,bitty-instr-only,counts-eu,32,1.000,0.2000,1.0000,0.999729,0.161727,161.683,0.000382,0.006270,-161.647,1.000,3.3,487018,486886,186,3010544,29667,0.161771,172837,172837,24,137,457179136,391578272,64.61,23259,0,0
B,sort,bitty-data-only,bitty-data-only,counts-eu,32,1.000,0.2000,1.0000,0.641418,0.015420,6.799,0.000000,0.000000,-24.040,3.783,15.8,72374,46422,0,3010544,29667,0.024040,411,406,35964,137,457179136,120421728,92.30,2066463,9684,2
B,sort,bitty-instr+data,bitty-instr+data,counts-eu,32,1.000,0.2000,1.0000,0.998196,0.177892,177.571,0.000000,0.000000,-178.214,1.216,4.7,536521,535553,0,3010544,29667,0.178214,158383,158049,6350,137,457179136,512000000,118.63,169008,0,0
D,sort,counts-eu,bitty-4x8-ternary,counts-eu,32,0.250,0.2000,1.0000,0.976994,0.177807,176.760,0.000339,0.006270,-45.421,1.000,3.6,547901,535296,186,3010544,29667,0.181994,172837,172837,15050,137,457179136,391578272,64.85,23259,0,0
D,sort,decay-0.99,bitty-4x8-ternary,decay-0.99,32,0.250,0.2000,1.0000,0.974050,0.178316,177.128,0.000337,0.006270,-45.689,1.004,3.6,551130,536828,186,3010544,29667,0.183067,172837,172837,20937,137,457179136,391578272,69.94,23259,0,0
D,sort,decay-0.999,bitty-4x8-ternary,decay-0.999,32,0.250,0.2000,1.0000,0.976985,0.177806,176.759,0.000339,0.006270,-45.422,1.000,3.6,547904,535294,186,3010544,29667,0.181995,172837,172837,15050,137,457179136,391578272,67.54,23259,0,0
D,sort,bandit,bitty-4x8-ternary,bandit,32,0.250,0.2000,1.0000,0.977149,0.177745,176.706,0.000000,0.000000,-45.476,1.000,3.6,547624,535110,0,3010544,29667,0.181902,172837,172837,15050,137,591396864,391578272,66.49,23259,0,0
D,sort,topk-1,bitty-4x8-ternary,topk-1,32,0.250,0.2000,1.0000,0.999708,0.161727,161.715,0.000382,0.006270,-40.366,1.000,3.3,487028,486886,186,3010544,29667,0.161774,172837,172837,24,137,104857600,391578272,63.38,23259,0,0
D,sort,topk-2,bitty-4x8-ternary,topk-2,32,0.250,0.2000,1.0000,0.999728,0.173118,173.106,0.000357,0.006270,-43.214,1.000,3.4,521321,521179,186,3010544,29667,0.173165,172837,172837,24,137,155189248,391578272,61.04,23259,0,0
D,sort,topk-4,bitty-4x8-ternary,topk-4,32,0.250,0.2000,1.0000,0.976994,0.177807,176.760,0.000339,0.006270,-45.421,1.000,3.6,547901,535296,186,3010544,29667,0.181994,172837,172837,15050,137,255852544,391578272,62.62,23259,0,0
D,sort,topk-8,bitty-4x8-ternary,topk-8,32,0.250,0.2000,1.0000,0.976994,0.177807,176.760,0.000339,0.006270,-45.421,1.000,3.6,547901,535296,186,3010544,29667,0.181994,172837,172837,15050,137,457179136,391578272,64.95,23259,0,0
D,sort,fixed-conf-0.25,bitty-4x8-ternary,fixed-conf-0.25,32,0.250,0.2000,1.0000,0.977012,0.177807,176.761,0.000339,0.006270,-45.420,1.000,3.6,547891,535296,186,3010544,29667,0.181991,172837,172837,15050,137,457179136,391578272,64.48,23259,0,0
D,sort,fixed-conf-0.50,bitty-4x8-ternary,fixed-conf-0.50,32,0.250,0.2000,1.0000,0.999729,0.161727,161.716,0.000382,0.006270,-40.365,1.000,3.3,487018,486886,186,3010544,29667,0.161771,172837,172837,24,137,457179136,391578272,64.49,23259,0,0
D,sort,fixed-conf-0.75,bitty-4x8-ternary,fixed-conf-0.75,32,0.250,0.2000,1.0000,0.999912,0.161665,161.662,0.000000,0.000000,-40.420,1.000,3.3,486743,486700,0,3010544,29667,0.161679,172837,172837,24,137,457179136,391578272,63.03,23259,0,0
D,sort,fixed-conf-0.90,bitty-4x8-ternary,fixed-conf-0.90,32,0.250,0.2000,1.0000,0.999912,0.161663,161.659,0.000000,0.000000,-40.419,1.000,3.3,486736,486693,0,3010544,29667,0.161677,172836,172836,24,137,457179136,391578272,64.00,23259,0,0
D,sort,no-gate,bitty-4x8-ternary,no-gate,32,0.250,0.2000,1.0000,0.387937,0.195266,118.246,0.000123,0.006270,-125.759,2.773,11.3,1515341,587857,186,3010544,29667,0.503345,172837,172837,1460879,137,457179136,391578272,69.48,23259,0,9
D,sort,min-evidence-1,bitty-4x8-ternary,min-evidence-1,32,0.250,0.2000,1.0000,0.976955,0.177809,176.761,0.000339,0.006270,-45.424,1.000,3.6,547930,535303,186,3010544,29667,0.182004,172838,172838,15050,137,457179136,391578272,64.36,23259,0,0
D,sort,min-evidence-2,bitty-4x8-ternary,min-evidence-2,32,0.250,0.2000,1.0000,0.976962,0.177809,176.761,0.000339,0.006270,-45.423,1.000,3.6,547925,535302,186,3010544,29667,0.182002,172837,172837,15050,137,457179136,391578272,63.43,23259,0,0
D,sort,min-evidence-6,bitty-4x8-ternary,min-evidence-6,32,0.250,0.2000,1.0000,0.976994,0.177807,176.760,0.000339,0.006270,-45.421,1.000,3.6,547901,535296,186,3010544,29667,0.181994,172837,172837,15050,137,457179136,391578272,64.48,23259,0,0
D,sort,min-evidence-16,bitty-4x8-ternary,min-evidence-16,32,0.250,0.2000,1.0000,0.977011,0.177800,176.754,0.000339,0.006270,-45.419,1.000,3.6,547870,535275,186,3010544,29667,0.181984,172829,172829,15050,137,457179136,391578272,63.64,23259,0,0
D,sort,min-evidence-64,bitty-4x8-ternary,min-evidence-64,32,0.250,0.2000,1.0000,0.976999,0.177605,176.560,0.000322,0.005933,-45.374,1.000,3.6,547277,534689,176,3010544,29667,0.181787,172501,172501,15050,137,457179136,391578272,63.33,23259,0,0
D,sort,absolute-line-outcome,bitty-4x8-ternary,absolute-line-outcome,32,0.250,0.2000,1.0000,0.975889,0.472255,469.338,0.000000,0.000000,-120.981,1.777,6.2,1456870,1421744,0,3010544,29667,0.483923,172562,138269,282755,137,457179136,391578272,65.70,23259,0,1
D,sort,slots-2^14,bitty-4x8-ternary,slots-2^14,32,0.250,0.2000,1.0000,0.976988,0.177778,176.731,0.000340,0.006270,-45.414,1.000,3.6,547813,535207,186,3010544,29667,0.181965,172837,172837,15050,137,1785856,391578272,65.11,16118,7649,0
D,sort,slots-2^16,bitty-4x8-ternary,slots-2^16,32,0.250,0.2000,1.0000,0.976994,0.177807,176.760,0.000339,0.006270,-45.421,1.000,3.6,547901,535296,186,3010544,29667,0.181994,172837,172837,15050,137,7143424,391578272,65.49,23254,5,0
D,sort,slots-2^18,bitty-4x8-ternary,slots-2^18,32,0.250,0.2000,1.0000,0.976994,0.177807,176.760,0.000339,0.006270,-45.421,1.000,3.6,547901,535296,186,3010544,29667,0.181994,172837,172837,15050,137,28573696,391578272,64.31,23259,0,0
D,sort,slots-2^20,bitty-4x8-ternary,slots-2^20,32,0.250,0.2000,1.0000,0.976994,0.177807,176.760,0.000339,0.006270,-45.421,1.000,3.6,547901,535296,186,3010544,29667,0.181994,172837,172837,15050,137,114294784,391578272,64.42,23259,0,0
D,sort,slots-2^22,bitty-4x8-ternary,slots-2^22,32,0.250,0.2000,1.0000,0.976994,0.177807,176.760,0.000339,0.006270,-45.421,1.000,3.6,547901,535296,186,3010544,29667,0.181994,172837,172837,15050,137,457179136,391578272,65.21,23259,0,0
E,sort,next-line,-,next-line,32,0.250,0.2000,1.0000,0.392718,0.101422,62.213,0.015766,0.413186,-59.474,14.028,60.9,777490,305334,12258,3010544,29667,0.258256,0,0,2233054,0,0,0,9.75,0,0,5
E,sort,last-stride,-,last-stride,32,0.250,0.2000,1.0000,0.677862,0.547151,482.146,0.004492,0.367917,-197.261,2.926,11.9,2430024,1647222,10915,3010544,29667,0.807171,0,0,200275,16,0,0,14.72,0,0,8
E,sort,pc-stride,-,pc-stride,32,0.250,0.2000,1.0000,0.000000,0.000000,-0.019,0.000000,0.000000,-0.019,0.000,0.0,229,0,0,3010544,29667,0.000076,0,0,0,0,98304,0,6.32,0,0,0
E,sort,delta-markov,-,delta-markov,32,0.250,0.2000,1.0000,0.947121,0.645616,636.605,0.000000,0.000000,-170.415,2.545,10.9,2052171,1943655,0,3010544,29667,0.681661,91037,83194,54561,0,262144,0,15.91,0,0,2
E,sort,ghb-gdc,-,ghb-gdc,32,0.250,0.2000,1.0000,0.881052,0.693006,669.616,0.000028,0.002258,-196.614,3.056,13.0,2367993,2086325,67,3010544,29667,0.786566,0,0,332940,0,294912,0,16.03,0,0,4
E,sort,spp-lite,-,spp-lite,32,0.250,0.2000,1.0000,0.903732,0.128472,125.050,0.000061,0.000876,-35.528,1.798,7.3,427970,386770,26,3010544,29667,0.142157,0,0,146027,0,262144,0,9.71,0,0,2
E,sort,prepchef-bitty-w0.05,bitty-4x8-ternary,counts-eu,32,0.050,0.2000,1.0000,0.914285,0.192386,191.484,0.000294,0.006270,-10.456,1.535,6.1,633485,579186,186,3010544,29667,0.210422,172837,172837,194051,137,457179136,391578272,66.20,23259,0,0
E,sort,prepchef-explicit4-w0.05,explicit-4,counts-eu,32,0.050,0.2000,1.0000,0.813749,0.193951,191.732,0.000259,0.006270,-11.852,2.388,9.6,717542,583899,186,3010544,29667,0.238343,172839,172839,667070,41,457179136,0,28.47,7812,0,2
E,sort,prepchef-bitty-w0.10,bitty-4x8-ternary,counts-eu,32,0.100,0.2000,1.0000,0.915343,0.192384,190.604,0.000294,0.006270,-20.950,1.535,6.1,632745,579179,186,3010544,29667,0.210176,172837,172837,193901,137,457179136,391578272,65.55,23259,0,0
E,sort,prepchef-explicit4-w0.10,explicit-4,counts-eu,32,0.100,0.2000,1.0000,0.890630,0.183777,181.521,0.000299,0.006270,-20.567,1.799,6.8,621212,553270,186,3010544,29667,0.206345,172839,172839,208696,41,457179136,0,27.24,7812,0,0
E,sort,prepchef-bitty-w0.25,bitty-4x8-ternary,counts-eu,32,0.250,0.2000,1.0000,0.976994,0.177807,176.760,0.000339,0.006270,-45.421,1.000,3.6,547901,535296,186,3010544,29667,0.181994,172837,172837,15050,137,457179136,391578272,64.61,23259,0,0
E,sort,prepchef-explicit4-w0.25,explicit-4,counts-eu,32,0.250,0.2000,1.0000,0.937370,0.172295,169.417,0.000336,0.006270,-45.875,1.000,3.3,553359,518702,186,3010544,29667,0.183807,172839,172839,0,41,457179136,0,26.89,7812,0,0
E,sort,prepchef-bitty-w0.50,bitty-4x8-ternary,counts-eu,32,0.500,0.2000,1.0000,0.977012,0.177807,175.715,0.000339,0.006270,-90.903,1.000,3.6,547891,535296,186,3010544,29667,0.181991,172837,172837,15050,137,457179136,391578272,64.71,23259,0,0
E,sort,prepchef-explicit4-w0.50,explicit-4,counts-eu,32,0.500,0.2000,1.0000,0.937370,0.172295,166.539,0.000336,0.006270,-91.811,1.000,3.3,553359,518702,186,3010544,29667,0.183807,172839,172839,0,41,457179136,0,26.87,7812,0,0
E,sort,prepchef-bitty-w1.00,bitty-4x8-ternary,counts-eu,32,1.000,0.2000,1.0000,0.999729,0.161727,161.683,0.000382,0.006270,-161.647,1.000,3.3,487018,486886,186,3010544,29667,0.161771,172837,172837,24,137,457179136,391578272,64.46,23259,0,0
E,sort,prepchef-explicit4-w1.00,explicit-4,counts-eu,32,1.000,0.2000,1.0000,0.928428,0.149330,137.819,0.000384,0.006270,-160.719,1.000,3.1,484223,449566,186,3010544,29667,0.160842,172839,172839,0,41,457179136,0,26.64,7812,0,0
E,sort,prepchef-bitty-w2.00,bitty-4x8-ternary,counts-eu,32,2.000,0.2000,1.0000,0.999912,0.161665,161.637,0.000000,0.000000,-323.359,1.000,3.3,486743,486700,0,3010544,29667,0.161679,172837,172837,24,137,457179136,391578272,64.43,23259,0,0
E,sort,prepchef-explicit4-w2.00,explicit-4,counts-eu,32,2.000,0.2000,1.0000,1.000000,0.149269,149.269,0.000000,0.000000,-298.537,1.000,3.1,449380,449380,0,3010544,29667,0.149269,172839,172839,0,41,457179136,0,26.26,7812,0,0
E,sort,prepchef-bitty-w4.00,bitty-4x8-ternary,counts-eu,32,4.000,0.2000,1.0000,0.999912,0.161665,161.608,0.000000,0.000000,-646.718,1.000,3.3,486743,486700,0,3010544,29667,0.161679,172837,172837,24,137,457179136,391578272,79.88,23259,0,0
E,sort,prepchef-explicit4-w4.00,explicit-4,counts-eu,32,4.000,0.2000,1.0000,1.000000,0.149269,149.269,0.000000,0.000000,-597.075,1.000,3.1,449380,449380,0,3010544,29667,0.149269,172839,172839,0,41,457179136,0,35.12,7812,0,0
E-noself,sort,prepchef-noself-w0.25,bitty-4x8-ternary,counts-eu,32,0.250,0.2000,1.0000,0.966392,0.120397,119.350,0.000496,0.006270,-31.069,1.000,4.2,375064,362459,186,3010544,29667,0.124583,0,0,15050,137,457179136,391578272,104.92,23259,0,0
E-noself,sort,prepchef-noself-w1.00,bitty-4x8-ternary,counts-eu,32,1.000,0.2000,1.0000,0.999580,0.104316,104.273,0.000592,0.006270,-104.237,1.000,4.0,314181,314049,186,3010544,29667,0.104360,0,0,24,137,457179136,391578272,64.65,23259,0,0
base,tsort,bitty-w0.05,bitty-4x8-ternary,counts-eu,32,0.050,0.2000,1.0000,0.894204,0.669400,665.440,0.009396,0.228754,-30.044,1.115,4.5,2371884,2120947,22287,3168430,97428,0.748599,954743,937150,38507,137,457179136,385262816,109.31,35949,0,6
base,tsort,explicit4-w0.05,explicit-4,counts-eu,32,0.050,0.2000,1.0000,0.849809,0.625040,619.516,0.009752,0.233249,-29.244,1.511,6.5,2330400,1980394,22725,3168430,97428,0.735506,1016746,956648,130888,41,457179136,0,39.08,8330,0,4
base,tsort,next-line-w0.05,-,next-line,32,0.050,0.2000,1.0000,0.297912,0.094155,83.060,0.032780,0.336915,-4.924,9.662,44.0,1001382,298324,32825,3168430,97428,0.316050,0,0,2167048,0,0,0,11.27,0,0,9
base,tsort,last-stride-w0.05,-,last-stride,32,0.050,0.2000,1.0000,0.238793,0.121585,102.206,0.006653,0.110163,-21.901,5.076,21.8,1613245,385232,10733,3168430,97428,0.509162,0,0,223653,16,0,0,15.66,0,0,15
base,tsort,bitty-w0.10,bitty-4x8-ternary,counts-eu,32,0.100,0.2000,1.0000,0.920872,0.667872,662.133,0.009504,0.224166,-64.944,1.104,4.4,2297936,2116106,21840,3168430,97428,0.725260,954736,937145,35449,137,457179136,385262816,105.31,35949,0,4
base,tsort,explicit4-w0.10,explicit-4,counts-eu,32,0.100,0.2000,1.0000,0.889803,0.621072,613.381,0.010240,0.232438,-61.937,1.506,6.5,2211527,1967824,22646,3168430,97428,0.697988,1016740,956644,59147,41,457179136,0,37.53,8330,0,3
base,tsort,next-line-w0.10,-,next-line,32,0.100,0.2000,1.0000,0.297912,0.094155,71.966,0.032780,0.336915,-20.209,9.662,44.0,1001382,298324,32825,3168430,97428,0.316050,0,0,2167048,0,0,0,11.16,0,0,9
base,tsort,last-stride-w0.10,-,last-stride,32,0.100,0.2000,1.0000,0.238793,0.121585,82.827,0.006653,0.110163,-47.190,5.076,21.8,1613245,385232,10733,3168430,97428,0.509162,0,0,223653,16,0,0,12.30,0,0,15
base,tsort,bitty-w0.25,bitty-4x8-ternary,counts-eu,32,0.250,0.2000,1.0000,0.946741,0.664663,655.316,0.009625,0.219762,-167.066,1.089,4.4,2224408,2105939,21411,3168430,97428,0.702054,951640,934724,33074,137,457179136,385262816,104.80,35949,0,3
base,tsort,explicit4-w0.25,explicit-4,counts-eu,32,0.250,0.2000,1.0000,0.896479,0.619575,601.689,0.010341,0.232418,-163.847,1.490,6.4,2189769,1963081,22644,3168430,97428,0.691121,1012779,953676,57943,41,457179136,0,38.91,8330,0,1
base,tsort,next-line-w0.25,-,next-line,32,0.250,0.2000,1.0000,0.297912,0.094155,38.681,0.032780,0.336915,-66.062,9.662,44.0,1001382,298324,32825,3168430,97428,0.316050,0,0,2167048,0,0,0,11.67,0,0,9
base,tsort,last-stride-w0.25,-,last-stride,32,0.250,0.2000,1.0000,0.238793,0.121585,24.690,0.006653,0.110163,-123.056,5.076,21.8,1613245,385232,10733,3168430,97428,0.509162,0,0,223653,16,0,0,12.55,0,0,15
base,tsort,bitty-w0.50,bitty-4x8-ternary,counts-eu,32,0.500,0.2000,1.0000,0.954766,0.662795,647.094,0.009636,0.217535,-337.064,1.088,4.4,2199511,2100018,21194,3168430,97428,0.694196,951133,934217,31451,137,457179136,385262816,105.93,35949,0,2
base,tsort,explicit4-w0.50,explicit-4,counts-eu,32,0.500,0.2000,1.0000,0.915332,0.610036,581.822,0.010684,0.231566,-322.551,1.479,6.4,2111643,1932855,22561,3168430,97428,0.666464,1006082,948877,54676,41,457179136,0,37.94,8330,0,1
base,tsort,next-line-w0.50,-,next-line,32,0.500,0.2000,1.0000,0.297912,0.094155,-16.792,0.032780,0.336915,-142.485,9.662,44.0,1001382,298324,32825,3168430,97428,0.316050,0,0,2167048,0,0,0,11.07,0,0,9
base,tsort,last-stride-w0.50,-,last-stride,32,0.500,0.2000,1.0000,0.238793,0.121585,-72.204,0.006653,0.110163,-249.500,5.076,21.8,1613245,385232,10733,3168430,97428,0.509162,0,0,223653,16,0,0,12.75,0,0,15
base,tsort,bitty-w1.00,bitty-4x8-ternary,counts-eu,32,1.000,0.2000,1.0000,0.963565,0.654174,629.438,0.009700,0.214158,-665.740,1.083,4.4,2151081,2072706,20865,3168430,97428,0.678911,943687,927120,26577,137,457179136,385262816,102.03,35949,0,2
base,tsort,explicit4-w1.00,explicit-4,counts-eu,32,1.000,0.2000,1.0000,0.926143,0.587332,540.494,0.011208,0.231145,-619.954,1.485,6.4,2009321,1860919,22520,3168430,97428,0.634169,993277,937200,46915,41,457179136,0,36.20,8330,0,1
base,tsort,next-line-w1.00,-,next-line,32,1.000,0.2000,1.0000,0.297912,0.094155,-127.740,0.032780,0.336915,-295.330,9.662,44.0,1001382,298324,32825,3168430,97428,0.316050,0,0,2167048,0,0,0,11.00,0,0,9
base,tsort,last-stride-w1.00,-,last-stride,32,1.000,0.2000,1.0000,0.238793,0.121585,-265.993,0.006653,0.110163,-502.387,5.076,21.8,1613245,385232,10733,3168430,97428,0.509162,0,0,223653,16,0,0,12.79,0,0,15
base,tsort,bitty-w2.00,bitty-4x8-ternary,counts-eu,32,2.000,0.2000,1.0000,0.995346,0.606431,600.760,0.004539,0.089933,-1210.237,1.018,4.1,1930419,1921435,8762,3168430,97428,0.609267,865559,863332,4541,137,457179136,385262816,100.03,35949,0,0
base,tsort,explicit4-w2.00,explicit-4,counts-eu,32,2.000,0.2000,1.0000,0.960979,0.532827,489.555,0.007247,0.130681,-1096.871,1.428,6.2,1756777,1688225,12732,3168430,97428,0.554463,896969,859245,18549,41,457179136,0,35.74,8330,0,0
base,tsort,next-line-w2.00,-,next-line,32,2.000,0.2000,1.0000,0.297912,0.094155,-349.634,0.032780,0.336915,-601.020,9.662,44.0,1001382,298324,32825,3168430,97428,0.316050,0,0,2167048,0,0,0,11.10,0,0,9
base,tsort,last-stride-w2.00,-,last-stride,32,2.000,0.2000,1.0000,0.238793,0.121585,-653.571,0.006653,0.110163,-1008.162,5.076,21.8,1613245,385232,10733,3168430,97428,0.509162,0,0,223653,16,0,0,13.35,0,0,15
A-split,tsort,split-warmup-0.10,bitty-4x8-ternary,counts-eu,32,0.250,0.1000,1.0000,0.946220,0.665784,656.324,0.009346,0.222888,-167.686,1.087,4.4,2508060,2373177,23440,3564484,105165,0.703625,1075445,1055818,36184,137,457179136,385262816,107.42,35949,0,3
A-split,tsort,split-warmup-0.10-explicit4,explicit-4,counts-eu,32,0.250,0.1000,1.0000,0.896058,0.621593,603.567,0.010066,0.236685,-164.696,1.492,6.4,2472674,2215660,24891,3564484,105165,0.693698,1145073,1077923,65146,41,457179136,0,38.35,8330,0,1
A-split,tsort,split-warmup-0.20,bitty-4x8-ternary,counts-eu,32,0.250,0.2000,1.0000,0.946741,0.664663,655.316,0.009625,0.219762,-167.066,1.089,4.4,2224408,2105939,21411,3168430,97428,0.702054,951640,934724,33074,137,457179136,385262816,103.08,35949,0,3
A-split,tsort,split-warmup-0.20-explicit4,explicit-4,counts-eu,32,0.250,0.2000,1.0000,0.896479,0.619575,601.689,0.010341,0.232418,-163.847,1.490,6.4,2189769,1963081,22644,3168430,97428,0.691121,1012779,953676,57943,41,457179136,0,37.36,8330,0,1
A-split,tsort,split-warmup-0.35,bitty-4x8-ternary,counts-eu,32,0.250,0.3500,1.0000,0.947085,0.663184,653.920,0.009879,0.216208,-166.412,1.091,4.4,1802655,1707267,17808,2574350,82365,0.700237,770516,756740,27839,137,457179136,385262816,101.69,35949,0,3
A-split,tsort,split-warmup-0.35-explicit4,explicit-4,counts-eu,32,0.250,0.3500,1.0000,0.896711,0.617478,599.697,0.010511,0.226225,-163.103,1.488,6.4,1772704,1589604,18633,2574350,82365,0.688603,818860,771313,47331,41,457179136,0,35.44,8330,0,1
A-split,tsort,split-warmup-0.50,bitty-4x8-ternary,counts-eu,32,0.250,0.5000,1.0000,0.947129,0.661574,652.342,0.010035,0.212457,-165.865,1.094,4.4,1383227,1310095,13880,1980269,65331,0.698505,591821,580842,21869,137,457179136,385262816,98.94,35949,0,3
A-split,tsort,split-warmup-0.50-explicit4,explicit-4,counts-eu,32,0.250,0.5000,1.0000,0.897022,0.615702,598.031,0.010602,0.220584,-162.500,1.486,6.4,1359226,1219255,14411,1980269,65331,0.686385,627010,590787,36602,41,457179136,0,34.41,8330,0,1
A-roll,tsort,roll-0.20-0.30,bitty-4x8-ternary,counts-eu,32,0.250,0.2000,0.3000,0.944002,0.670689,660.743,0.008394,0.242655,-170.164,1.074,4.3,281386,265629,2362,396054,9734,0.710474,121055,118811,3356,137,457179136,385262816,91.92,35949,0,0
A-roll,tsort,roll-0.20-0.30-explicit4,explicit-4,counts-eu,32,0.250,0.2000,0.3000,0.894924,0.629391,610.917,0.009697,0.277481,-167.298,1.497,6.4,278541,249273,2701,396054,9734,0.703290,129267,121519,7145,41,457179136,0,28.98,8330,0,0
A-roll,tsort,roll-0.30-0.40,bitty-4x8-ternary,counts-eu,32,0.250,0.3000,0.4000,0.948023,0.671122,661.923,0.008920,0.229892,-169.086,1.086,4.3,280373,265800,2501,396053,10879,0.707918,119898,118093,3835,137,457179136,385262816,91.95,35949,0,0
A-roll,tsort,roll-0.30-0.40-explicit4,explicit-4,counts-eu,32,0.250,0.3000,0.4000,0.896421,0.626318,608.225,0.009891,0.251586,-166.033,1.500,6.5,276717,248055,2737,396053,10879,0.698687,129094,121484,7063,41,457179136,0,28.69,8330,0,0
A-roll,tsort,roll-0.40-0.50,bitty-4x8-ternary,counts-eu,32,0.250,0.4000,0.5000,0.946286,0.667619,658.144,0.009548,0.232323,-167.958,1.079,4.3,279422,264413,2668,396054,11484,0.705515,118866,116976,4014,137,457179136,385262816,89.88,35949,0,0
A-roll,tsort,roll-0.40-0.50-explicit4,explicit-4,counts-eu,32,0.250,0.4000,0.5000,0.895418,0.622380,604.207,0.010153,0.243382,-164.947,1.491,6.4,275286,246496,2795,396054,11484,0.695072,127408,119884,7132,41,457179136,0,29.55,8330,0,0
A-roll,tsort,roll-0.50-0.60,bitty-4x8-ternary,counts-eu,32,0.250,0.5000,0.6000,0.947923,0.665174,656.039,0.009992,0.227120,-166.665,1.087,4.4,277918,263445,2777,396054,12227,0.701717,118799,116804,4369,137,457179136,385262816,94.86,35949,0,0
A-roll,tsort,roll-0.50-0.60-explicit4,explicit-4,counts-eu,32,0.250,0.5000,0.6000,0.896881,0.619855,602.038,0.010518,0.235463,-163.694,1.488,6.4,273722,245496,2879,396054,12227,0.691123,126665,119273,7258,41,457179136,0,29.23,8330,0,0
A-roll,tsort,roll-0.60-0.70,bitty-4x8-ternary,counts-eu,32,0.250,0.6000,0.7000,0.947902,0.662687,653.581,0.010383,0.227039,-165.703,1.089,4.4,276884,262459,2875,396053,12663,0.699108,118140,116122,4391,137,457179136,385262816,94.48,35949,0,0
A-roll,tsort,roll-0.60-0.70-explicit4,explicit-4,counts-eu,32,0.250,0.6000,0.7000,0.896873,0.617344,599.598,0.010619,0.228619,-162.945,1.486,6.4,272615,244501,2895,396053,12663,0.688330,126083,118771,7247,41,457179136,0,28.25,8330,0,0
A-roll,tsort,roll-0.70-0.80,bitty-4x8-ternary,counts-eu,32,0.250,0.7000,0.8000,0.946833,0.661617,652.329,0.010016,0.213132,-165.943,1.096,4.4,276750,262036,2772,396054,13006,0.698768,118271,116143,4516,137,457179136,385262816,90.50,35949,0,0
A-roll,tsort,roll-0.70-0.80-explicit4,explicit-4,counts-eu,32,0.250,0.7000,0.8000,0.896932,0.615674,597.987,0.010461,0.218668,-162.629,1.487,6.4,271860,243840,2844,396054,13006,0.686422,125402,118149,7315,41,457179136,0,28.03,8330,0,0
A-roll,tsort,roll-0.80-0.90,bitty-4x8-ternary,counts-eu,32,0.250,0.8000,0.9000,0.947456,0.660577,651.418,0.009803,0.200015,-165.759,1.100,4.4,276133,261624,2707,396054,13534,0.697210,118269,116098,4389,137,457179136,385262816,89.97,35949,0,0
A-roll,tsort,roll-0.80-0.90-explicit4,explicit-4,counts-eu,32,0.250,0.8000,0.9000,0.896828,0.613881,596.226,0.010620,0.212724,-162.039,1.488,6.4,271100,243130,2879,396054,13534,0.684503,124993,117814,7326,41,457179136,0,27.99,8330,0,0
A-roll,tsort,roll-0.90-1.00,bitty-4x8-ternary,counts-eu,32,0.250,0.9000,1.0000,0.945508,0.657809,648.331,0.009977,0.197756,-165.254,1.100,4.4,275543,260528,2749,396054,13901,0.695721,118342,115674,4203,137,457179136,385262816,89.45,35949,0,3
A-roll,tsort,roll-0.90-1.00-explicit4,explicit-4,counts-eu,32,0.250,0.9000,1.0000,0.897581,0.611747,594.296,0.010795,0.209625,-161.191,1.483,6.4,269931,242285,2914,396054,13901,0.681551,123867,116777,7454,41,457179136,0,27.61,8330,0,1
B,tsort,type+delta,type+delta,counts-eu,32,0.100,0.2000,1.0000,0.803017,0.682893,666.142,0.000122,0.003367,-84.927,4.787,20.1,2694463,2163700,328,3168430,97428,0.850410,2572147,2107980,50001,9,457179136,0,28.87,54,0,9
B,tsort,pc-only,pc-only,counts-eu,32,0.100,0.2000,1.0000,0.882239,0.607471,599.363,0.009957,0.222965,-61.314,1.588,6.8,2181643,1924730,21723,3168430,97428,0.688556,1028915,962446,79098,17,457179136,0,28.36,4964,0,1
B,tsort,explicit-1,explicit-1,counts-eu,32,0.100,0.2000,1.0000,0.882239,0.607471,599.363,0.009957,0.222965,-61.314,1.588,6.8,2181643,1924730,21723,3168430,97428,0.688556,1028915,962446,79098,17,457179136,0,31.25,4964,0,1
B,tsort,explicit-2,explicit-2,counts-eu,32,0.100,0.2000,1.0000,0.892696,0.619865,612.414,0.010006,0.225941,-61.795,1.512,6.5,2200076,1963998,22013,3168430,97428,0.694374,1019262,958650,59066,25,457179136,0,32.39,6081,0,2
B,tsort,explicit-4,explicit-4,counts-eu,32,0.100,0.2000,1.0000,0.889803,0.621072,613.381,0.010240,0.232438,-61.937,1.506,6.5,2211527,1967824,22646,3168430,97428,0.697988,1016740,956644,59147,41,457179136,0,38.57,8330,0,3
B,tsort,explicit-8,explicit-8,counts-eu,32,0.100,0.2000,1.0000,0.880237,0.635700,627.051,0.010464,0.245751,-63.907,1.448,6.1,2288214,2014171,23943,3168430,97428,0.722192,1014811,954385,57996,73,457179136,0,45.49,12526,0,4
B,tsort,explicit-16,explicit-16,counts-eu,32,0.100,0.2000,1.0000,0.875806,0.642395,633.286,0.009195,0.219331,-65.930,1.451,6.1,2324014,2035385,21369,3168430,97428,0.733491,1069458,983463,55334,137,457179136,0,63.85,24971,0,4
B,tsort,bitty-1x8-tau8,bitty-1x8-tau8,counts-eu,32,0.100,0.2000,1.0000,0.869357,0.607097,597.974,0.009884,0.224463,-62.241,1.715,7.2,2212607,1923545,21869,3168430,97428,0.698329,1034317,978973,84346,41,457179136,96315704,53.68,6873,0,3
B,tsort,bitty-1x8-tau32,bitty-1x8-tau32,counts-eu,32,0.100,0.2000,1.0000,0.900711,0.622996,616.128,0.008798,0.197900,-62.473,1.477,5.9,2191512,1973919,19281,3168430,97428,0.691671,982745,958990,125976,41,457179136,96315704,58.58,12612,0,4
B,tsort,bitty-4x8-ternary,bitty-4x8-ternary,counts-eu,32,0.100,0.2000,1.0000,0.920872,0.667872,662.133,0.009504,0.224166,-64.944,1.104,4.4,2297936,2116106,21840,3168430,97428,0.725260,954736,937145,35449,137,457179136,385262816,100.64,35949,0,4
B,tsort,random-matched,random-matched,counts-eu,32,0.100,0.2000,1.0000,0.581972,0.027813,25.815,0.000561,0.000872,-4.750,5.314,22.5,151423,88124,85,3168430,97428,0.047791,106918,85307,354,8,457179136,0,87.54,1024354,97,3
B,tsort,bitty-shuffled-instr,bitty-shuffled-instr,counts-eu,32,0.100,0.2000,1.0000,0.617302,0.024575,23.051,0.000357,0.000462,-3.965,3.769,15.6,126136,77864,45,3168430,97428,0.039810,82104,68752,608,137,457179136,385262816,180.79,3196829,179139,1
B,tsort,bitty-no-delta,bitty-no-delta,counts-eu,32,0.100,0.2000,1.0000,0.909729,0.629670,623.422,0.009757,0.219629,-61.786,1.410,5.8,2193033,1995065,21398,3168430,97428,0.692151,1014536,993817,124106,137,457179136,385262816,96.93,25651,0,3
B,tsort,bitty-no-type,bitty-no-type,counts-eu,32,0.100,0.2000,1.0000,0.920553,0.667268,661.510,0.009126,0.215123,-65.209,1.108,4.5,2296656,2114193,20959,3168430,97428,0.724856,955806,938002,35218,137,457179136,385262816,103.84,35585,0,4
B,tsort,bitty-instr-only,bitty-instr-only,counts-eu,32,0.100,0.2000,1.0000,0.920872,0.667872,662.133,0.009504,0.224166,-64.944,1.104,4.4,2297936,2116106,21840,3168430,97428,0.725260,954736,937145,35449,137,457179136,385262816,102.18,35949,0,4
B,tsort,bitty-data-only,bitty-data-only,counts-eu,32,0.100,0.2000,1.0000,0.927363,0.561929,557.528,0.012340,0.243164,-52.369,1.357,5.7,1919889,1780434,23691,3168430,97428,0.605943,725334,693466,45415,137,457179136,126737184,134.76,906468,30,1
B,tsort,bitty-instr+data,bitty-instr+data,counts-eu,32,0.100,0.2000,1.0000,0.917476,0.711362,704.963,0.013754,0.346810,-65.804,1.160,4.8,2456632,2253900,33789,3168430,97428,0.775347,897336,884262,50542,137,457179136,512000000,148.29,335123,0,6
B,tsort,type+delta,type+delta,counts-eu,32,0.250,0.2000,1.0000,0.842328,0.524928,500.363,0.000078,0.001591,-155.736,3.549,14.6,1974526,1663198,155,3168430,97428,0.623188,1862013,1608531,44112,9,457179136,0,26.45,54,0,4
B,tsort,pc-only,pc-only,counts-eu,32,0.250,0.2000,1.0000,0.884755,0.606906,587.143,0.009993,0.222913,-162.922,1.584,6.8,2173414,1922939,21718,3168430,97428,0.685959,1027010,961004,78315,17,457179136,0,27.04,4964,0,1
B,tsort,explicit-1,explicit-1,counts-eu,32,0.250,0.2000,1.0000,0.884755,0.606906,587.143,0.009993,0.222913,-162.922,1.584,6.8,2173414,1922939,21718,3168430,97428,0.685959,1027010,961004,78315,17,457179136,0,30.39,4964,0,1
B,tsort,explicit-2,explicit-2,counts-eu,32,0.250,0.2000,1.0000,0.896483,0.618445,600.592,0.010070,0.225921,-163.781,1.493,6.4,2185766,1959501,22011,3168430,97428,0.689858,1014173,954758,58204,25,457179136,0,33.12,6081,0,1
B,tsort,explicit-4,explicit-4,counts-eu,32,0.250,0.2000,1.0000,0.896479,0.619575,601.689,0.010341,0.232418,-163.847,1.490,6.4,2189769,1963081,22644,3168430,97428,0.691121,1012779,953676,57943,41,457179136,0,36.24,8330,0,1
B,tsort,explicit-8,explicit-8,counts-eu,32,0.250,0.2000,1.0000,0.898888,0.632635,614.845,0.010710,0.245125,-166.528,1.433,6.1,2229933,2004461,23882,3168430,97428,0.703797,1010799,951345,54117,73,457179136,0,44.94,12526,0,2
B,tsort,explicit-16,explicit-16,counts-eu,32,0.250,0.2000,1.0000,0.896781,0.639700,621.293,0.009383,0.217668,-169.966,1.438,6.1,2260134,2026845,21207,3168430,97428,0.713329,1066233,980931,49985,137,457179136,0,64.82,24971,0,2
B,tsort,bitty-1x8-tau8,bitty-1x8-tau8,counts-eu,32,0.250,0.2000,1.0000,0.896054,0.603035,585.546,0.010244,0.224196,-159.630,1.686,7.1,2132319,1910674,21843,3168430,97428,0.672989,1028085,974176,70038,41,457179136,96315704,53.43,6873,0,1
B,tsort,bitty-1x8-tau32,bitty-1x8-tau32,counts-eu,32,0.250,0.2000,1.0000,0.918101,0.617614,603.840,0.008927,0.195303,-160.670,1.412,5.7,2131427,1956866,19028,3168430,97428,0.672708,974763,952703,104175,41,457179136,96315704,58.36,12612,0,3
B,tsort,bitty-4x8-ternary,bitty-4x8-ternary,counts-eu,32,0.250,0.2000,1.0000,0.946741,0.664663,655.316,0.009625,0.219762,-167.066,1.089,4.4,2224408,2105939,21411,3168430,97428,0.702054,951640,934724,33074,137,457179136,385262816,104.29,35949,0,3
B,tsort,random-matched,random-matched,counts-eu,32,0.250,0.2000,1.0000,0.593328,0.027669,22.928,0.000555,0.000842,-11.626,5.309,22.5,147753,87666,82,3168430,97428,0.046633,106470,84947,334,8,457179136,0,91.45,1024354,97,2
B,tsort,bitty-shuffled-instr,bitty-shuffled-instr,counts-eu,32,0.250,0.2000,1.0000,0.645821,0.023223,20.039,0.000298,0.000349,-8.976,3.699,15.3,113931,73579,34,3168430,97428,0.035958,77737,65354,463,137,457179136,385262816,176.00,3196829,179139,1
B,tsort,bitty-no-delta,bitty-no-delta,counts-eu,32,0.250,0.2000,1.0000,0.919400,0.618661,605.102,0.009990,0.218613,-159.821,1.288,5.2,2132025,1960183,21299,3168430,97428,0.672896,974814,955108,113797,137,457179136,385262816,97.50,25651,0,3
B,tsort,bitty-no-type,bitty-no-type,counts-eu,32,0.250,0.2000,1.0000,0.946306,0.664038,654.618,0.009234,0.210720,-167.329,1.093,4.4,2223337,2103957,20530,3168430,97428,0.701716,952598,935512,32836,137,457179136,385262816,101.50,35585,0,3
B,tsort,bitty-instr-only,bitty-instr-only,counts-eu,32,0.250,0.2000,1.0000,0.946741,0.664663,655.316,0.009625,0.219762,-167.066,1.089,4.4,2224408,2105939,21411,3168430,97428,0.702054,951640,934724,33074,137,457179136,385262816,102.60,35949,0,3
B,tsort,bitty-data-only,bitty-data-only,counts-eu,32,0.250,0.2000,1.0000,0.946107,0.559058,551.097,0.012628,0.242672,-138.398,1.341,5.6,1872237,1771337,23643,3168430,97428,0.590904,718129,686291,40750,137,457179136,126737184,136.85,906468,30,1
B,tsort,bitty-instr+data,bitty-instr+data,counts-eu,32,0.250,0.2000,1.0000,0.943997,0.709678,699.153,0.014072,0.344028,-174.722,1.159,4.8,2381962,2248566,33518,3168430,97428,0.751780,897265,884191,41198,137,457179136,512000000,149.67,335123,0,3
B,tsort,type+delta,type+delta,counts-eu,32,1.000,0.2000,1.0000,0.859816,0.285052,238.577,0.000000,0.000000,-331.527,3.229,12.5,1050419,903167,0,3168430,97428,0.331527,1040560,893319,568,9,457179136,0,22.73,54,0,2
B,tsort,pc-only,pc-only,counts-eu,32,1.000,0.2000,1.0000,0.914949,0.572065,518.888,0.010892,0.221466,-611.623,1.575,6.9,1981039,1812549,21577,3168430,97428,0.625243,978101,922107,54629,17,457179136,0,25.94,4964,0,1
B,tsort,explicit-1,explicit-1,counts-eu,32,1.000,0.2000,1.0000,0.914949,0.572065,518.888,0.010892,0.221466,-611.623,1.575,6.9,1981039,1812549,21577,3168430,97428,0.625243,978101,922107,54629,17,457179136,0,29.72,4964,0,1
B,tsort,explicit-2,explicit-2,counts-eu,32,1.000,0.2000,1.0000,0.926432,0.589419,542.614,0.010838,0.224237,-622.434,1.485,6.4,2015833,1867533,21847,3168430,97428,0.636225,993797,937410,46740,25,457179136,0,31.66,6081,0,1
B,tsort,explicit-4,explicit-4,counts-eu,32,1.000,0.2000,1.0000,0.926143,0.587332,540.494,0.011208,0.231145,-619.954,1.485,6.4,2009321,1860919,22520,3168430,97428,0.634169,993277,937200,46915,41,457179136,0,35.47,8330,0,1
B,tsort,explicit-8,explicit-8,counts-eu,32,1.000,0.2000,1.0000,0.930644,0.597854,553.299,0.011618,0.242723,-627.482,1.418,6.1,2035428,1894259,23648,3168430,97428,0.642409,991092,934701,43081,73,457179136,0,43.65,12526,0,1
B,tsort,explicit-16,explicit-16,counts-eu,32,1.000,0.2000,1.0000,0.924408,0.608449,558.694,0.009921,0.212372,-645.143,1.433,6.1,2085471,1927827,20691,3168430,97428,0.658203,1046066,963695,37590,137,457179136,0,62.43,24971,0,0
B,tsort,bitty-1x8-tau8,bitty-1x8-tau8,counts-eu,32,1.000,0.2000,1.0000,0.925696,0.552861,508.484,0.011462,0.222616,-583.548,1.447,5.9,1892309,1751702,21689,3168430,97428,0.597239,953373,913208,58009,41,457179136,96315704,52.38,6873,0,1
B,tsort,bitty-1x8-tau32,bitty-1x8-tau32,counts-eu,32,1.000,0.2000,1.0000,0.944408,0.596117,561.026,0.009314,0.191198,-619.448,1.348,5.5,1999935,1888754,18628,3168430,97428,0.631207,936175,923336,54192,41,457179136,96315704,57.59,12612,0,0
B,tsort,bitty-4x8-ternary,bitty-4x8-ternary,counts-eu,32,1.000,0.2000,1.0000,0.963565,0.654174,629.438,0.009700,0.214158,-665.740,1.083,4.4,2151081,2072706,20865,3168430,97428,0.678911,943687,927120,26577,137,457179136,385262816,102.83,35949,0,2
B,tsort,random-matched,random-matched,counts-eu,32,1.000,0.2000,1.0000,0.797357,0.003656,2.727,0.000069,0.000010,-4.585,5.238,22.3,14528,11584,1,3168430,97428,0.004585,14511,11579,0,8,457179136,0,85.84,1024354,97,1
B,tsort,bitty-shuffled-instr,bitty-shuffled-instr,counts-eu,32,1.000,0.2000,1.0000,0.823994,0.010943,8.606,0.000000,0.000000,-13.280,3.403,13.5,42078,34672,0,3168430,97428,0.013280,39762,33619,17,137,457179136,385262816,174.10,3196829,179139,0
B,tsort,bitty-no-delta,bitty-no-delta,counts-eu,32,1.000,0.2000,1.0000,0.946062,0.585733,552.339,0.000894,0.018003,-618.020,1.204,4.9,1961662,1855854,1754,3168430,97428,0.619127,925692,906787,70374,137,457179136,385262816,96.40,25651,0,1
B,tsort,bitty-no-type,bitty-no-type,counts-eu,32,1.000,0.2000,1.0000,0.963435,0.653280,628.486,0.009301,0.205105,-665.460,1.087,4.4,2148429,2069871,19983,3168430,97428,0.678074,944027,927467,26329,137,457179136,385262816,104.23,35585,0,2
B,tsort,bitty-instr-only,bitty-instr-only,counts-eu,32,1.000,0.2000,1.0000,0.963565,0.654174,629.438,0.009700,0.214158,-665.740,1.083,4.4,2151081,2072706,20865,3168430,97428,0.678911,943687,927120,26577,137,457179136,385262816,105.33,35949,0,2
B,tsort,bitty-data-only,bitty-data-only,counts-eu,32,1.000,0.2000,1.0000,0.966543,0.544956,526.092,0.010849,0.198926,-551.586,1.279,5.4,1786424,1726655,19381,3168430,97428,0.563820,682101,655072,30438,137,457179136,126737184,132.19,906468,30,1
B,tsort,bitty-instr+data,bitty-instr+data,counts-eu,32,1.000,0.2000,1.0000,0.973849,0.695094,676.429,0.011557,0.268270,-697.262,1.117,4.6,2261499,2202358,26137,3168430,97428,0.713760,878830,867411,26904,137,457179136,512000000,150.96,335123,0,1
D,tsort,counts-eu,bitty-4x8-ternary,counts-eu,32,0.250,0.2000,1.0000,0.946741,0.664663,655.316,0.009625,0.219762,-167.066,1.089,4.4,2224408,2105939,21411,3168430,97428,0.702054,951640,934724,33074,137,457179136,385262816,100.45,35949,0,3
D,tsort,decay-0.99,bitty-4x8-ternary,decay-0.99,32,0.250,0.2000,1.0000,0.930553,0.666115,653.687,0.009910,0.230704,-170.089,1.103,4.4,2268049,2110540,22477,3168430,97428,0.715827,955188,934665,52607,137,457179136,385262816,106.71,35949,0,7
D,tsort,decay-0.999,bitty-4x8-ternary,decay-0.999,32,0.250,0.2000,1.0000,0.940458,0.665107,654.580,0.009570,0.220101,-168.344,1.091,4.4,2240766,2107346,21444,3168430,97428,0.707217,956446,937140,43089,137,457179136,385262816,103.15,35949,0,3
D,tsort,bandit,bitty-4x8-ternary,bandit,32,0.250,0.2000,1.0000,0.973029,0.643956,639.494,0.005094,0.109630,-161.238,1.098,4.4,2096886,2040330,10681,3168430,97428,0.661806,935758,929451,16719,137,591396864,385262816,106.32,35949,0,0
D,tsort,topk-1,bitty-4x8-ternary,topk-1,32,0.250,0.2000,1.0000,0.943703,0.627342,617.986,0.010540,0.227861,-157.433,1.088,4.4,2106266,1987689,22200,3168430,97428,0.664766,967292,931008,20299,137,104857600,385262816,91.23,35949,0,3
D,tsort,topk-2,bitty-4x8-ternary,topk-2,32,0.250,0.2000,1.0000,0.949999,0.648695,640.160,0.009726,0.215975,-162.408,1.090,4.4,2163525,2055346,21042,3168430,97428,0.682838,951642,934726,25278,137,155189248,385262816,94.70,35949,0,2
D,tsort,topk-4,bitty-4x8-ternary,topk-4,32,0.250,0.2000,1.0000,0.948958,0.661133,652.243,0.009640,0.218418,-165.778,1.089,4.4,2207425,2094753,21280,3168430,97428,0.696694,951709,934793,31914,137,255852544,385262816,97.00,35949,0,2
D,tsort,topk-8,bitty-4x8-ternary,topk-8,32,0.250,0.2000,1.0000,0.946741,0.664663,655.316,0.009625,0.219762,-167.066,1.089,4.4,2224408,2105939,21411,3168430,97428,0.702054,951640,934724,33074,137,457179136,385262816,99.93,35949,0,3
D,tsort,fixed-conf-0.25,bitty-4x8-ternary,fixed-conf-0.25,32,0.250,0.2000,1.0000,0.950970,0.664006,655.447,0.009660,0.219352,-166.129,1.088,4.4,2212326,2103855,21371,3168430,97428,0.698240,951635,934719,32755,137,457179136,385262816,99.62,35949,0,3
D,tsort,fixed-conf-0.50,bitty-4x8-ternary,fixed-conf-0.50,32,0.250,0.2000,1.0000,0.963565,0.654174,647.990,0.009700,0.214158,-161.496,1.083,4.4,2151081,2072706,20865,3168430,97428,0.678911,943687,927120,26577,137,457179136,385262816,99.12,35949,0,2
D,tsort,fixed-conf-0.75,bitty-4x8-ternary,fixed-conf-0.75,32,0.250,0.2000,1.0000,0.997334,0.601282,600.880,0.004195,0.082256,-147.561,1.015,4.1,1910212,1905120,8014,3168430,97428,0.602889,857642,856451,3637,137,457179136,385262816,96.76,35949,0,0
D,tsort,fixed-conf-0.90,bitty-4x8-ternary,fixed-conf-0.90,32,0.250,0.2000,1.0000,0.999257,0.589569,589.460,0.003902,0.074876,-144.624,1.009,4.1,1869398,1868009,7295,3168430,97428,0.590008,839330,838980,2068,137,457179136,385262816,96.40,35949,0,0
D,tsort,no-gate,bitty-4x8-ternary,no-gate,32,0.250,0.2000,1.0000,0.720984,0.673509,608.348,0.007682,0.233362,-224.568,1.164,4.7,2959796,2133966,22736,3168430,97428,0.934152,954762,937169,173369,137,457179136,385262816,104.27,35949,0,8
D,tsort,min-evidence-1,bitty-4x8-ternary,min-evidence-1,32,0.250,0.2000,1.0000,0.941855,0.668823,658.501,0.009640,0.222616,-168.971,1.089,4.4,2249942,2119119,21689,3168430,97428,0.710113,958343,941208,33739,137,457179136,385262816,102.12,35949,0,3
D,tsort,min-evidence-2,bitty-4x8-ternary,min-evidence-2,32,0.250,0.2000,1.0000,0.943114,0.667781,657.711,0.009631,0.221774,-168.491,1.089,4.4,2243438,2115817,21607,3168430,97428,0.708060,956682,939601,33529,137,457179136,385262816,98.68,35949,0,3
D,tsort,min-evidence-6,bitty-4x8-ternary,min-evidence-6,32,0.250,0.2000,1.0000,0.946741,0.664663,655.316,0.009625,0.219762,-167.066,1.089,4.4,2224408,2105939,21411,3168430,97428,0.702054,951640,934724,33074,137,457179136,385262816,99.83,35949,0,3
D,tsort,min-evidence-16,bitty-4x8-ternary,min-evidence-16,32,0.250,0.2000,1.0000,0.949154,0.658961,650.136,0.009610,0.216981,-165.225,1.088,4.4,2199719,2087871,21140,3168430,97428,0.694262,942799,926179,32493,137,457179136,385262816,99.54,35949,0,3
D,tsort,min-evidence-64,bitty-4x8-ternary,min-evidence-64,32,0.250,0.2000,1.0000,0.950260,0.640484,632.102,0.009451,0.207168,-160.539,1.087,4.4,2135550,2029328,20184,3168430,97428,0.674009,914141,898227,30831,137,457179136,385262816,99.89,35949,0,3
D,tsort,absolute-line-outcome,bitty-4x8-ternary,absolute-line-outcome,32,0.250,0.2000,1.0000,0.976014,0.738390,733.854,0.000735,0.018095,-188.438,1.047,4.5,2397031,2339537,1763,3168430,97428,0.756536,847568,844541,51528,137,457179136,385262816,101.47,35949,0,1
D,tsort,slots-2^14,bitty-4x8-ternary,slots-2^14,32,0.250,0.2000,1.0000,0.946967,0.663926,654.631,0.009630,0.219567,-166.837,1.089,4.4,2221410,2103603,21392,3168430,97428,0.701107,950441,933575,33029,137,1785856,385262816,97.90,16382,30445,3
D,tsort,slots-2^16,bitty-4x8-ternary,slots-2^16,32,0.250,0.2000,1.0000,0.946741,0.664662,655.314,0.009625,0.219762,-167.066,1.089,4.4,2224404,2105935,21411,3168430,97428,0.702052,951639,934723,33074,137,7143424,385262816,95.42,35679,295,3
D,tsort,slots-2^18,bitty-4x8-ternary,slots-2^18,32,0.250,0.2000,1.0000,0.946741,0.664663,655.316,0.009625,0.219762,-167.066,1.089,4.4,2224408,2105939,21411,3168430,97428,0.702054,951640,934724,33074,137,28573696,385262816,91.55,35949,0,3
D,tsort,slots-2^20,bitty-4x8-ternary,slots-2^20,32,0.250,0.2000,1.0000,0.946741,0.664663,655.316,0.009625,0.219762,-167.066,1.089,4.4,2224408,2105939,21411,3168430,97428,0.702054,951640,934724,33074,137,114294784,385262816,98.16,35949,0,3
D,tsort,slots-2^22,bitty-4x8-ternary,slots-2^22,32,0.250,0.2000,1.0000,0.946741,0.664663,655.316,0.009625,0.219762,-167.066,1.089,4.4,2224408,2105939,21411,3168430,97428,0.702054,951640,934724,33074,137,457179136,385262816,107.49,35949,0,3
E,tsort,next-line,-,next-line,32,0.250,0.2000,1.0000,0.297912,0.094155,38.681,0.032780,0.336915,-66.062,9.662,44.0,1001382,298324,32825,3168430,97428,0.316050,0,0,2167048,0,0,0,10.91,0,0,9
E,tsort,last-stride,-,last-stride,32,0.250,0.2000,1.0000,0.238793,0.121585,24.690,0.006653,0.110163,-123.056,5.076,21.8,1613245,385232,10733,3168430,97428,0.509162,0,0,223653,16,0,0,12.32,0,0,15
E,tsort,pc-stride,-,pc-stride,32,0.250,0.2000,1.0000,0.001318,0.000006,-1.189,0.000132,0.000021,-1.196,3.150,14.2,15170,20,2,3168430,97428,0.004788,0,0,11166,0,98304,0,7.54,0,0,0
E,tsort,delta-markov,-,delta-markov,32,0.250,0.2000,1.0000,0.904156,0.500250,486.993,0.003267,0.058782,-136.060,2.169,9.4,1753025,1585008,5727,3168430,97428,0.553279,892389,809793,90714,0,262144,0,16.89,0,0,1
E,tsort,ghb-gdc,-,ghb-gdc,32,0.250,0.2000,1.0000,0.588614,0.314311,259.392,0.001550,0.026912,-132.462,3.800,16.7,1691893,995872,2622,3168430,97428,0.533985,0,0,228805,0,294912,0,16.16,0,0,7
E,tsort,spp-lite,-,spp-lite,32,0.250,0.2000,1.0000,0.873402,0.251245,242.141,0.020185,0.188827,-64.658,1.448,6.9,911439,796053,18397,3168430,97428,0.287663,0,0,40273,0,262144,0,13.34,0,0,3
E,tsort,prepchef-bitty-w0.05,bitty-4x8-ternary,counts-eu,32,0.050,0.2000,1.0000,0.894204,0.669400,665.440,0.009396,0.228754,-30.044,1.115,4.5,2371884,2120947,22287,3168430,97428,0.748599,954743,937150,38507,137,457179136,385262816,106.73,35949,0,6
E,tsort,prepchef-explicit4-w0.05,explicit-4,counts-eu,32,0.050,0.2000,1.0000,0.849809,0.625040,619.516,0.009752,0.233249,-29.244,1.511,6.5,2330400,1980394,22725,3168430,97428,0.735506,1016746,956648,130888,41,457179136,0,37.60,8330,0,4
E,tsort,prepchef-bitty-w0.10,bitty-4x8-ternary,counts-eu,32,0.100,0.2000,1.0000,0.920872,0.667872,662.133,0.009504,0.224166,-64.944,1.104,4.4,2297936,2116106,21840,3168430,97428,0.725260,954736,937145,35449,137,457179136,385262816,104.79,35949,0,4
E,tsort,prepchef-explicit4-w0.10,explicit-4,counts-eu,32,0.100,0.2000,1.0000,0.889803,0.621072,613.381,0.010240,0.232438,-61.937,1.506,6.5,2211527,1967824,22646,3168430,97428,0.697988,1016740,956644,59147,41,457179136,0,36.75,8330,0,3
E,tsort,prepchef-bitty-w0.25,bitty-4x8-ternary,counts-eu,32,0.250,0.2000,1.0000,0.946741,0.664663,655.316,0.009625,0.219762,-167.066,1.089,4.4,2224408,2105939,21411,3168430,97428,0.702054,951640,934724,33074,137,457179136,385262816,104.84,35949,0,3
E,tsort,prepchef-explicit4-w0.25,explicit-4,counts-eu,32,0.250,0.2000,1.0000,0.896479,0.619575,601.689,0.010341,0.232418,-163.847,1.490,6.4,2189769,1963081,22644,3168430,97428,0.691121,1012779,953676,57943,41,457179136,0,36.37,8330,0,1
E,tsort,prepchef-bitty-w0.50,bitty-4x8-ternary,counts-eu,32,0.500,0.2000,1.0000,0.954766,0.662795,647.094,0.009636,0.217535,-337.064,1.088,4.4,2199511,2100018,21194,3168430,97428,0.694196,951133,934217,31451,137,457179136,385262816,106.02,35949,0,2
E,tsort,prepchef-explicit4-w0.50,explicit-4,counts-eu,32,0.500,0.2000,1.0000,0.915332,0.610036,581.822,0.010684,0.231566,-322.551,1.479,6.4,2111643,1932855,22561,3168430,97428,0.666464,1006082,948877,54676,41,457179136,0,36.16,8330,0,1
E,tsort,prepchef-bitty-w1.00,bitty-4x8-ternary,counts-eu,32,1.000,0.2000,1.0000,0.963565,0.654174,629.438,0.009700,0.214158,-665.740,1.083,4.4,2151081,2072706,20865,3168430,97428,0.678911,943687,927120,26577,137,457179136,385262816,105.63,35949,0,2
E,tsort,prepchef-explicit4-w1.00,explicit-4,counts-eu,32,1.000,0.2000,1.0000,0.926143,0.587332,540.494,0.011208,0.231145,-619.954,1.485,6.4,2009321,1860919,22520,3168430,97428,0.634169,993277,937200,46915,41,457179136,0,37.34,8330,0,1
E,tsort,prepchef-bitty-w2.00,bitty-4x8-ternary,counts-eu,32,2.000,0.2000,1.0000,0.995346,0.606431,600.760,0.004539,0.089933,-1210.237,1.018,4.1,1930419,1921435,8762,3168430,97428,0.609267,865559,863332,4541,137,457179136,385262816,103.20,35949,0,0
E,tsort,prepchef-explicit4-w2.00,explicit-4,counts-eu,32,2.000,0.2000,1.0000,0.960979,0.532827,489.555,0.007247,0.130681,-1096.871,1.428,6.2,1756777,1688225,12732,3168430,97428,0.554463,896969,859245,18549,41,457179136,0,34.22,8330,0,0
E,tsort,prepchef-bitty-w4.00,bitty-4x8-ternary,counts-eu,32,4.000,0.2000,1.0000,0.998260,0.597572,593.406,0.004167,0.081116,-2381.983,1.014,4.1,1896665,1893365,7903,3168430,97428,0.598614,852791,851936,2850,137,457179136,385262816,101.38,35949,0,0
E,tsort,prepchef-explicit4-w4.00,explicit-4,counts-eu,32,4.000,0.2000,1.0000,0.979453,0.488519,447.526,0.000283,0.004588,-1994.365,1.461,6.3,1580310,1547839,447,3168430,97428,0.498768,820816,793437,10960,41,457179136,0,33.58,8330,0,0
E-noself,tsort,prepchef-noself-w0.25,bitty-4x8-ternary,counts-eu,32,0.250,0.2000,1.0000,0.920664,0.372587,364.561,0.016698,0.219762,-92.727,1.030,5.0,1282245,1180517,21411,3168430,97428,0.404694,0,0,23597,137,457179136,385262816,103.73,35949,0,2
E-noself,tsort,prepchef-noself-w1.00,bitty-4x8-ternary,counts-eu,32,1.000,0.2000,1.0000,0.948992,0.363948,344.386,0.017171,0.214158,-370.340,1.025,5.0,1215125,1153144,20865,3168430,97428,0.383510,0,0,18846,137,457179136,385262816,104.92,35949,0,1
base,awkhash,bitty-w0.05,bitty-4x8-ternary,counts-eu,32,0.050,0.2000,1.0000,0.954425,0.753348,751.550,0.000379,0.018292,-39.152,1.234,4.6,2707321,2583934,1026,3429933,56090,0.789322,1343867,1297627,70331,137,457179136,374802688,122.74,36080,0,5
base,awkhash,explicit4-w0.05,explicit-4,counts-eu,32,0.050,0.2000,1.0000,0.909702,0.701336,697.855,0.000854,0.040257,-37.856,1.861,7.0,2644312,2405536,2258,3429933,56090,0.770952,1503516,1420321,228668,41,457179136,0,40.95,9842,0,6
base,awkhash,next-line-w0.05,-,next-line,32,0.050,0.2000,1.0000,0.276564,0.087449,76.011,0.004056,0.078428,-14.463,9.406,35.9,1084533,299943,4399,3429933,56090,0.316197,0,0,2345400,0,0,0,11.67,0,0,10
base,awkhash,last-stride-w0.05,-,last-stride,32,0.050,0.2000,1.0000,0.220534,0.109517,90.163,0.002207,0.067017,-23.679,5.261,21.5,1703310,375637,3759,3429933,56090,0.496602,0,0,159515,16,0,0,13.03,0,0,17
base,awkhash,bitty-w0.10,bitty-4x8-ternary,counts-eu,32,0.100,0.2000,1.0000,0.964345,0.753027,750.243,0.000376,0.017971,-77.764,1.230,4.6,2678329,2582833,1008,3429933,56090,0.780869,1343203,1297197,67268,137,457179136,374802688,122.60,36080,0,4
base,awkhash,explicit4-w0.10,explicit-4,counts-eu,32,0.100,0.2000,1.0000,0.913181,0.701130,694.464,0.000823,0.038652,-76.084,1.860,7.0,2633463,2404828,2168,3429933,56090,0.767788,1503455,1420262,226703,41,457179136,0,41.00,9842,0,6
base,awkhash,next-line-w0.10,-,next-line,32,0.100,0.2000,1.0000,0.276564,0.087449,64.574,0.004056,0.078428,-30.209,9.406,35.9,1084533,299943,4399,3429933,56090,0.316197,0,0,2345400,0,0,0,11.45,0,0,10
base,awkhash,last-stride-w0.10,-,last-stride,32,0.100,0.2000,1.0000,0.220534,0.109517,70.809,0.002207,0.067017,-48.455,5.261,21.5,1703310,375637,3759,3429933,56090,0.496602,0,0,159515,16,0,0,12.98,0,0,17
base,awkhash,bitty-w0.25,bitty-4x8-ternary,counts-eu,32,0.250,0.2000,1.0000,0.972641,0.751899,746.612,0.000356,0.016830,-192.918,1.228,4.6,2651505,2578963,944,3429933,56090,0.773049,1342615,1296723,51250,137,457179136,374802688,122.20,36080,0,2
base,awkhash,explicit4-w0.25,explicit-4,counts-eu,32,0.250,0.2000,1.0000,0.915133,0.699851,683.625,0.000825,0.038599,-190.399,1.859,7.0,2623053,2400442,2165,3429933,56090,0.764753,1503183,1420050,184451,41,457179136,0,40.63,9842,0,6
base,awkhash,next-line-w0.25,-,next-line,32,0.250,0.2000,1.0000,0.276564,0.087449,30.262,0.004056,0.078428,-77.446,9.406,35.9,1084533,299943,4399,3429933,56090,0.316197,0,0,2345400,0,0,0,11.38,0,0,10
base,awkhash,last-stride-w0.25,-,last-stride,32,0.250,0.2000,1.0000,0.220534,0.109517,12.746,0.002207,0.067017,-122.780,5.261,21.5,1703310,375637,3759,3429933,56090,0.496602,0,0,159515,16,0,0,13.02,0,0,17
base,awkhash,bitty-w0.50,bitty-4x8-ternary,counts-eu,32,0.500,0.2000,1.0000,0.974910,0.750892,741.230,0.000349,0.016438,-384.705,1.226,4.6,2641792,2575510,922,3429933,56090,0.770217,1339128,1294208,46719,137,457179136,374802688,119.42,36080,0,2
base,awkhash,explicit4-w0.50,explicit-4,counts-eu,32,0.500,0.2000,1.0000,0.917917,0.696984,665.821,0.000831,0.038563,-378.709,1.860,7.0,2604385,2390610,2163,3429933,56090,0.759311,1501130,1418292,150885,41,457179136,0,40.18,9842,0,6
base,awkhash,next-line-w0.50,-,next-line,32,0.500,0.2000,1.0000,0.276564,0.087449,-26.925,0.004056,0.078428,-156.174,9.406,35.9,1084533,299943,4399,3429933,56090,0.316197,0,0,2345400,0,0,0,11.36,0,0,10
base,awkhash,last-stride-w0.50,-,last-stride,32,0.500,0.2000,1.0000,0.220534,0.109517,-84.025,0.002207,0.067017,-246.657,5.261,21.5,1703310,375637,3759,3429933,56090,0.496602,0,0,159515,16,0,0,12.96,0,0,17
base,awkhash,bitty-w1.00,bitty-4x8-ternary,counts-eu,32,1.000,0.2000,1.0000,0.978780,0.741454,725.379,0.000322,0.014905,-757.041,1.209,4.5,2598271,2543136,836,3429933,56090,0.757528,1314746,1273498,34451,137,457179136,374802688,117.89,36080,0,2
base,awkhash,explicit4-w1.00,explicit-4,counts-eu,32,1.000,0.2000,1.0000,0.937744,0.612294,571.645,0.000342,0.013657,-652.498,1.797,6.9,2239555,2100129,766,3429933,56090,0.652944,1311858,1231105,80168,41,457179136,0,38.82,9842,0,4
base,awkhash,next-line-w1.00,-,next-line,32,1.000,0.2000,1.0000,0.276564,0.087449,-141.299,0.004056,0.078428,-313.631,9.406,35.9,1084533,299943,4399,3429933,56090,0.316197,0,0,2345400,0,0,0,11.38,0,0,10
base,awkhash,last-stride-w1.00,-,last-stride,32,1.000,0.2000,1.0000,0.220534,0.109517,-277.567,0.002207,0.067017,-494.410,5.261,21.5,1703310,375637,3759,3429933,56090,0.496602,0,0,159515,16,0,0,12.96,0,0,17
base,awkhash,bitty-w2.00,bitty-4x8-ternary,counts-eu,32,2.000,0.2000,1.0000,0.990488,0.706198,692.635,0.000251,0.010947,-1425.423,1.113,4.1,2445473,2422212,614,3429933,56090,0.712980,1175435,1155207,13153,137,457179136,374802688,118.16,36080,0,1
base,awkhash,explicit4-w2.00,explicit-4,counts-eu,32,2.000,0.2000,1.0000,0.974812,0.543191,515.121,0.000332,0.011321,-1113.897,1.235,5.0,1911249,1863109,635,3429933,56090,0.557226,1011562,964980,25298,41,457179136,0,37.54,9842,0,1
base,awkhash,next-line-w2.00,-,next-line,32,2.000,0.2000,1.0000,0.276564,0.087449,-370.047,0.004056,0.078428,-628.546,9.406,35.9,1084533,299943,4399,3429933,56090,0.316197,0,0,2345400,0,0,0,11.48,0,0,10
base,awkhash,last-stride-w2.00,-,last-stride,32,2.000,0.2000,1.0000,0.220534,0.109517,-664.651,0.002207,0.067017,-989.915,5.261,21.5,1703310,375637,3759,3429933,56090,0.496602,0,0,159515,16,0,0,12.97,0,0,17
A-split,awkhash,split-warmup-0.10,bitty-4x8-ternary,counts-eu,32,0.250,0.1000,1.0000,0.971840,0.750074,744.640,0.000360,0.017112,-192.605,1.228,4.6,2978158,2894292,1071,3858675,62589,0.771808,1507084,1454918,57150,137,457179136,374802688,134.39,36080,0,2
A-split,awkhash,split-warmup-0.10-explicit4,explicit-4,counts-eu,32,0.250,0.1000,1.0000,0.914489,0.699476,683.125,0.000841,0.039672,-190.416,1.853,7.0,2951431,2699051,2483,3858675,62589,0.764882,1690574,1596337,206507,41,457179136,0,41.55,9842,0,6
A-split,awkhash,split-warmup-0.20,bitty-4x8-ternary,counts-eu,32,0.250,0.2000,1.0000,0.972641,0.751899,746.612,0.000356,0.016830,-192.918,1.228,4.6,2651505,2578963,944,3429933,56090,0.773049,1342615,1296723,51250,137,457179136,374802688,120.19,36080,0,2
A-split,awkhash,split-warmup-0.20-explicit4,explicit-4,counts-eu,32,0.250,0.2000,1.0000,0.915133,0.699851,683.625,0.000825,0.038599,-190.399,1.859,7.0,2623053,2400442,2165,3429933,56090,0.764753,1503183,1420050,184451,41,457179136,0,41.84,9842,0,6
A-split,awkhash,split-warmup-0.35,bitty-4x8-ternary,counts-eu,32,0.250,0.3500,1.0000,0.973354,0.752619,747.468,0.000346,0.016262,-192.971,1.228,4.6,2154831,2097414,746,2786821,45875,0.773222,1091389,1054577,40932,137,457179136,374802688,119.26,36080,0,2
A-split,awkhash,split-warmup-0.35-explicit4,explicit-4,counts-eu,32,0.250,0.3500,1.0000,0.915709,0.699693,683.592,0.000826,0.038343,-190.236,1.863,7.0,2129411,1949920,1759,2786821,45875,0.764100,1220607,1153597,150422,41,457179136,0,38.39,9842,0,6
A-split,awkhash,split-warmup-0.50,bitty-4x8-ternary,counts-eu,32,0.250,0.5000,1.0000,0.974134,0.753435,748.434,0.000338,0.015907,-193.034,1.228,4.6,1658031,1615145,560,2143708,35205,0.773441,839989,812085,29781,137,457179136,374802688,114.92,36080,0,2
A-split,awkhash,split-warmup-0.50-explicit4,explicit-4,counts-eu,32,0.250,0.5000,1.0000,0.916353,0.699955,683.982,0.000776,0.036103,-190.221,1.867,7.1,1637469,1500500,1271,2143708,35205,0.763849,938944,887736,116306,41,457179136,0,35.83,9842,0,6
A-roll,awkhash,roll-0.20-0.30,bitty-4x8-ternary,counts-eu,32,0.250,0.2000,0.3000,0.969375,0.748839,742.925,0.000405,0.020467,-192.733,1.228,4.6,331201,321058,134,428741,6547,0.772497,167353,161313,6733,137,457179136,374802688,107.88,36080,0,0
A-roll,awkhash,roll-0.20-0.30-explicit4,explicit-4,counts-eu,32,0.250,0.2000,0.3000,0.912424,0.701022,684.201,0.000817,0.041088,-191.293,1.835,6.9,329405,300557,269,428741,6547,0.768308,188366,177623,22644,41,457179136,0,30.24,9842,0,0
A-roll,awkhash,roll-0.30-0.40,bitty-4x8-ternary,counts-eu,32,0.250,0.3000,0.4000,0.968363,0.743389,737.317,0.000447,0.016961,-191.490,1.229,4.6,329135,318722,147,428742,8667,0.767676,167172,160688,7119,137,457179136,374802688,107.68,36080,0,0
A-roll,awkhash,roll-0.30-0.40-explicit4,explicit-4,counts-eu,32,0.250,0.3000,0.4000,0.911535,0.694450,677.601,0.001105,0.041652,-189.409,1.841,7.0,326636,297740,361,428742,8667,0.761847,187601,176492,22507,41,457179136,0,30.83,9842,0,0
A-roll,awkhash,roll-0.40-0.50,bitty-4x8-ternary,counts-eu,32,0.250,0.4000,0.5000,0.972678,0.755786,750.478,0.000309,0.018163,-193.953,1.230,4.6,333139,324037,103,428742,5671,0.777015,168101,162635,7616,137,457179136,374802688,110.49,36080,0,0
A-roll,awkhash,roll-0.40-0.50-explicit4,explicit-4,counts-eu,32,0.250,0.4000,0.5000,0.915331,0.703551,687.282,0.000801,0.046553,-191.388,1.856,7.0,329544,301642,264,428742,5671,0.768630,188272,178195,22993,41,457179136,0,30.09,9842,0,0
A-roll,awkhash,roll-0.50-0.60,bitty-4x8-ternary,counts-eu,32,0.250,0.5000,0.6000,0.972676,0.753579,748.286,0.000352,0.017986,-193.346,1.230,4.6,332166,323090,117,428741,6505,0.774747,168116,162362,6358,137,457179136,374802688,105.44,36080,0,0
A-roll,awkhash,roll-0.50-0.60-explicit4,explicit-4,counts-eu,32,0.250,0.5000,0.6000,0.914867,0.701491,685.172,0.000815,0.041199,-190.911,1.859,7.0,328745,300758,268,428741,6505,0.766768,188098,177836,23042,41,457179136,0,30.09,9842,0,0
A-roll,awkhash,roll-0.60-0.70,bitty-4x8-ternary,counts-eu,32,0.250,0.6000,0.7000,0.973906,0.753444,748.397,0.000359,0.017526,-193.061,1.230,4.6,331688,323033,119,428742,6790,0.773631,167956,162339,5849,137,457179136,374802688,107.43,36080,0,0
A-roll,awkhash,roll-0.60-0.70-explicit4,explicit-4,counts-eu,32,0.250,0.6000,0.7000,0.915406,0.701072,684.875,0.000767,0.037113,-190.730,1.858,7.0,328356,300579,252,428742,6790,0.765859,187920,177867,23219,41,457179136,0,30.68,9842,0,0
A-roll,awkhash,roll-0.70-0.80,bitty-4x8-ternary,counts-eu,32,0.250,0.7000,0.8000,0.974704,0.753411,748.522,0.000314,0.014517,-192.938,1.224,4.6,331401,323018,104,428741,7164,0.772963,168054,162544,5900,137,457179136,374802688,107.10,36080,0,0
A-roll,awkhash,roll-0.70-0.80-explicit4,explicit-4,counts-eu,32,0.250,0.7000,0.8000,0.915174,0.700563,684.329,0.000807,0.036991,-190.602,1.866,7.1,328200,300360,265,428741,7164,0.765497,188026,177756,23236,41,457179136,0,30.04,9842,0,0
A-roll,awkhash,roll-0.80-0.90,bitty-4x8-ternary,counts-eu,32,0.250,0.8000,0.9000,0.974951,0.753752,748.910,0.000356,0.016341,-192.935,1.225,4.6,331468,323165,118,428742,7221,0.773118,167925,162561,5876,137,457179136,374802688,107.20,36080,0,0
A-roll,awkhash,roll-0.80-0.90-explicit4,explicit-4,counts-eu,32,0.250,0.8000,0.9000,0.917826,0.699605,683.946,0.000762,0.034483,-189.834,1.873,7.1,326805,299950,249,428742,7221,0.762242,187886,177665,23376,41,457179136,0,29.93,9842,0,0
A-roll,awkhash,roll-0.90-1.00,bitty-4x8-ternary,counts-eu,32,0.250,0.9000,1.0000,0.974432,0.752987,748.047,0.000308,0.013555,-192.889,1.230,4.6,331308,322837,102,428742,7525,0.772744,167938,162279,5798,137,457179136,374802688,106.16,36080,0,2
A-roll,awkhash,roll-0.90-1.00-explicit4,explicit-4,counts-eu,32,0.250,0.9000,1.0000,0.918516,0.697042,681.582,0.000728,0.031495,-189.029,1.880,7.1,325363,298851,237,428742,7525,0.758878,187014,176612,23433,41,457179136,0,30.31,9842,0,6
B,awkhash,type+delta,type+delta,counts-eu,32,0.100,0.2000,1.0000,0.774591,0.625099,606.908,0.000030,0.001498,-80.674,4.214,16.3,2767972,2144046,84,3429933,56090,0.807005,2671195,2095369,38836,9,457179136,0,30.54,54,0,8
B,awkhash,pc-only,pc-only,counts-eu,32,0.100,0.2000,1.0000,0.897578,0.710240,702.135,0.000788,0.038153,-78.442,2.215,8.0,2714053,2436075,2140,3429933,56090,0.791285,1650756,1550802,215776,17,457179136,0,30.35,5951,0,5
B,awkhash,explicit-1,explicit-1,counts-eu,32,0.100,0.2000,1.0000,0.897578,0.710240,702.135,0.000788,0.038153,-78.442,2.215,8.0,2714053,2436075,2140,3429933,56090,0.791285,1650756,1550802,215776,17,457179136,0,35.28,5951,0,5
B,awkhash,explicit-2,explicit-2,counts-eu,32,0.100,0.2000,1.0000,0.907113,0.695447,688.326,0.000813,0.038135,-75.980,1.976,7.4,2629592,2385337,2139,3429933,56090,0.766660,1543592,1453660,240600,25,457179136,0,36.72,7259,0,6
B,awkhash,explicit-4,explicit-4,counts-eu,32,0.100,0.2000,1.0000,0.913181,0.701130,694.464,0.000823,0.038652,-76.084,1.860,7.0,2633463,2404828,2168,3429933,56090,0.767788,1503455,1420262,226703,41,457179136,0,40.91,9842,0,6
B,awkhash,explicit-8,explicit-8,counts-eu,32,0.100,0.2000,1.0000,0.923161,0.706344,700.465,0.000826,0.038652,-75.818,1.836,6.9,2624366,2422712,2168,3429933,56090,0.765136,1507364,1424185,228773,73,457179136,0,48.70,14075,0,3
B,awkhash,explicit-16,explicit-16,counts-eu,32,0.100,0.2000,1.0000,0.926056,0.704997,699.368,0.000807,0.037547,-75.454,1.861,7.0,2611173,2418093,2106,3429933,56090,0.761290,1506833,1426911,228953,137,457179136,0,65.64,20898,0,3
B,awkhash,bitty-1x8-tau8,bitty-1x8-tau8,counts-eu,32,0.100,0.2000,1.0000,0.931429,0.723651,718.324,0.000379,0.018007,-77.369,1.541,5.7,2664804,2482075,1010,3429933,56090,0.776926,1479894,1390842,178260,41,457179136,93700672,66.53,7797,0,4
B,awkhash,bitty-1x8-tau32,bitty-1x8-tau32,counts-eu,32,0.100,0.2000,1.0000,0.932737,0.719734,714.544,0.000385,0.018149,-76.837,1.594,5.9,2646663,2468640,1018,3429933,56090,0.771637,1442948,1376957,165893,41,457179136,93700672,71.73,14251,0,6
B,awkhash,bitty-4x8-ternary,bitty-4x8-ternary,counts-eu,32,0.100,0.2000,1.0000,0.964345,0.753027,750.243,0.000376,0.017971,-77.764,1.230,4.6,2678329,2582833,1008,3429933,56090,0.780869,1343203,1297197,67268,137,457179136,374802688,124.04,36080,0,4
B,awkhash,random-matched,random-matched,counts-eu,32,0.100,0.2000,1.0000,0.629180,0.040387,38.007,0.000254,0.000998,-6.401,4.469,17.1,220166,138524,56,3429933,56090,0.064190,172695,132943,879,8,457179136,0,91.24,1030756,107,7
B,awkhash,bitty-shuffled-instr,bitty-shuffled-instr,counts-eu,32,0.100,0.2000,1.0000,0.640469,0.001989,1.877,0.001408,0.000267,-0.306,4.100,15.3,10650,6821,15,3429933,56090,0.003105,7972,6277,116,137,457179136,374802688,186.46,3602034,426858,0
B,awkhash,bitty-no-delta,bitty-no-delta,counts-eu,32,0.100,0.2000,1.0000,0.924151,0.734341,728.314,0.000279,0.013550,-79.217,1.467,5.5,2725464,2518741,760,3429933,56090,0.794611,1439244,1352670,153619,137,457179136,374802688,120.41,29045,0,3
B,awkhash,bitty-no-type,bitty-no-type,counts-eu,32,0.100,0.2000,1.0000,0.962180,0.749337,746.392,0.000376,0.017900,-77.557,1.261,4.7,2671203,2570177,1004,3429933,56090,0.778792,1357224,1308515,94633,137,457179136,374802688,119.20,35670,0,2
B,awkhash,bitty-instr-only,bitty-instr-only,counts-eu,32,0.100,0.2000,1.0000,0.964345,0.753027,750.243,0.000376,0.017971,-77.764,1.230,4.6,2678329,2582833,1008,3429933,56090,0.780869,1343203,1297197,67268,137,457179136,374802688,120.89,36080,0,4
B,awkhash,bitty-data-only,bitty-data-only,counts-eu,32,0.100,0.2000,1.0000,0.929283,0.451998,448.558,0.000023,0.000695,-48.627,1.383,5.0,1668300,1550322,39,3429933,56090,0.486394,764310,745508,96439,137,457179136,137197312,132.82,1226477,211,3
B,awkhash,bitty-instr+data,bitty-instr+data,counts-eu,32,0.100,0.2000,1.0000,0.947726,0.725613,721.611,0.000325,0.015208,-76.290,1.211,4.5,2626080,2488804,853,3429933,56090,0.765636,1131652,1124482,94026,137,457179136,512000000,165.11,354793,0,2
B,awkhash,type+delta,type+delta,counts-eu,32,0.250,0.2000,1.0000,0.849061,0.507566,485.008,0.000041,0.001498,-149.419,3.989,15.3,2050402,1740917,84,3429933,56090,0.597797,1948219,1687718,33173,9,457179136,0,29.08,54,0,4
B,awkhash,pc-only,pc-only,counts-eu,32,0.250,0.2000,1.0000,0.904224,0.708526,689.764,0.000795,0.038082,-195.115,2.215,8.0,2687605,2430197,2136,3429933,56090,0.783574,1650137,1550518,131010,17,457179136,0,31.17,5951,0,5
B,awkhash,explicit-1,explicit-1,counts-eu,32,0.250,0.2000,1.0000,0.904224,0.708526,689.764,0.000795,0.038082,-195.115,2.215,8.0,2687605,2430197,2136,3429933,56090,0.783574,1650137,1550518,131010,17,457179136,0,37.88,5951,0,5
B,awkhash,explicit-2,explicit-2,counts-eu,32,0.250,0.2000,1.0000,0.914136,0.693691,677.402,0.000820,0.038064,-188.934,1.976,7.4,2602802,2379314,2135,3429933,56090,0.758849,1542965,1453371,168044,25,457179136,0,38.21,7259,0,6
B,awkhash,explicit-4,explicit-4,counts-eu,32,0.250,0.2000,1.0000,0.915133,0.699851,683.625,0.000825,0.038599,-190.399,1.859,7.0,2623053,2400442,2165,3429933,56090,0.764753,1503183,1420050,184451,41,457179136,0,44.07,9842,0,6
B,awkhash,explicit-8,explicit-8,counts-eu,32,0.250,0.2000,1.0000,0.924948,0.705156,690.852,0.000825,0.038438,-189.808,1.834,6.9,2614891,2418639,2156,3429933,56090,0.762374,1507081,1423964,186443,73,457179136,0,47.84,14075,0,3
B,awkhash,explicit-16,explicit-16,counts-eu,32,0.250,0.2000,1.0000,0.928574,0.703866,690.331,0.000803,0.037226,-188.741,1.859,7.0,2599914,2414213,2088,3429933,56090,0.758007,1506559,1426697,186406,137,457179136,0,63.27,20898,0,3
B,awkhash,bitty-1x8-tau8,bitty-1x8-tau8,counts-eu,32,0.250,0.2000,1.0000,0.939354,0.721019,709.381,0.000351,0.016491,-191.555,1.530,5.6,2632709,2473046,925,3429933,56090,0.767569,1479024,1390532,108395,41,457179136,93700672,66.42,7797,0,4
B,awkhash,bitty-1x8-tau32,bitty-1x8-tau32,counts-eu,32,0.250,0.2000,1.0000,0.936982,0.719233,707.140,0.000362,0.016973,-191.555,1.593,5.9,2632839,2466922,952,3429933,56090,0.767607,1442534,1376605,159282,41,457179136,93700672,69.68,14251,0,6
B,awkhash,bitty-4x8-ternary,bitty-4x8-ternary,counts-eu,32,0.250,0.2000,1.0000,0.972641,0.751899,746.612,0.000356,0.016830,-192.918,1.228,4.6,2651505,2578963,944,3429933,56090,0.773049,1342615,1296723,51250,137,457179136,374802688,120.92,36080,0,2
B,awkhash,random-matched,random-matched,counts-eu,32,0.250,0.2000,1.0000,0.636276,0.040244,34.492,0.000240,0.000927,-15.793,4.465,17.0,216939,138033,52,3429933,56090,0.063249,172293,132628,851,8,457179136,0,93.06,1030756,107,7
B,awkhash,bitty-shuffled-instr,bitty-shuffled-instr,counts-eu,32,0.250,0.2000,1.0000,0.682366,0.001816,1.605,0.001314,0.000214,-0.661,3.959,14.9,9130,6230,12,3429933,56090,0.002662,7376,5831,37,137,457179136,374802688,188.72,3602034,426858,0
B,awkhash,bitty-no-delta,bitty-no-delta,counts-eu,32,0.250,0.2000,1.0000,0.931983,0.732743,719.374,0.000250,0.011999,-196.309,1.465,5.5,2696677,2513258,673,3429933,56090,0.786219,1438066,1351688,115049,137,457179136,374802688,120.22,29045,0,2
B,awkhash,bitty-no-type,bitty-no-type,counts-eu,32,0.250,0.2000,1.0000,0.969493,0.747555,741.674,0.000355,0.016759,-192.427,1.256,4.7,2644746,2564063,940,3429933,56090,0.771078,1355887,1307570,75027,137,457179136,374802688,121.94,35670,0,2
B,awkhash,bitty-instr-only,bitty-instr-only,counts-eu,32,0.250,0.2000,1.0000,0.972641,0.751899,746.612,0.000356,0.016830,-192.918,1.228,4.6,2651505,2578963,944,3429933,56090,0.773049,1342615,1296723,51250,137,457179136,374802688,122.05,36080,0,2
B,awkhash,bitty-data-only,bitty-data-only,counts-eu,32,0.250,0.2000,1.0000,0.947742,0.451086,444.868,0.000021,0.000624,-118.977,1.378,5.0,1632505,1547194,35,3429933,56090,0.475958,762231,743436,92506,137,457179136,137197312,132.78,1226477,211,1
B,awkhash,bitty-instr+data,bitty-instr+data,counts-eu,32,0.250,0.2000,1.0000,0.958853,0.725127,717.348,0.000323,0.014922,-188.756,1.209,4.5,2593869,2487138,837,3429933,56090,0.756245,1130696,1123533,86709,137,457179136,512000000,160.44,354793,0,2
B,awkhash,type+delta,type+delta,counts-eu,32,1.000,0.2000,1.0000,0.886938,0.411859,359.358,0.000004,0.000125,-464.356,3.945,15.0,1592725,1412649,7,3429933,56090,0.464360,1563973,1386412,6191,9,457179136,0,25.88,54,0,3
B,awkhash,pc-only,pc-only,counts-eu,32,1.000,0.2000,1.0000,0.929224,0.580128,535.941,0.000325,0.012426,-623.908,1.826,6.9,2141356,1989799,697,3429933,56090,0.624314,1286287,1198707,57059,17,457179136,0,28.32,5951,0,3
B,awkhash,explicit-1,explicit-1,counts-eu,32,1.000,0.2000,1.0000,0.929224,0.580128,535.941,0.000325,0.012426,-623.908,1.826,6.9,2141356,1989799,697,3429933,56090,0.624314,1286287,1198707,57059,17,457179136,0,32.82,5951,0,3
B,awkhash,explicit-2,explicit-2,counts-eu,32,1.000,0.2000,1.0000,0.936355,0.603144,562.148,0.000318,0.012533,-643.730,1.855,7.0,2209357,2068743,703,3429933,56090,0.644140,1315528,1234782,87756,25,457179136,0,35.36,7259,0,4
B,awkhash,explicit-4,explicit-4,counts-eu,32,1.000,0.2000,1.0000,0.937744,0.612294,571.645,0.000342,0.013657,-652.498,1.797,6.9,2239555,2100129,766,3429933,56090,0.652944,1311858,1231105,80168,41,457179136,0,39.23,9842,0,4
B,awkhash,explicit-8,explicit-8,counts-eu,32,1.000,0.2000,1.0000,0.942339,0.625278,587.018,0.000333,0.013514,-663.095,1.759,6.8,2275889,2144660,758,3429933,56090,0.663537,1315686,1234923,82178,73,457179136,0,46.82,14075,0,1
B,awkhash,explicit-16,explicit-16,counts-eu,32,1.000,0.2000,1.0000,0.944846,0.624381,587.933,0.000323,0.013033,-660.402,1.793,6.9,2266598,2141585,731,3429933,56090,0.660829,1309335,1231806,82147,137,457179136,0,62.16,20898,0,1
B,awkhash,bitty-1x8-tau8,bitty-1x8-tau8,counts-eu,32,1.000,0.2000,1.0000,0.962006,0.670407,643.929,0.000348,0.014851,-696.398,1.375,5.2,2390265,2299450,833,3429933,56090,0.696884,1318043,1250334,61333,41,457179136,93700672,65.49,7797,0,2
B,awkhash,bitty-1x8-tau32,bitty-1x8-tau32,counts-eu,32,1.000,0.2000,1.0000,0.962229,0.675020,648.523,0.000362,0.015529,-701.009,1.496,5.5,2406155,2315273,871,3429933,56090,0.701517,1314509,1260608,79896,41,457179136,93700672,70.38,14251,0,3
B,awkhash,bitty-4x8-ternary,bitty-4x8-ternary,counts-eu,32,1.000,0.2000,1.0000,0.978780,0.741454,725.379,0.000322,0.014905,-757.041,1.209,4.5,2598271,2543136,836,3429933,56090,0.757528,1314746,1273498,34451,137,457179136,374802688,117.93,36080,0,2
B,awkhash,random-matched,random-matched,counts-eu,32,1.000,0.2000,1.0000,0.764262,0.008089,5.594,0.000000,0.000000,-10.584,4.328,16.6,36303,27745,0,3429933,56090,0.010584,36246,27719,1,8,457179136,0,87.89,1030756,107,1
B,awkhash,bitty-shuffled-instr,bitty-shuffled-instr,counts-eu,32,1.000,0.2000,1.0000,0.841900,0.000692,0.562,0.000000,0.000000,-0.822,3.965,14.7,2821,2375,0,3429933,56090,0.000822,2721,2299,0,137,457179136,374802688,182.60,3602034,426858,0
B,awkhash,bitty-no-delta,bitty-no-delta,counts-eu,32,1.000,0.2000,1.0000,0.963482,0.690848,664.663,0.000234,0.010251,-716.698,1.351,5.1,2459375,2369563,575,3429933,56090,0.717033,1292842,1248080,71308,137,457179136,374802688,114.61,29045,0,1
B,awkhash,bitty-no-type,bitty-no-type,counts-eu,32,1.000,0.2000,1.0000,0.978013,0.731525,715.080,0.000326,0.014905,-747.484,1.224,4.6,2565491,2509083,836,3429933,56090,0.747971,1318366,1275758,44971,137,457179136,374802688,117.02,35670,0,2
B,awkhash,bitty-instr-only,bitty-instr-only,counts-eu,32,1.000,0.2000,1.0000,0.978780,0.741454,725.379,0.000322,0.014905,-757.041,1.209,4.5,2598271,2543136,836,3429933,56090,0.757528,1314746,1273498,34451,137,457179136,374802688,121.62,36080,0,2
B,awkhash,bitty-data-only,bitty-data-only,counts-eu,32,1.000,0.2000,1.0000,0.978188,0.437155,427.407,0.000020,0.000553,-446.885,1.307,4.7,1532849,1499414,31,3429933,56090,0.446903,728729,715071,61286,137,457179136,137197312,129.45,1226477,211,1
B,awkhash,bitty-instr+data,bitty-instr+data,counts-eu,32,1.000,0.2000,1.0000,0.987550,0.715280,706.262,0.000260,0.011535,-723.920,1.170,4.3,2484290,2453361,647,3429933,56090,0.724297,1112054,1105903,59091,137,457179136,512000000,158.87,354793,0,1
D,awkhash,counts-eu,bitty-4x8-ternary,counts-eu,32,0.250,0.2000,1.0000,0.972641,0.751899,746.612,0.000356,0.016830,-192.918,1.228,4.6,2651505,2578963,944,3429933,56090,0.773049,1342615,1296723,51250,137,457179136,374802688,123.49,36080,0,2
D,awkhash,decay-0.99,bitty-4x8-ternary,decay-0.99,32,0.250,0.2000,1.0000,0.958024,0.760245,751.917,0.000325,0.015760,-198.066,1.240,4.7,2721839,2607588,884,3429933,56090,0.793555,1333979,1286477,91561,137,457179136,374802688,125.69,36080,0,2
D,awkhash,decay-0.999,bitty-4x8-ternary,decay-0.999,32,0.250,0.2000,1.0000,0.971647,0.750279,744.805,0.000330,0.015564,-192.725,1.236,4.6,2648500,2573406,873,3429933,56090,0.772173,1336324,1288655,59997,137,457179136,374802688,126.15,36080,0,2
D,awkhash,bandit,bitty-4x8-ternary,bandit,32,0.250,0.2000,1.0000,0.980624,0.737606,733.962,0.000400,0.018417,-187.669,1.207,4.5,2579927,2529938,1033,3429933,56090,0.752180,1291102,1255878,42729,137,591396864,374802688,132.27,36080,0,2
D,awkhash,topk-1,bitty-4x8-ternary,topk-1,32,0.250,0.2000,1.0000,0.974246,0.738241,733.362,0.001443,0.066857,-188.072,1.207,4.6,2599052,2532117,3750,3429933,56090,0.757756,1302166,1263744,39144,137,104857600,374802688,118.99,36080,0,2
D,awkhash,topk-2,bitty-4x8-ternary,topk-2,32,0.250,0.2000,1.0000,0.973537,0.751448,746.341,0.000354,0.016687,-192.627,1.228,4.6,2647476,2577416,936,3429933,56090,0.771874,1341502,1296066,47028,137,155189248,374802688,124.47,36080,0,2
D,awkhash,topk-4,bitty-4x8-ternary,topk-4,32,0.250,0.2000,1.0000,0.972840,0.751878,746.630,0.000355,0.016777,-192.874,1.228,4.6,2650889,2578890,941,3429933,56090,0.772869,1342595,1296712,51172,137,255852544,374802688,123.87,36080,0,2
D,awkhash,topk-8,bitty-4x8-ternary,topk-8,32,0.250,0.2000,1.0000,0.972641,0.751899,746.612,0.000356,0.016830,-192.918,1.228,4.6,2651505,2578963,944,3429933,56090,0.773049,1342615,1296723,51250,137,457179136,374802688,126.01,36080,0,2
D,awkhash,fixed-conf-0.25,bitty-4x8-ternary,fixed-conf-0.25,32,0.250,0.2000,1.0000,0.974310,0.751447,746.494,0.000353,0.016634,-192.475,1.227,4.6,2645375,2577414,933,3429933,56090,0.771261,1341615,1295952,46926,137,457179136,374802688,118.81,36080,0,2
D,awkhash,fixed-conf-0.50,bitty-4x8-ternary,fixed-conf-0.50,32,0.250,0.2000,1.0000,0.978780,0.741454,737.435,0.000322,0.014905,-189.077,1.209,4.5,2598271,2543136,836,3429933,56090,0.757528,1314746,1273498,34451,137,457179136,374802688,117.76,36080,0,2
D,awkhash,fixed-conf-0.75,bitty-4x8-ternary,fixed-conf-0.75,32,0.250,0.2000,1.0000,0.995865,0.683025,682.316,0.000241,0.010091,-171.259,1.047,3.8,2352458,2342730,566,3429933,56090,0.685861,1077972,1070192,2748,137,457179136,374802688,114.66,36080,0,1
D,awkhash,fixed-conf-0.90,bitty-4x8-ternary,fixed-conf-0.90,32,0.250,0.2000,1.0000,0.998976,0.653799,653.631,0.000199,0.007952,-163.455,1.005,3.6,2244785,2242486,446,3429933,56090,0.654469,993636,991557,630,137,457179136,374802688,115.18,36080,0,1
D,awkhash,no-gate,bitty-4x8-ternary,no-gate,32,0.250,0.2000,1.0000,0.809003,0.755585,710.989,0.000377,0.021537,-233.052,1.279,4.8,3203455,2591606,1208,3429933,56090,0.933970,1351424,1304003,200069,137,457179136,374802688,123.04,36080,0,6
D,awkhash,min-evidence-1,bitty-4x8-ternary,min-evidence-1,32,0.250,0.2000,1.0000,0.970180,0.754550,748.752,0.000496,0.023569,-193.954,1.228,4.6,2667604,2588056,1322,3429933,56090,0.777742,1347523,1301322,51543,137,457179136,374802688,120.35,36080,0,2
D,awkhash,min-evidence-2,bitty-4x8-ternary,min-evidence-2,32,0.250,0.2000,1.0000,0.970772,0.753958,748.283,0.000454,0.021555,-193.724,1.228,4.6,2663887,2586027,1209,3429933,56090,0.776659,1346451,1300302,51465,137,457179136,374802688,121.41,36080,0,2
D,awkhash,min-evidence-6,bitty-4x8-ternary,min-evidence-6,32,0.250,0.2000,1.0000,0.972641,0.751899,746.612,0.000356,0.016830,-192.918,1.228,4.6,2651505,2578963,944,3429933,56090,0.773049,1342615,1296723,51250,137,457179136,374802688,120.72,36080,0,2
D,awkhash,min-evidence-16,bitty-4x8-ternary,min-evidence-16,32,0.250,0.2000,1.0000,0.973907,0.747054,742.050,0.000184,0.008629,-191.591,1.229,4.6,2630994,2562344,484,3429933,56090,0.767069,1333611,1288439,51006,137,457179136,374802688,123.66,36080,0,2
D,awkhash,min-evidence-64,bitty-4x8-ternary,min-evidence-64,32,0.250,0.2000,1.0000,0.974704,0.730415,725.676,0.000020,0.000927,-187.324,1.234,4.6,2570294,2505275,52,3429933,56090,0.749371,1301824,1259378,50409,137,457179136,374802688,120.38,36080,0,0
D,awkhash,absolute-line-outcome,bitty-4x8-ternary,absolute-line-outcome,32,0.250,0.2000,1.0000,0.984969,0.770998,768.057,0.000253,0.012123,-195.443,1.225,4.4,2684829,2644472,680,3429933,56090,0.782764,1077149,1053300,102340,137,457179136,374802688,122.37,36080,0,1
D,awkhash,slots-2^14,bitty-4x8-ternary,slots-2^14,32,0.250,0.2000,1.0000,0.972720,0.751377,746.109,0.000333,0.015725,-192.791,1.228,4.6,2649452,2577174,882,3429933,56090,0.772450,1341801,1295962,51207,137,1785856,374802688,116.38,16380,25224,2
D,awkhash,slots-2^16,bitty-4x8-ternary,slots-2^16,32,0.250,0.2000,1.0000,0.972642,0.751897,746.610,0.000356,0.016830,-192.918,1.228,4.6,2651498,2578957,944,3429933,56090,0.773047,1342609,1296717,51250,137,7143424,374802688,118.93,35818,278,2
D,awkhash,slots-2^18,bitty-4x8-ternary,slots-2^18,32,0.250,0.2000,1.0000,0.972641,0.751899,746.612,0.000356,0.016830,-192.918,1.228,4.6,2651505,2578963,944,3429933,56090,0.773049,1342615,1296723,51250,137,28573696,374802688,113.02,36080,0,2
D,awkhash,slots-2^20,bitty-4x8-ternary,slots-2^20,32,0.250,0.2000,1.0000,0.972641,0.751899,746.612,0.000356,0.016830,-192.918,1.228,4.6,2651505,2578963,944,3429933,56090,0.773049,1342615,1296723,51250,137,114294784,374802688,117.05,36080,0,2
D,awkhash,slots-2^22,bitty-4x8-ternary,slots-2^22,32,0.250,0.2000,1.0000,0.972641,0.751899,746.612,0.000356,0.016830,-192.918,1.228,4.6,2651505,2578963,944,3429933,56090,0.773049,1342615,1296723,51250,137,457179136,374802688,122.46,36080,0,2
E,awkhash,next-line,-,next-line,32,0.250,0.2000,1.0000,0.276564,0.087449,30.262,0.004056,0.078428,-77.446,9.406,35.9,1084533,299943,4399,3429933,56090,0.316197,0,0,2345400,0,0,0,11.42,0,0,10
E,awkhash,last-stride,-,last-stride,32,0.250,0.2000,1.0000,0.220534,0.109517,12.746,0.002207,0.067017,-122.780,5.261,21.5,1703310,375637,3759,3429933,56090,0.496602,0,0,159515,16,0,0,13.07,0,0,17
E,awkhash,pc-stride,-,pc-stride,32,0.250,0.2000,1.0000,0.228976,0.000080,0.013,0.211490,0.004528,0.005,3.935,10.1,1201,275,254,3429933,56090,0.000350,0,0,558,0,98304,0,7.31,0,0,0
E,awkhash,delta-markov,-,delta-markov,32,0.250,0.2000,1.0000,0.886445,0.463993,449.133,0.001479,0.047352,-129.890,2.436,9.7,1795334,1591465,2656,3429933,56090,0.523431,1110216,972577,97787,0,262144,0,19.19,0,0,1
E,awkhash,ghb-gdc,-,ghb-gdc,32,0.250,0.2000,1.0000,0.547227,0.284641,225.763,0.000559,0.017793,-129.674,4.139,15.3,1784081,976298,998,3429933,56090,0.520150,0,0,204724,0,294912,0,17.26,0,0,8
E,awkhash,spp-lite,-,spp-lite,32,0.250,0.2000,1.0000,0.942035,0.233791,230.195,0.002964,0.044981,-61.125,1.309,5.4,851231,801889,2523,3429933,56090,0.248177,0,0,12186,0,262144,0,13.69,0,0,0
E,awkhash,prepchef-bitty-w0.05,bitty-4x8-ternary,counts-eu,32,0.050,0.2000,1.0000,0.954425,0.753348,751.550,0.000379,0.018292,-39.152,1.234,4.6,2707321,2583934,1026,3429933,56090,0.789322,1343867,1297627,70331,137,457179136,374802688,124.29,36080,0,5
E,awkhash,prepchef-explicit4-w0.05,explicit-4,counts-eu,32,0.050,0.2000,1.0000,0.909702,0.701336,697.855,0.000854,0.040257,-37.856,1.861,7.0,2644312,2405536,2258,3429933,56090,0.770952,1503516,1420321,228668,41,457179136,0,41.66,9842,0,6
E,awkhash,prepchef-bitty-w0.10,bitty-4x8-ternary,counts-eu,32,0.100,0.2000,1.0000,0.964345,0.753027,750.243,0.000376,0.017971,-77.764,1.230,4.6,2678329,2582833,1008,3429933,56090,0.780869,1343203,1297197,67268,137,457179136,374802688,123.20,36080,0,4
E,awkhash,prepchef-explicit4-w0.10,explicit-4,counts-eu,32,0.100,0.2000,1.0000,0.913181,0.701130,694.464,0.000823,0.038652,-76.084,1.860,7.0,2633463,2404828,2168,3429933,56090,0.767788,1503455,1420262,226703,41,457179136,0,40.92,9842,0,6
E,awkhash,prepchef-bitty-w0.25,bitty-4x8-ternary,counts-eu,32,0.250,0.2000,1.0000,0.972641,0.751899,746.612,0.000356,0.016830,-192.918,1.228,4.6,2651505,2578963,944,3429933,56090,0.773049,1342615,1296723,51250,137,457179136,374802688,119.77,36080,0,2
E,awkhash,prepchef-explicit4-w0.25,explicit-4,counts-eu,32,0.250,0.2000,1.0000,0.915133,0.699851,683.625,0.000825,0.038599,-190.399,1.859,7.0,2623053,2400442,2165,3429933,56090,0.764753,1503183,1420050,184451,41,457179136,0,40.82,9842,0,6
E,awkhash,prepchef-bitty-w0.50,bitty-4x8-ternary,counts-eu,32,0.500,0.2000,1.0000,0.974910,0.750892,741.230,0.000349,0.016438,-384.705,1.226,4.6,2641792,2575510,922,3429933,56090,0.770217,1339128,1294208,46719,137,457179136,374802688,120.39,36080,0,2
E,awkhash,prepchef-explicit4-w0.50,explicit-4,counts-eu,32,0.500,0.2000,1.0000,0.917917,0.696984,665.821,0.000831,0.038563,-378.709,1.860,7.0,2604385,2390610,2163,3429933,56090,0.759311,1501130,1418292,150885,41,457179136,0,40.98,9842,0,6
E,awkhash,prepchef-bitty-w1.00,bitty-4x8-ternary,counts-eu,32,1.000,0.2000,1.0000,0.978780,0.741454,725.379,0.000322,0.014905,-757.041,1.209,4.5,2598271,2543136,836,3429933,56090,0.757528,1314746,1273498,34451,137,457179136,374802688,121.29,36080,0,2
E,awkhash,prepchef-explicit4-w1.00,explicit-4,counts-eu,32,1.000,0.2000,1.0000,0.937744,0.612294,571.645,0.000342,0.013657,-652.498,1.797,6.9,2239555,2100129,766,3429933,56090,0.652944,1311858,1231105,80168,41,457179136,0,39.44,9842,0,4
E,awkhash,prepchef-bitty-w2.00,bitty-4x8-ternary,counts-eu,32,2.000,0.2000,1.0000,0.990488,0.706198,692.635,0.000251,0.010947,-1425.423,1.113,4.1,2445473,2422212,614,3429933,56090,0.712980,1175435,1155207,13153,137,457179136,374802688,120.65,36080,0,1
E,awkhash,prepchef-explicit4-w2.00,explicit-4,counts-eu,32,2.000,0.2000,1.0000,0.974812,0.543191,515.121,0.000332,0.011321,-1113.897,1.235,5.0,1911249,1863109,635,3429933,56090,0.557226,1011562,964980,25298,41,457179136,0,38.19,9842,0,1
E,awkhash,prepchef-bitty-w4.00,bitty-4x8-ternary,counts-eu,32,4.000,0.2000,1.0000,0.996613,0.676590,667.394,0.000238,0.009895,-2714.748,1.029,3.8,2328545,2320659,555,3429933,56090,0.678889,1056658,1050214,1828,137,457179136,374802688,118.99,36080,0,1
E,awkhash,prepchef-explicit4-w4.00,explicit-4,counts-eu,32,4.000,0.2000,1.0000,0.990914,0.475070,457.646,0.000303,0.008896,-1916.977,1.155,4.5,1644399,1629458,499,3429933,56090,0.479426,732218,718675,6757,41,457179136,0,36.03,9842,0,1
E-noself,awkhash,prepchef-noself-w0.25,bitty-4x8-ternary,counts-eu,32,0.250,0.2000,1.0000,0.980085,0.382465,380.522,0.000705,0.016830,-97.215,1.023,4.0,1338486,1311830,944,3429933,56090,0.390237,0,0,21654,137,457179136,374802688,118.88,36080,0,1
E-noself,awkhash,prepchef-noself-w1.00,bitty-4x8-ternary,counts-eu,32,1.000,0.2000,1.0000,0.989394,0.377709,373.661,0.000638,0.014905,-381.271,1.011,4.0,1309405,1295518,836,3429933,56090,0.381758,0,0,8571,137,457179136,374802688,118.06,36080,0,1
base,python,bitty-w0.05,bitty-4x8-ternary,counts-eu,32,0.050,0.2000,1.0000,0.751857,0.468683,460.949,0.006103,0.126312,-27.174,1.674,5.9,2214855,1665254,13518,3553048,107021,0.623368,1316656,1239670,132627,137,457179136,369878080,143.65,474005,0,7
base,python,explicit4-w0.05,explicit-4,counts-eu,32,0.050,0.2000,1.0000,0.751360,0.583713,574.055,0.006207,0.160081,-33.781,2.282,8.2,2760272,2073959,17132,3553048,107021,0.776874,1884121,1688407,179739,41,457179136,0,59.44,84622,0,6
base,python,next-line-w0.05,-,next-line,32,0.050,0.2000,1.0000,0.321187,0.103510,92.572,0.040182,0.429925,-2.516,8.518,31.6,1145053,367776,46011,3553048,107021,0.322273,0,0,2407995,0,0,0,14.61,0,0,10
base,python,last-stride-w0.05,-,last-stride,32,0.050,0.2000,1.0000,0.164081,0.069505,51.800,0.009712,0.136590,-16.860,7.336,26.5,1505087,246956,14618,3553048,107021,0.423604,0,0,144111,16,0,0,15.29,0,0,12
base,python,bitty-w0.10,bitty-4x8-ternary,counts-eu,32,0.100,0.2000,1.0000,0.781611,0.467873,454.800,0.006300,0.125200,-55.712,1.665,5.8,2126857,1662375,13399,3553048,107021,0.598601,1314882,1238573,118405,137,457179136,369878080,143.63,474005,0,7
base,python,explicit4-w0.10,explicit-4,counts-eu,32,0.100,0.2000,1.0000,0.779341,0.581607,565.139,0.006380,0.158081,-69.390,2.266,8.1,2651568,2066476,16918,3553048,107021,0.746280,1881121,1686343,159463,41,457179136,0,58.23,84622,0,6
base,python,next-line-w0.10,-,next-line,32,0.100,0.2000,1.0000,0.321187,0.103510,81.634,0.040182,0.429925,-17.983,8.518,31.6,1145053,367776,46011,3553048,107021,0.322273,0,0,2407995,0,0,0,14.70,0,0,10
base,python,last-stride-w0.10,-,last-stride,32,0.100,0.2000,1.0000,0.164081,0.069505,34.095,0.009712,0.136590,-37.835,7.336,26.5,1505087,246956,14618,3553048,107021,0.423604,0,0,144111,16,0,0,15.26,0,0,12
base,python,bitty-w0.25,bitty-4x8-ternary,counts-eu,32,0.250,0.2000,1.0000,0.839461,0.464595,442.383,0.006678,0.122696,-133.742,1.631,5.7,1966417,1650730,13131,3553048,107021,0.553445,1307715,1233644,96674,137,457179136,369878080,139.40,474005,0,6
base,python,explicit4-w0.25,explicit-4,counts-eu,32,0.250,0.2000,1.0000,0.818582,0.575923,544.014,0.006557,0.153166,-170.124,2.234,8.0,2499790,2046283,16392,3553048,107021,0.703562,1866628,1675613,134275,41,457179136,0,54.16,84622,0,5
base,python,next-line-w0.25,-,next-line,32,0.250,0.2000,1.0000,0.321187,0.103510,48.819,0.040182,0.429925,-64.381,8.518,31.6,1145053,367776,46011,3553048,107021,0.322273,0,0,2407995,0,0,0,14.78,0,0,10
base,python,last-stride-w0.25,-,last-stride,32,0.250,0.2000,1.0000,0.164081,0.069505,-19.019,0.009712,0.136590,-100.758,7.336,26.5,1505087,246956,14618,3553048,107021,0.423604,0,0,144111,16,0,0,15.18,0,0,12
base,python,bitty-w0.50,bitty-4x8-ternary,counts-eu,32,0.500,0.2000,1.0000,0.879384,0.459710,428.184,0.006829,0.118519,-256.027,1.608,5.6,1857405,1633373,12684,3553048,107021,0.522764,1297575,1226444,79062,137,457179136,369878080,131.82,474005,0,5
base,python,explicit4-w0.50,explicit-4,counts-eu,32,0.500,0.2000,1.0000,0.853246,0.562686,514.297,0.006659,0.145794,-323.146,2.184,7.8,2343112,1999251,15603,3553048,107021,0.659465,1827851,1647653,104603,41,457179136,0,53.93,84622,0,4
base,python,next-line-w0.50,-,next-line,32,0.500,0.2000,1.0000,0.321187,0.103510,-5.872,0.040182,0.429925,-141.712,8.518,31.6,1145053,367776,46011,3553048,107021,0.322273,0,0,2407995,0,0,0,14.56,0,0,10
base,python,last-stride-w0.50,-,last-stride,32,0.500,0.2000,1.0000,0.164081,0.069505,-107.544,0.009712,0.136590,-205.631,7.336,26.5,1505087,246956,14618,3553048,107021,0.423604,0,0,144111,16,0,0,15.23,0,0,12
base,python,bitty-w1.00,bitty-4x8-ternary,counts-eu,32,1.000,0.2000,1.0000,0.926186,0.433052,398.539,0.006874,0.106699,-461.137,1.524,5.2,1661280,1538654,11419,3553048,107021,0.467565,1209721,1161755,55094,137,457179136,369878080,136.27,474005,0,4
base,python,explicit4-w1.00,explicit-4,counts-eu,32,1.000,0.2000,1.0000,0.899523,0.492356,437.360,0.006727,0.122238,-539.989,2.031,7.2,1944771,1749366,13082,3553048,107021,0.547353,1578392,1460875,62332,41,457179136,0,53.18,84622,0,2
base,python,next-line-w1.00,-,next-line,32,1.000,0.2000,1.0000,0.321187,0.103510,-115.253,0.040182,0.429925,-296.374,8.518,31.6,1145053,367776,46011,3553048,107021,0.322273,0,0,2407995,0,0,0,14.60,0,0,10
base,python,last-stride-w1.00,-,last-stride,32,1.000,0.2000,1.0000,0.164081,0.069505,-284.594,0.009712,0.136590,-415.376,7.336,26.5,1505087,246956,14618,3553048,107021,0.423604,0,0,144111,16,0,0,15.22,0,0,12
base,python,bitty-w2.00,bitty-4x8-ternary,counts-eu,32,2.000,0.2000,1.0000,0.956730,0.390997,355.630,0.006836,0.092748,-808.980,1.337,4.5,1452061,1389231,9926,3553048,107021,0.408680,1076271,1049752,22887,137,457179136,369878080,131.67,474005,0,3
base,python,explicit4-w2.00,explicit-4,counts-eu,32,2.000,0.2000,1.0000,0.941232,0.423208,370.360,0.007185,0.107250,-889.574,1.755,6.1,1597566,1503680,11478,3553048,107021,0.449633,1313867,1249924,29598,41,457179136,0,50.41,84622,0,2
base,python,next-line-w2.00,-,next-line,32,2.000,0.2000,1.0000,0.321187,0.103510,-334.017,0.040182,0.429925,-605.698,8.518,31.6,1145053,367776,46011,3553048,107021,0.322273,0,0,2407995,0,0,0,14.62,0,0,10
base,python,last-stride-w2.00,-,last-stride,32,2.000,0.2000,1.0000,0.164081,0.069505,-638.693,0.009712,0.136590,-834.866,7.336,26.5,1505087,246956,14618,3553048,107021,0.423604,0,0,144111,16,0,0,15.22,0,0,12
A-split,python,split-warmup-0.10,bitty-4x8-ternary,counts-eu,32,0.250,0.1000,1.0000,0.846066,0.471460,450.016,0.006174,0.111703,-135.009,1.591,5.5,2227379,1884510,13751,3997179,123103,0.557238,1466680,1387351,106681,137,457179136,369878080,145.31,474005,0,6
A-split,python,split-warmup-0.10-explicit4,explicit-4,counts-eu,32,0.250,0.1000,1.0000,0.825133,0.581302,550.504,0.006164,0.140996,-170.696,2.175,7.8,2815993,2323569,17357,3997179,123103,0.704495,2079702,1874443,146490,41,457179136,0,59.35,84622,0,5
A-split,python,split-warmup-0.20,bitty-4x8-ternary,counts-eu,32,0.250,0.2000,1.0000,0.839461,0.464595,442.383,0.006678,0.122696,-133.742,1.631,5.7,1966417,1650730,13131,3553048,107021,0.553445,1307715,1233644,96674,137,457179136,369878080,141.63,474005,0,6
A-split,python,split-warmup-0.20-explicit4,explicit-4,counts-eu,32,0.250,0.2000,1.0000,0.818582,0.575923,544.014,0.006557,0.153166,-170.124,2.234,8.0,2499790,2046283,16392,3553048,107021,0.703562,1866628,1675613,134275,41,457179136,0,53.94,84622,0,5
A-split,python,split-warmup-0.35,bitty-4x8-ternary,counts-eu,32,0.250,0.3500,1.0000,0.831891,0.449451,426.745,0.006678,0.119039,-130.560,1.671,5.7,1559699,1297499,10415,2886852,87492,0.540277,1031270,974317,79498,137,457179136,369878080,136.73,474005,0,6
A-split,python,split-warmup-0.35-explicit4,explicit-4,counts-eu,32,0.250,0.3500,1.0000,0.812646,0.574200,541.104,0.006549,0.152688,-170.861,2.258,7.9,2039793,1657629,13359,2886852,87492,0.706580,1517002,1363236,109539,41,457179136,0,55.29,84622,0,5
A-split,python,split-warmup-0.50,bitty-4x8-ternary,counts-eu,32,0.250,0.5000,1.0000,0.830045,0.453033,429.843,0.006567,0.124716,-131.968,1.674,5.7,1212017,1006029,7959,2220655,63817,0.545793,803045,760961,59904,137,457179136,369878080,151.19,474005,0,6
A-split,python,split-warmup-0.50-explicit4,explicit-4,counts-eu,32,0.250,0.5000,1.0000,0.810011,0.580263,546.238,0.006228,0.155241,-173.515,2.246,7.8,1590799,1288564,9907,2220655,63817,0.716365,1183039,1065111,80922,41,457179136,0,51.95,84622,0,5
A-roll,python,roll-0.20-0.30,bitty-4x8-ternary,counts-eu,32,0.250,0.2000,0.3000,0.862254,0.519108,498.376,0.007932,0.134598,-144.540,1.485,5.7,267383,230552,2121,444131,15758,0.602036,177901,166888,12384,137,457179136,369878080,127.78,474005,0,0
A-roll,python,roll-0.20-0.30-explicit4,explicit-4,counts-eu,32,0.250,0.2000,0.3000,0.841149,0.575134,547.981,0.007949,0.153192,-164.143,2.113,8.1,303674,255435,2414,444131,15758,0.683749,226317,202599,17577,41,457179136,0,46.58,84622,0,0
A-roll,python,roll-0.30-0.40,bitty-4x8-ternary,counts-eu,32,0.250,0.3000,0.4000,0.865549,0.499958,480.543,0.006436,0.143229,-139.758,1.535,5.6,256539,222047,1651,444131,11527,0.577620,179932,167048,12484,137,457179136,369878080,133.74,474005,0,0
A-roll,python,roll-0.30-0.40-explicit4,explicit-4,counts-eu,32,0.250,0.3000,0.4000,0.841421,0.571599,544.668,0.006374,0.166826,-164.419,2.219,8.1,301710,253865,1923,444131,11527,0.679327,234624,207950,16886,41,457179136,0,44.48,84622,0,0
A-roll,python,roll-0.40-0.50,bitty-4x8-ternary,counts-eu,32,0.250,0.4000,0.5000,0.833490,0.432535,410.932,0.006074,0.087945,-125.796,1.695,6.0,230479,192102,1400,444131,15919,0.518944,146837,138746,11901,137,457179136,369878080,125.79,474005,0,0
A-roll,python,roll-0.40-0.50-explicit4,explicit-4,counts-eu,32,0.250,0.4000,0.5000,0.818217,0.559335,528.268,0.007075,0.134933,-164.855,2.309,8.4,303609,248418,2148,444131,15919,0.683602,222648,199950,18888,41,457179136,0,44.99,84622,0,0
A-roll,python,roll-0.50-0.60,bitty-4x8-ternary,counts-eu,32,0.250,0.5000,0.6000,0.825594,0.403861,382.532,0.006435,0.135649,-118.359,1.705,5.9,217258,179367,1398,444131,10306,0.489175,131842,124194,13296,137,457179136,369878080,128.26,474005,0,0
A-roll,python,roll-0.50-0.60-explicit4,explicit-4,counts-eu,32,0.250,0.5000,0.6000,0.796830,0.562541,526.683,0.006286,0.191248,-170.946,2.320,8.2,313545,249842,1971,444131,10306,0.705974,221902,197665,18690,41,457179136,0,43.36,84622,0,0
A-roll,python,roll-0.60-0.70,bitty-4x8-ternary,counts-eu,32,0.250,0.6000,0.7000,0.769477,0.361657,334.570,0.006908,0.122369,-113.442,1.970,7.0,208743,160623,1442,444131,11784,0.470003,134499,124319,10559,137,457179136,369878080,124.76,474005,0,0
A-roll,python,roll-0.60-0.70-explicit4,explicit-4,counts-eu,32,0.250,0.6000,0.7000,0.768839,0.526863,487.261,0.005944,0.153513,-166.226,2.488,9.0,304350,233996,1809,444131,11784,0.685271,221009,194787,14051,41,457179136,0,45.33,84622,0,0
A-roll,python,roll-0.70-0.80,bitty-4x8-ternary,counts-eu,32,0.250,0.7000,0.8000,0.837589,0.466461,443.849,0.006085,0.098334,-134.992,1.746,6.2,247341,207170,1505,444131,15305,0.556910,172585,163266,13923,137,457179136,369878080,128.07,474005,0,0
A-roll,python,roll-0.70-0.80-explicit4,explicit-4,counts-eu,32,0.250,0.7000,0.8000,0.821791,0.584548,552.858,0.006242,0.128847,-172.277,2.358,8.5,315915,259616,1972,444131,15305,0.711310,248795,223960,15636,41,457179136,0,44.09,84622,0,0
A-roll,python,roll-0.80-0.90,bitty-4x8-ternary,counts-eu,32,0.250,0.8000,0.9000,0.846430,0.557585,532.295,0.006768,0.190568,-159.115,1.531,4.8,292571,247641,1980,444131,10390,0.658749,207361,199240,12499,137,457179136,369878080,126.19,474005,0,0
A-roll,python,roll-0.80-0.90-explicit4,explicit-4,counts-eu,32,0.250,0.8000,0.9000,0.835068,0.633957,602.654,0.005834,0.189317,-184.256,2.028,6.7,337170,281560,1967,444131,10390,0.759168,262256,240849,16342,41,457179136,0,43.24,84622,0,0
A-roll,python,roll-0.90-1.00,bitty-4x8-ternary,counts-eu,32,0.250,0.9000,1.0000,0.858283,0.475596,455.964,0.006639,0.101921,-133.932,1.519,5.0,246104,211227,1634,444131,16032,0.554125,156758,149942,9627,137,457179136,369878080,125.72,474005,0,6
A-roll,python,roll-0.90-1.00-explicit4,explicit-4,counts-eu,32,0.250,0.9000,1.0000,0.824055,0.593406,561.731,0.006841,0.136477,-173.868,2.086,7.0,319821,263550,2188,444131,16032,0.720105,229077,207849,16201,41,457179136,0,44.01,84622,0,5
B,python,type+delta,type+delta,counts-eu,32,0.100,0.2000,1.0000,0.758220,0.652567,631.758,0.000168,0.004793,-85.907,4.346,15.8,3057954,2318601,513,3553048,107021,0.860657,3032963,2307396,8677,9,457179136,0,33.87,54,0,9
B,python,pc-only,pc-only,counts-eu,32,0.100,0.2000,1.0000,0.788396,0.592511,576.608,0.005987,0.149373,-70.205,2.448,8.7,2670256,2105220,15986,3553048,107021,0.751540,1991791,1770315,165914,17,457179136,0,41.27,32970,0,7
B,python,explicit-1,explicit-1,counts-eu,32,0.100,0.2000,1.0000,0.788396,0.592511,576.608,0.005987,0.149373,-70.205,2.448,8.7,2670256,2105220,15986,3553048,107021,0.751540,1991791,1770315,165914,17,457179136,0,46.38,32970,0,7
B,python,explicit-2,explicit-2,counts-eu,32,0.100,0.2000,1.0000,0.784762,0.589121,572.963,0.006136,0.152923,-70.003,2.309,8.3,2667271,2093174,16366,3553048,107021,0.750699,1935462,1733126,160947,25,457179136,0,49.94,49210,0,5
B,python,explicit-4,explicit-4,counts-eu,32,0.100,0.2000,1.0000,0.779341,0.581607,565.139,0.006380,0.158081,-69.390,2.266,8.1,2651568,2066476,16918,3553048,107021,0.746280,1881121,1686343,159463,41,457179136,0,55.99,84622,0,6
B,python,explicit-8,explicit-8,counts-eu,32,0.100,0.2000,1.0000,0.777511,0.560734,544.688,0.006511,0.155885,-66.954,2.241,8.0,2562426,1992315,16683,3553048,107021,0.721191,1793121,1613707,153035,73,457179136,0,67.88,161518,0,6
B,python,explicit-16,explicit-16,counts-eu,32,0.100,0.2000,1.0000,0.773855,0.512279,497.308,0.006673,0.146663,-61.339,2.230,8.0,2352057,1820151,15696,3553048,107021,0.661983,1631365,1469467,139744,137,457179136,0,86.69,329404,0,6
B,python,bitty-1x8-tau8,bitty-1x8-tau8,counts-eu,32,0.100,0.2000,1.0000,0.773741,0.585112,568.002,0.005235,0.131432,-71.266,2.662,9.5,2686856,2078931,14066,3553048,107021,0.756212,2026793,1763871,156803,41,457179136,92469520,81.20,38116,0,5
B,python,bitty-1x8-tau32,bitty-1x8-tau32,counts-eu,32,0.100,0.2000,1.0000,0.762311,0.579891,561.810,0.005589,0.141159,-71.393,2.531,9.1,2702808,2060381,15107,3553048,107021,0.760701,1943410,1711356,159051,41,457179136,92469520,91.22,73353,0,6
B,python,bitty-4x8-ternary,bitty-4x8-ternary,counts-eu,32,0.100,0.2000,1.0000,0.781611,0.467873,454.800,0.006300,0.125200,-55.712,1.665,5.8,2126857,1662375,13399,3553048,107021,0.598601,1314882,1238573,118405,137,457179136,369878080,140.34,474005,0,7
B,python,random-matched,random-matched,counts-eu,32,0.100,0.2000,1.0000,0.676626,0.049217,46.865,0.001962,0.004737,-7.117,4.397,15.4,258444,174870,507,3553048,107021,0.072739,223574,171255,625,8,457179136,0,99.06,1033269,113,2
B,python,bitty-shuffled-instr,bitty-shuffled-instr,counts-eu,32,0.100,0.2000,1.0000,0.857880,0.049651,48.828,0.005573,0.010708,-5.433,1.841,5.9,205636,176411,1146,3553048,107021,0.057876,174026,157506,4239,137,457179136,369878080,183.34,3495896,335653,0
B,python,bitty-no-delta,bitty-no-delta,counts-eu,32,0.100,0.2000,1.0000,0.770966,0.483441,469.079,0.006393,0.133086,-58.296,1.930,6.8,2227970,1717689,14243,3553048,107021,0.627059,1448872,1337144,122581,137,457179136,369878080,139.24,383952,0,10
B,python,bitty-no-type,bitty-no-type,counts-eu,32,0.100,0.2000,1.0000,0.783560,0.473244,460.172,0.006175,0.123807,-56.295,1.736,6.2,2145922,1681459,13250,3553048,107021,0.603967,1346514,1263220,120217,137,457179136,369878080,139.06,467670,0,7
B,python,bitty-instr-only,bitty-instr-only,counts-eu,32,0.100,0.2000,1.0000,0.781611,0.467873,454.800,0.006300,0.125200,-55.712,1.665,5.8,2126857,1662375,13399,3553048,107021,0.598601,1314882,1238573,118405,137,457179136,369878080,138.82,474005,0,7
B,python,bitty-data-only,bitty-data-only,counts-eu,32,0.100,0.2000,1.0000,0.916649,0.087768,86.970,0.000409,0.001299,-9.532,1.912,6.9,340200,311844,139,3553048,107021,0.095749,247987,232903,9154,137,457179136,142121920,129.43,2972616,106841,0
B,python,bitty-instr+data,bitty-instr+data,counts-eu,32,0.100,0.2000,1.0000,0.882650,0.237839,234.677,0.003410,0.030508,-25.935,1.376,4.8,957407,845055,3265,3553048,107021,0.269461,571167,549936,32233,137,457179136,512000000,170.64,1936603,5957,1
B,python,type+delta,type+delta,counts-eu,32,0.250,0.2000,1.0000,0.798696,0.551899,517.124,0.000143,0.003270,-172.627,3.789,13.7,2455155,1960923,350,3553048,107021,0.691000,2431111,1950028,7174,9,457179136,0,31.92,54,0,9
B,python,pc-only,pc-only,counts-eu,32,0.250,0.2000,1.0000,0.822353,0.584322,552.765,0.006023,0.142075,-172.288,2.385,8.5,2524616,2076125,15205,3553048,107021,0.710549,1965543,1749657,135965,17,457179136,0,40.42,32970,0,5
B,python,explicit-1,explicit-1,counts-eu,32,0.250,0.2000,1.0000,0.822353,0.584322,552.765,0.006023,0.142075,-172.288,2.385,8.5,2524616,2076125,15205,3553048,107021,0.710549,1965543,1749657,135965,17,457179136,0,45.23,32970,0,5
B,python,explicit-2,explicit-2,counts-eu,32,0.250,0.2000,1.0000,0.821690,0.582903,551.280,0.006265,0.147541,-171.794,2.277,8.1,2520515,2071083,15790,3553048,107021,0.709395,1917221,1719335,132844,25,457179136,0,48.42,49210,0,5
B,python,explicit-4,explicit-4,counts-eu,32,0.250,0.2000,1.0000,0.818582,0.575923,544.014,0.006557,0.153166,-170.124,2.234,8.0,2499790,2046283,16392,3553048,107021,0.703562,1866628,1675613,134275,41,457179136,0,56.36,84622,0,5
B,python,explicit-8,explicit-8,counts-eu,32,0.250,0.2000,1.0000,0.817639,0.556250,525.234,0.006741,0.152250,-164.346,2.214,7.9,2417183,1976383,16294,3553048,107021,0.680313,1783332,1606223,128282,73,457179136,0,67.46,161518,0,5
B,python,explicit-16,explicit-16,counts-eu,32,0.250,0.2000,1.0000,0.816974,0.508785,480.289,0.006899,0.142645,-150.321,2.203,7.9,2212724,1807737,15266,3553048,107021,0.622768,1623264,1464086,115451,137,457179136,0,87.84,329404,0,5
B,python,bitty-1x8-tau8,bitty-1x8-tau8,counts-eu,32,0.250,0.2000,1.0000,0.813772,0.567527,535.058,0.005411,0.125284,-169.634,2.565,9.1,2477904,2016450,13408,3553048,107021,0.697402,1949781,1712954,132386,41,457179136,92469520,79.49,38116,0,5
B,python,bitty-1x8-tau32,bitty-1x8-tau32,counts-eu,32,0.250,0.2000,1.0000,0.805323,0.566011,531.804,0.005817,0.135730,-170.599,2.430,8.7,2497215,2011064,14526,3553048,107021,0.702837,1877295,1670073,132838,41,457179136,92469520,88.59,73353,0,6
B,python,bitty-4x8-ternary,bitty-4x8-ternary,counts-eu,32,0.250,0.2000,1.0000,0.839461,0.464595,442.383,0.006678,0.122696,-133.742,1.631,5.7,1966417,1650730,13131,3553048,107021,0.553445,1307715,1233644,96674,137,457179136,369878080,136.21,474005,0,6
B,python,random-matched,random-matched,counts-eu,32,0.250,0.2000,1.0000,0.681508,0.049140,43.399,0.001944,0.004653,-17.851,4.395,15.4,256192,174597,498,3553048,107021,0.072105,223329,171058,613,8,457179136,0,98.08,1033269,113,2
B,python,bitty-shuffled-instr,bitty-shuffled-instr,counts-eu,32,0.250,0.2000,1.0000,0.896110,0.048371,46.969,0.004932,0.008839,-13.162,1.670,5.3,191790,171865,946,3553048,107021,0.053979,166241,153764,3226,137,457179136,369878080,181.48,3495896,335653,0
B,python,bitty-no-delta,bitty-no-delta,counts-eu,32,0.250,0.2000,1.0000,0.822983,0.479385,453.607,0.006730,0.130143,-140.724,1.892,6.6,2069637,1703277,13928,3553048,107021,0.582496,1437496,1329912,100384,137,457179136,369878080,136.25,383952,0,8
B,python,bitty-no-type,bitty-no-type,counts-eu,32,0.250,0.2000,1.0000,0.839202,0.469943,447.432,0.006520,0.121219,-135.433,1.703,6.0,1989665,1669730,12973,3553048,107021,0.559988,1338398,1258096,98859,137,457179136,369878080,137.70,467670,0,6
B,python,bitty-instr-only,bitty-instr-only,counts-eu,32,0.250,0.2000,1.0000,0.839461,0.464595,442.383,0.006678,0.122696,-133.742,1.631,5.7,1966417,1650730,13131,3553048,107021,0.553445,1307715,1233644,96674,137,457179136,369878080,138.49,474005,0,6
B,python,bitty-data-only,bitty-data-only,counts-eu,32,0.250,0.2000,1.0000,0.927231,0.087634,85.914,0.000414,0.001299,-23.579,1.909,6.9,335803,311367,139,3553048,107021,0.094511,247666,232599,8827,137,457179136,142121920,127.72,2972616,106841,0
B,python,bitty-instr+data,bitty-instr+data,counts-eu,32,0.250,0.2000,1.0000,0.911669,0.237297,231.549,0.003499,0.030237,-63.934,1.362,4.8,924818,843128,3236,3553048,107021,0.260289,570638,549535,27335,137,457179136,512000000,171.25,1936603,5957,1
B,python,type+delta,type+delta,counts-eu,32,1.000,0.2000,1.0000,0.827383,0.433850,343.336,0.000005,0.000084,-524.360,3.388,12.3,1863093,1541491,9,3553048,107021,0.524365,1849329,1535551,1267,9,457179136,0,30.03,54,0,3
B,python,pc-only,pc-only,counts-eu,32,1.000,0.2000,1.0000,0.897110,0.492411,435.936,0.006185,0.112707,-542.096,2.137,7.6,1950217,1749559,12062,3553048,107021,0.548886,1631117,1500885,63437,17,457179136,0,38.20,32970,0,3
B,python,explicit-1,explicit-1,counts-eu,32,1.000,0.2000,1.0000,0.897110,0.492411,435.936,0.006185,0.112707,-542.096,2.137,7.6,1950217,1749559,12062,3553048,107021,0.548886,1631117,1500885,63437,17,457179136,0,42.63,32970,0,3
B,python,explicit-2,explicit-2,counts-eu,32,1.000,0.2000,1.0000,0.898779,0.496653,440.720,0.006462,0.118556,-545.445,2.060,7.3,1963367,1764633,12688,3553048,107021,0.552587,1612861,1490852,62618,25,457179136,0,46.18,49210,0,2
B,python,explicit-4,explicit-4,counts-eu,32,1.000,0.2000,1.0000,0.899523,0.492356,437.360,0.006727,0.122238,-539.989,2.031,7.2,1944771,1749366,13082,3553048,107021,0.547353,1578392,1460875,62332,41,457179136,0,52.55,84622,0,2
B,python,explicit-8,explicit-8,counts-eu,32,1.000,0.2000,1.0000,0.897918,0.474741,420.769,0.006953,0.122051,-521.360,2.014,7.2,1878541,1686776,13062,3553048,107021,0.528713,1512418,1400115,61408,73,457179136,0,62.64,161518,0,2
B,python,explicit-16,explicit-16,counts-eu,32,1.000,0.2000,1.0000,0.897442,0.434699,385.022,0.007069,0.113679,-477.528,2.022,7.3,1721011,1544507,12166,3553048,107021,0.484376,1384267,1281028,54820,137,457179136,0,83.31,329404,0,2
B,python,bitty-1x8-tau8,bitty-1x8-tau8,counts-eu,32,1.000,0.2000,1.0000,0.896932,0.477037,422.220,0.005515,0.097373,-525.989,2.171,7.6,1889705,1694937,10421,3553048,107021,0.531855,1557111,1436199,59310,41,457179136,92469520,76.92,38116,0,3
B,python,bitty-1x8-tau32,bitty-1x8-tau32,counts-eu,32,1.000,0.2000,1.0000,0.889423,0.474931,415.885,0.006176,0.109493,-527.381,2.075,7.3,1897245,1687453,11718,3553048,107021,0.533977,1524897,1403871,63471,41,457179136,92469520,86.85,73353,0,5
B,python,bitty-4x8-ternary,bitty-4x8-ternary,counts-eu,32,1.000,0.2000,1.0000,0.926186,0.433052,398.539,0.006874,0.106699,-461.137,1.524,5.2,1661280,1538654,11419,3553048,107021,0.467565,1209721,1161755,55094,137,457179136,369878080,136.37,474005,0,4
B,python,random-matched,random-matched,counts-eu,32,1.000,0.2000,1.0000,0.766344,0.014536,10.104,0.000059,0.000037,-18.966,4.254,15.0,67394,51647,4,3553048,107021,0.018968,67351,51623,0,8,457179136,0,93.10,1033269,113,0
B,python,bitty-shuffled-instr,bitty-shuffled-instr,counts-eu,32,1.000,0.2000,1.0000,0.951112,0.043011,40.800,0.003983,0.005980,-44.861,1.339,4.0,160675,152820,640,3553048,107021,0.045222,142058,136542,1424,137,457179136,369878080,174.92,3495896,335653,0
B,python,bitty-no-delta,bitty-no-delta,counts-eu,32,1.000,0.2000,1.0000,0.915617,0.421229,382.409,0.006184,0.094458,-454.359,1.686,5.8,1634579,1496648,10109,3553048,107021,0.460050,1241328,1182465,51412,137,457179136,369878080,131.28,383952,0,6
B,python,bitty-no-type,bitty-no-type,counts-eu,32,1.000,0.2000,1.0000,0.923455,0.432994,397.104,0.006806,0.105951,-462.502,1.586,5.5,1665970,1538449,11339,3553048,107021,0.468885,1222842,1168870,56034,137,457179136,369878080,137.51,467670,0,4
B,python,bitty-instr-only,bitty-instr-only,counts-eu,32,1.000,0.2000,1.0000,0.926186,0.433052,398.539,0.006874,0.106699,-461.137,1.524,5.2,1661280,1538654,11419,3553048,107021,0.467565,1209721,1161755,55094,137,457179136,369878080,140.31,474005,0,4
B,python,bitty-data-only,bitty-data-only,counts-eu,32,1.000,0.2000,1.0000,0.948560,0.083076,78.571,0.000408,0.001187,-87.510,1.781,6.3,311180,295173,127,3553048,107021,0.087581,232168,219377,6155,137,457179136,142121920,132.40,2972616,106841,0
B,python,bitty-instr+data,bitty-instr+data,counts-eu,32,1.000,0.2000,1.0000,0.961118,0.228308,219.072,0.003199,0.025229,-236.024,1.291,4.4,844006,811189,2700,3553048,107021,0.237544,542986,528854,17423,137,457179136,512000000,173.46,1936603,5957,1
D,python,counts-eu,bitty-4x8-ternary,counts-eu,32,0.250,0.2000,1.0000,0.839461,0.464595,442.383,0.006678,0.122696,-133.742,1.631,5.7,1966417,1650730,13131,3553048,107021,0.553445,1307715,1233644,96674,137,457179136,369878080,139.23,474005,0,6
D,python,decay-0.99,bitty-4x8-ternary,decay-0.99,32,0.250,0.2000,1.0000,0.844730,0.459446,438.333,0.006722,0.121378,-131.404,1.630,5.7,1932489,1632432,12990,3553048,107021,0.543896,1278244,1205582,93663,137,457179136,369878080,145.07,474005,0,7
D,python,decay-0.999,bitty-4x8-ternary,decay-0.999,32,0.250,0.2000,1.0000,0.842345,0.453507,432.287,0.006542,0.116940,-130.194,1.649,5.8,1912911,1611331,12515,3553048,107021,0.538386,1277359,1204356,93877,137,457179136,369878080,141.51,474005,0,6
D,python,bandit,bitty-4x8-ternary,bandit,32,0.250,0.2000,1.0000,0.913331,0.449005,438.354,0.008062,0.131582,-117.949,1.748,6.1,1746724,1595338,14082,3553048,107021,0.491613,1257828,1201788,73149,137,591396864,369878080,144.23,474005,0,5
D,python,topk-1,bitty-4x8-ternary,topk-1,32,0.250,0.2000,1.0000,0.857649,0.430501,412.638,0.007894,0.131554,-120.536,1.638,5.7,1783470,1529591,14079,3553048,107021,0.501955,1216529,1156753,85000,137,104857600,369878080,125.67,474005,0,4
D,python,topk-2,bitty-4x8-ternary,topk-2,32,0.250,0.2000,1.0000,0.849998,0.456347,436.214,0.006756,0.120416,-129.686,1.636,5.7,1907560,1621423,12887,3553048,107021,0.536880,1298714,1227290,86190,137,155189248,369878080,127.82,474005,0,4
D,python,topk-4,bitty-4x8-ternary,topk-4,32,0.250,0.2000,1.0000,0.843326,0.461927,440.473,0.006738,0.122527,-132.323,1.632,5.7,1946164,1641250,13113,3553048,107021,0.547745,1302577,1229462,93241,137,255852544,369878080,130.78,474005,0,6
D,python,topk-8,bitty-4x8-ternary,topk-8,32,0.250,0.2000,1.0000,0.839461,0.464595,442.383,0.006678,0.122696,-133.742,1.631,5.7,1966417,1650730,13131,3553048,107021,0.553445,1307715,1233644,96674,137,457179136,369878080,138.71,474005,0,6
D,python,fixed-conf-0.25,bitty-4x8-ternary,fixed-conf-0.25,32,0.250,0.2000,1.0000,0.861250,0.462835,444.194,0.006785,0.121051,-129.792,1.620,5.6,1909405,1644475,12955,3553048,107021,0.537399,1304112,1231119,89502,137,457179136,369878080,138.46,474005,0,6
D,python,fixed-conf-0.50,bitty-4x8-ternary,fixed-conf-0.50,32,0.250,0.2000,1.0000,0.926186,0.433052,424.424,0.006874,0.106699,-112.874,1.524,5.2,1661280,1538654,11419,3553048,107021,0.467565,1209721,1161755,55094,137,457179136,369878080,137.88,474005,0,4
D,python,fixed-conf-0.75,bitty-4x8-ternary,fixed-conf-0.75,32,0.250,0.2000,1.0000,0.970614,0.365416,362.651,0.006538,0.081713,-91.043,1.239,4.1,1337650,1298342,8745,3553048,107021,0.376480,998433,980013,14470,137,457179136,369878080,134.25,474005,0,3
D,python,fixed-conf-0.90,bitty-4x8-ternary,fixed-conf-0.90,32,0.250,0.2000,1.0000,0.987857,0.287868,286.984,0.005353,0.051784,-70.902,1.087,3.5,1035383,1022810,5542,3553048,107021,0.291407,795250,787950,1917,137,457179136,369878080,131.78,474005,0,0
D,python,no-gate,bitty-4x8-ternary,no-gate,32,0.250,0.2000,1.0000,0.702243,0.469828,420.025,0.005754,0.127807,-162.448,1.697,6.0,2377130,1669322,13678,3553048,107021,0.669040,1318543,1241054,182832,137,457179136,369878080,142.86,474005,0,7
D,python,min-evidence-1,bitty-4x8-ternary,min-evidence-1,32,0.250,0.2000,1.0000,0.808430,0.578008,543.766,0.008311,0.197270,-171.317,1.607,5.6,2540345,2053691,21112,3553048,107021,0.714976,1562079,1477996,140709,137,457179136,369878080,143.61,474005,0,7
D,python,min-evidence-2,bitty-4x8-ternary,min-evidence-2,32,0.250,0.2000,1.0000,0.815021,0.541763,511.023,0.007806,0.172265,-159.695,1.611,5.6,2361792,1924910,18436,3553048,107021,0.664723,1482856,1402265,126106,137,457179136,369878080,139.92,474005,0,7
D,python,min-evidence-6,bitty-4x8-ternary,min-evidence-6,32,0.250,0.2000,1.0000,0.839461,0.464595,442.383,0.006678,0.122696,-133.742,1.631,5.7,1966417,1650730,13131,3553048,107021,0.553445,1307715,1233644,96674,137,457179136,369878080,138.36,474005,0,6
D,python,min-evidence-16,bitty-4x8-ternary,min-evidence-16,32,0.250,0.2000,1.0000,0.863569,0.383000,367.873,0.005593,0.082348,-107.776,1.649,5.8,1575805,1360816,8813,3553048,107021,0.443508,1106418,1040930,73556,137,457179136,369878080,136.67,474005,0,4
D,python,min-evidence-64,bitty-4x8-ternary,min-evidence-64,32,0.250,0.2000,1.0000,0.881009,0.256531,247.869,0.004100,0.039637,-71.302,1.673,5.9,1034571,911466,4242,3553048,107021,0.291178,778724,728643,47336,137,457179136,369878080,131.16,474005,0,4
D,python,absolute-line-outcome,bitty-4x8-ternary,absolute-line-outcome,32,0.250,0.2000,1.0000,0.765744,0.275416,254.352,0.005770,0.068902,-87.323,1.516,5.5,1277927,978565,7374,3553048,107021,0.359671,471186,453868,524367,137,457179136,369878080,136.24,474005,0,9
D,python,slots-2^14,bitty-4x8-ternary,slots-2^14,32,0.250,0.2000,1.0000,0.867895,0.331247,318.642,0.005090,0.064501,-92.988,1.620,5.7,1356081,1176936,6903,3553048,107021,0.381667,958253,901947,62175,137,1785856,369878080,104.01,16384,1391730,4
D,python,slots-2^16,bitty-4x8-ternary,slots-2^16,32,0.250,0.2000,1.0000,0.851051,0.432558,413.632,0.006082,0.102625,-123.202,1.627,5.7,1805885,1536901,10983,3553048,107021,0.508264,1225289,1155513,84860,137,7143424,369878080,116.78,65536,749911,4
D,python,slots-2^18,bitty-4x8-ternary,slots-2^18,32,0.250,0.2000,1.0000,0.839764,0.463672,441.554,0.006650,0.121892,-133.447,1.631,5.7,1961801,1647449,13045,3553048,107021,0.552146,1305526,1231503,96182,137,28573696,369878080,132.58,261687,249663,6
D,python,slots-2^20,bitty-4x8-ternary,slots-2^20,32,0.250,0.2000,1.0000,0.839461,0.464594,442.381,0.006678,0.122696,-133.741,1.631,5.7,1966410,1650724,13131,3553048,107021,0.553443,1307712,1233641,96672,137,114294784,369878080,132.85,472781,1278,6
D,python,slots-2^22,bitty-4x8-ternary,slots-2^22,32,0.250,0.2000,1.0000,0.839461,0.464595,442.383,0.006678,0.122696,-133.742,1.631,5.7,1966417,1650730,13131,3553048,107021,0.553445,1307715,1233644,96674,137,457179136,369878080,138.64,474005,0,6
E,python,next-line,-,next-line,32,0.250,0.2000,1.0000,0.321187,0.103510,48.819,0.040182,0.429925,-64.381,8.518,31.6,1145053,367776,46011,3553048,107021,0.322273,0,0,2407995,0,0,0,14.95,0,0,10
E,python,last-stride,-,last-stride,32,0.250,0.2000,1.0000,0.164081,0.069505,-19.019,0.009712,0.136590,-100.758,7.336,26.5,1505087,246956,14618,3553048,107021,0.423604,0,0,144111,16,0,0,15.41,0,0,12
E,python,pc-stride,-,pc-stride,32,0.250,0.2000,1.0000,0.774886,0.013616,12.628,0.164972,0.096243,-0.769,4.006,18.1,62435,48380,10300,3553048,107021,0.017572,0,0,39514,0,98304,0,10.74,0,0,0
E,python,delta-markov,-,delta-markov,32,0.250,0.2000,1.0000,0.858264,0.452040,433.377,0.004827,0.084404,-128.495,2.730,10.1,1871358,1606120,9033,3553048,107021,0.526691,1492234,1309705,84461,0,262144,0,21.22,0,0,4
E,python,ghb-gdc,-,ghb-gdc,32,0.250,0.2000,1.0000,0.416719,0.177486,115.380,0.010392,0.146943,-100.946,4.490,16.6,1513293,630618,15726,3553048,107021,0.425914,0,0,144639,0,294912,0,19.02,0,0,9
E,python,spp-lite,-,spp-lite,32,0.250,0.2000,1.0000,0.766307,0.061360,56.682,0.030285,0.080508,-16.987,1.575,6.4,284501,218015,8616,3553048,107021,0.080072,0,0,7828,0,262144,0,14.36,0,0,0
E,python,prepchef-bitty-w0.05,bitty-4x8-ternary,counts-eu,32,0.050,0.2000,1.0000,0.751857,0.468683,460.949,0.006103,0.126312,-27.174,1.674,5.9,2214855,1665254,13518,3553048,107021,0.623368,1316656,1239670,132627,137,457179136,369878080,137.81,474005,0,7
E,python,prepchef-explicit4-w0.05,explicit-4,counts-eu,32,0.050,0.2000,1.0000,0.751360,0.583713,574.055,0.006207,0.160081,-33.781,2.282,8.2,2760272,2073959,17132,3553048,107021,0.776874,1884121,1688407,179739,41,457179136,0,56.63,84622,0,6
E,python,prepchef-bitty-w0.10,bitty-4x8-ternary,counts-eu,32,0.100,0.2000,1.0000,0.781611,0.467873,454.800,0.006300,0.125200,-55.712,1.665,5.8,2126857,1662375,13399,3553048,107021,0.598601,1314882,1238573,118405,137,457179136,369878080,137.42,474005,0,7
E,python,prepchef-explicit4-w0.10,explicit-4,counts-eu,32,0.100,0.2000,1.0000,0.779341,0.581607,565.139,0.006380,0.158081,-69.390,2.266,8.1,2651568,2066476,16918,3553048,107021,0.746280,1881121,1686343,159463,41,457179136,0,55.56,84622,0,6
E,python,prepchef-bitty-w0.25,bitty-4x8-ternary,counts-eu,32,0.250,0.2000,1.0000,0.839461,0.464595,442.383,0.006678,0.122696,-133.742,1.631,5.7,1966417,1650730,13131,3553048,107021,0.553445,1307715,1233644,96674,137,457179136,369878080,135.01,474005,0,6
E,python,prepchef-explicit4-w0.25,explicit-4,counts-eu,32,0.250,0.2000,1.0000,0.818582,0.575923,544.014,0.006557,0.153166,-170.124,2.234,8.0,2499790,2046283,16392,3553048,107021,0.703562,1866628,1675613,134275,41,457179136,0,55.41,84622,0,5
E,python,prepchef-bitty-w0.50,bitty-4x8-ternary,counts-eu,32,0.500,0.2000,1.0000,0.879384,0.459710,428.184,0.006829,0.118519,-256.027,1.608,5.6,1857405,1633373,12684,3553048,107021,0.522764,1297575,1226444,79062,137,457179136,369878080,134.91,474005,0,5
E,python,prepchef-explicit4-w0.50,explicit-4,counts-eu,32,0.500,0.2000,1.0000,0.853246,0.562686,514.297,0.006659,0.145794,-323.146,2.184,7.8,2343112,1999251,15603,3553048,107021,0.659465,1827851,1647653,104603,41,457179136,0,53.22,84622,0,4
E,python,prepchef-bitty-w1.00,bitty-4x8-ternary,counts-eu,32,1.000,0.2000,1.0000,0.926186,0.433052,398.539,0.006874,0.106699,-461.137,1.524,5.2,1661280,1538654,11419,3553048,107021,0.467565,1209721,1161755,55094,137,457179136,369878080,135.67,474005,0,4
E,python,prepchef-explicit4-w1.00,explicit-4,counts-eu,32,1.000,0.2000,1.0000,0.899523,0.492356,437.360,0.006727,0.122238,-539.989,2.031,7.2,1944771,1749366,13082,3553048,107021,0.547353,1578392,1460875,62332,41,457179136,0,51.94,84622,0,2
E,python,prepchef-bitty-w2.00,bitty-4x8-ternary,counts-eu,32,2.000,0.2000,1.0000,0.956730,0.390997,355.630,0.006836,0.092748,-808.980,1.337,4.5,1452061,1389231,9926,3553048,107021,0.408680,1076271,1049752,22887,137,457179136,369878080,130.68,474005,0,3
E,python,prepchef-explicit4-w2.00,explicit-4,counts-eu,32,2.000,0.2000,1.0000,0.941232,0.423208,370.360,0.007185,0.107250,-889.574,1.755,6.1,1597566,1503680,11478,3553048,107021,0.449633,1313867,1249924,29598,41,457179136,0,49.84,84622,0,2
E,python,prepchef-bitty-w4.00,bitty-4x8-ternary,counts-eu,32,4.000,0.2000,1.0000,0.976477,0.350544,316.767,0.006124,0.072986,-1424.960,1.184,3.9,1275502,1245499,7811,3553048,107021,0.358988,949790,935387,10644,137,457179136,369878080,133.34,474005,0,3
E,python,prepchef-explicit4-w4.00,explicit-4,counts-eu,32,4.000,0.2000,1.0000,0.966178,0.287123,246.919,0.008033,0.079255,-1176.761,1.222,4.1,1055875,1020163,8482,3553048,107021,0.297174,813107,789210,9962,41,457179136,0,47.81,84622,0,1
E-noself,python,prepchef-noself-w0.25,bitty-4x8-ternary,counts-eu,32,0.250,0.2000,1.0000,0.645586,0.126171,108.854,0.018910,0.122696,-44.239,1.500,6.0,694394,448291,13131,3553048,107021,0.195436,0,0,60982,137,457179136,369878080,129.88,474005,0,5
E-noself,python,prepchef-noself-w1.00,bitty-4x8-ternary,counts-eu,32,1.000,0.2000,1.0000,0.838895,0.113082,91.365,0.023842,0.106699,-128.371,1.374,5.5,478948,401787,11419,3553048,107021,0.134799,0,0,27705,137,457179136,369878080,129.79,474005,0,3
C-tau,awkhash,tau{1|2|4|8},tau{1|2|4|8},counts-eu,32,0.250,0.2000,1.0000,0.951810,0.736414,727.093,0.000350,0.016545,-193.086,1.419,5.2,2653735,2525852,928,3429933,56090,0.773699,1434585,1359740,67848,137,457179136,374802688,112.65,9219,0,5
C-tau,awkhash,tau{2|8|32|128},tau{2|8|32|128},counts-eu,32,0.250,0.2000,1.0000,0.972641,0.751899,746.612,0.000356,0.016830,-192.918,1.228,4.6,2651505,2578963,944,3429933,56090,0.773049,1342615,1296723,51250,137,457179136,374802688,122.46,36080,0,2
C-tau,awkhash,tau{4|16|64|256},tau{4|16|64|256},counts-eu,32,0.250,0.2000,1.0000,0.977386,0.745405,741.093,0.000313,0.014584,-190.365,1.222,4.5,2615843,2556688,818,3429933,56090,0.762651,1316229,1278096,75432,137,457179136,374802688,123.29,46191,0,1
C-tau,awkhash,tau{2|4|8|16|32|64},tau{2|4|8|16|32|64},counts-eu,32,0.250,0.2000,1.0000,0.980257,0.756703,752.893,0.000368,0.017365,-192.631,1.225,4.6,2647715,2595442,974,3429933,56090,0.771944,1320713,1289310,57832,201,457179136,562204032,148.14,30710,0,1
C-tau,awkhash,tau{1|4|16|64|256|1024},tau{1|4|16|64|256|1024},counts-eu,32,0.250,0.2000,1.0000,0.977133,0.744143,739.789,0.000301,0.014031,-190.102,1.180,4.3,2612089,2552359,787,3429933,56090,0.761557,1284897,1247117,69583,201,457179136,562204032,153.72,65979,0,1
C-heads,awkhash,heads-1,heads-1,counts-eu,32,0.250,0.2000,1.0000,0.829372,0.556176,527.570,0.000447,0.018310,-167.275,2.748,10.4,2300108,1907646,1027,3429933,56090,0.670599,1761355,1521240,135540,25,457179136,46850336,43.04,1577,0,6
C-heads,awkhash,heads-2,heads-2,counts-eu,32,0.250,0.2000,1.0000,0.920460,0.678395,663.739,0.000577,0.026012,-183.723,1.747,6.8,2527919,2326849,1459,3429933,56090,0.737017,1460772,1369772,182023,41,457179136,93700672,56.71,8302,0,5
C-heads,awkhash,heads-4,heads-4,counts-eu,32,0.250,0.2000,1.0000,0.959862,0.742902,735.136,0.000354,0.016741,-193.150,1.346,5.0,2654656,2548104,939,3429933,56090,0.773967,1389384,1329970,108908,73,457179136,187401344,78.70,22869,0,4
C-heads,awkhash,heads-8,heads-8,counts-eu,32,0.250,0.2000,1.0000,0.972641,0.751899,746.612,0.000356,0.016830,-192.918,1.228,4.6,2651505,2578963,944,3429933,56090,0.773049,1342615,1296723,51250,137,457179136,374802688,129.86,36080,0,2
C-heads,awkhash,heads-16,heads-16,counts-eu,32,0.250,0.2000,1.0000,0.979708,0.757328,753.406,0.000310,0.014637,-192.954,1.147,4.2,2651386,2597583,821,3429933,56090,0.773014,1301663,1268297,45839,265,457179136,749605376,197.68,51710,0,1
C-heads,awkhash,heads-32,heads-32,counts-eu,32,0.250,0.2000,1.0000,0.982894,0.751239,747.971,0.000305,0.014245,-190.787,1.086,3.9,2621545,2576700,799,3429933,56090,0.764314,1255697,1232794,26102,521,457179136,1499210752,336.78,86024,0,1
C-heads,awkhash,heads-64,heads-64,counts-eu,32,0.250,0.2000,1.0000,0.982017,0.729297,725.958,0.000295,0.013389,-185.389,1.067,3.8,2547246,2501439,751,3429933,56090,0.742652,1213760,1194496,20667,1033,457179136,2998421504,611.01,140001,0,0
C-quant,awkhash,quant-sign,quant-sign,counts-eu,32,0.250,0.2000,1.0000,0.967765,0.745051,738.847,0.000402,0.018916,-192.080,1.276,4.7,2640595,2555475,1061,3429933,56090,0.769868,1366858,1314196,89107,137,457179136,374802688,91.51,26828,0,2
C-quant,awkhash,quant-ternary,quant-ternary,counts-eu,32,0.250,0.2000,1.0000,0.972641,0.751899,746.612,0.000356,0.016830,-192.918,1.228,4.6,2651505,2578963,944,3429933,56090,0.773049,1342615,1296723,51250,137,457179136,374802688,120.68,36080,0,2
C-quant,awkhash,quant-2-bit,quant-2-bit,counts-eu,32,0.250,0.2000,1.0000,0.978974,0.760162,756.080,0.000380,0.018042,-193.753,1.168,4.2,2663302,2607304,1012,3429933,56090,0.776488,1310978,1276002,51143,137,457179136,374802688,106.25,37011,0,2
C-quant,awkhash,quant-3-bit,quant-3-bit,counts-eu,32,0.250,0.2000,1.0000,0.983856,0.760912,757.790,0.000319,0.015065,-193.042,1.067,3.8,2652703,2609877,845,3429933,56090,0.773398,1262053,1240258,23343,137,457179136,374802688,112.04,57365,0,1
C-quant,awkhash,quant-int8,quant-int8,counts-eu,32,0.250,0.2000,1.0000,0.979065,0.612608,609.333,0.000250,0.009556,-156.232,1.042,3.7,2146135,2101205,536,3429933,56090,0.625708,1047232,1036271,12894,137,457179136,374802688,149.63,437086,0,0
C-quant,awkhash,quant-float,quant-float,counts-eu,32,0.250,0.2000,1.0000,0.888486,0.013018,12.609,0.000060,0.000053,-3.662,1.062,3.3,50254,44650,3,3429933,56090,0.014652,20848,20672,4292,137,457179136,374802688,165.29,3308166,229189,0
C-thresh,awkhash,ternary-thresh-0.05,ternary-thresh-0.05,counts-eu,32,0.250,0.2000,1.0000,0.973957,0.752541,747.511,0.000396,0.018702,-192.784,1.306,4.9,2650185,2581166,1049,3429933,56090,0.772664,1343552,1295816,70061,137,457179136,374802688,126.71,41470,0,1
C-thresh,awkhash,ternary-thresh-0.10,ternary-thresh-0.10,counts-eu,32,0.250,0.2000,1.0000,0.980779,0.752756,749.068,0.000360,0.016919,-191.531,1.226,4.6,2632504,2581904,949,3429933,56090,0.767509,1317368,1282881,89708,137,457179136,374802688,128.83,40233,0,2
C-thresh,awkhash,ternary-thresh-0.20,ternary-thresh-0.20,counts-eu,32,0.250,0.2000,1.0000,0.972641,0.751899,746.612,0.000356,0.016830,-192.918,1.228,4.6,2651505,2578963,944,3429933,56090,0.773049,1342615,1296723,51250,137,457179136,374802688,126.12,36080,0,2
C-thresh,awkhash,ternary-thresh-0.35,ternary-thresh-0.35,counts-eu,32,0.250,0.2000,1.0000,0.971330,0.752833,747.278,0.000362,0.017151,-193.413,1.245,4.5,2658384,2582167,962,3429933,56090,0.775054,1332201,1285911,57688,137,457179136,374802688,119.35,28777,0,2
C-thresh,awkhash,ternary-thresh-0.50,ternary-thresh-0.50,counts-eu,32,0.250,0.2000,1.0000,0.965631,0.751000,744.317,0.000364,0.017311,-194.079,1.314,4.8,2667561,2575879,971,3429933,56090,0.777730,1354516,1311412,79375,137,457179136,374802688,109.71,21843,0,2
C-int,awkhash,integer-q8.8-shift,integer-q8.8-shift,counts-eu,32,0.250,0.2000,1.0000,0.977810,0.756472,752.180,0.000377,0.017828,-193.045,1.173,4.2,2653532,2594649,1000,3429933,56090,0.773640,1295093,1258969,57373,73,457179136,374802688,129.32,34881,0,2
C-tau,gcc,tau{1|2|4|8},tau{1|2|4|8},counts-eu,32,0.250,0.2000,1.0000,0.885903,0.667624,646.128,0.003641,0.263077,-184.972,1.854,7.0,2388255,2115762,8696,3169092,33055,0.753609,1444587,1366620,179121,137,457179136,385236352,103.11,40065,0,2
C-tau,gcc,tau{2|8|32|128},tau{2|8|32|128},counts-eu,32,0.250,0.2000,1.0000,0.925329,0.702767,688.589,0.004029,0.293360,-186.045,1.350,5.3,2406855,2227133,9697,3169092,33055,0.759478,1245465,1205938,100959,137,457179136,385236352,112.96,174934,0,1
C-tau,gcc,tau{4|16|64|256},tau{4|16|64|256},counts-eu,32,0.250,0.2000,1.0000,0.932383,0.698719,686.051,0.003876,0.278445,-183.717,1.329,5.3,2374889,2214306,9204,3169092,33055,0.749391,1220935,1183547,90847,137,457179136,385236352,116.19,229925,0,1
C-tau,gcc,tau{2|4|8|16|32|64},tau{2|4|8|16|32|64},counts-eu,32,0.250,0.2000,1.0000,0.929281,0.714057,700.472,0.004094,0.301619,-188.167,1.308,5.1,2435123,2262913,9970,3169092,33055,0.768398,1238659,1207525,104365,201,457179136,577854528,133.38,155207,0,1
C-tau,gcc,tau{1|4|16|64|256|1024},tau{1|4|16|64|256|1024},counts-eu,32,0.250,0.2000,1.0000,0.942410,0.669530,659.302,0.003597,0.244986,-174.417,1.275,5.0,2251465,2121803,8098,3169092,33055,0.710445,1138625,1110813,72912,201,457179136,577854528,139.88,345330,0,1
C-heads,gcc,heads-1,heads-1,counts-eu,32,0.250,0.2000,1.0000,0.823291,0.564897,534.585,0.000185,0.012162,-171.378,3.721,15.0,2174459,1790212,402,3169092,33055,0.686146,2024998,1715789,51679,25,457179136,48154544,41.27,2069,0,6
C-heads,gcc,heads-2,heads-2,counts-eu,32,0.250,0.2000,1.0000,0.834398,0.595753,566.193,0.002752,0.188413,-176.041,2.763,10.7,2262705,1887996,6228,3169092,33055,0.713992,1707418,1516466,185157,41,457179136,96309088,56.57,16120,0,4
C-heads,gcc,heads-4,heads-4,counts-eu,32,0.250,0.2000,1.0000,0.902228,0.700474,681.497,0.003883,0.289064,-190.327,1.573,6.0,2460427,2219866,9555,3169092,33055,0.776382,1351920,1291912,152053,73,457179136,192618176,78.09,85200,0,2
C-heads,gcc,heads-8,heads-8,counts-eu,32,0.250,0.2000,1.0000,0.925329,0.702767,688.589,0.004029,0.293360,-186.045,1.350,5.3,2406855,2227133,9697,3169092,33055,0.759478,1245465,1205938,100959,137,457179136,385236352,112.73,174934,0,1
C-heads,gcc,heads-16,heads-16,counts-eu,32,0.250,0.2000,1.0000,0.941032,0.691777,680.940,0.003890,0.274179,-180.207,1.264,5.0,2329683,2192306,9063,3169092,33055,0.735126,1171100,1142658,77105,265,457179136,770472704,181.03,267952,0,2
C-heads,gcc,heads-32,heads-32,counts-eu,32,0.250,0.2000,1.0000,0.952644,0.671717,663.370,0.003807,0.257359,-172.922,1.157,4.6,2234553,2128734,8507,3169092,33055,0.705108,1088139,1066636,56521,521,457179136,1540945408,298.90,382614,0,1
C-heads,gcc,heads-64,heads-64,counts-eu,32,0.250,0.2000,1.0000,0.957056,0.644741,637.509,0.003647,0.235547,-165.347,1.110,4.5,2134928,2043245,7786,3169092,33055,0.673672,1028577,1009160,43377,1033,457179136,3081890816,549.31,510884,0,0
C-quant,gcc,quant-sign,quant-sign,counts-eu,32,0.250,0.2000,1.0000,0.911152,0.699684,682.627,0.003915,0.288217,-188.220,1.546,6.0,2433584,2217364,9527,3169092,33055,0.767912,1323064,1263017,146843,137,457179136,385236352,92.69,121569,0,1
C-quant,gcc,quant-ternary,quant-ternary,counts-eu,32,0.250,0.2000,1.0000,0.925329,0.702767,688.589,0.004029,0.293360,-186.045,1.350,5.3,2406855,2227133,9697,3169092,33055,0.759478,1245465,1205938,100959,137,457179136,385236352,113.57,174934,0,1
C-quant,gcc,quant-2-bit,quant-2-bit,counts-eu,32,0.250,0.2000,1.0000,0.931037,0.710707,697.546,0.004167,0.304977,-186.861,1.308,5.1,2419127,2252296,10081,3169092,33055,0.763350,1238654,1203293,94576,137,457179136,385236352,106.85,180491,0,1
C-quant,gcc,quant-3-bit,quant-3-bit,counts-eu,32,0.250,0.2000,1.0000,0.943974,0.693559,683.268,0.003912,0.275541,-180.088,1.199,4.8,2328404,2197952,9108,3169092,33055,0.734723,1154789,1129594,69941,137,457179136,385236352,110.51,275446,0,1
C-quant,gcc,quant-int8,quant-int8,counts-eu,32,0.250,0.2000,1.0000,0.964964,0.545231,540.281,0.002767,0.149871,-139.303,1.070,4.3,1790623,1727886,4954,3169092,33055,0.565027,832811,820293,29998,137,457179136,385236352,130.70,940375,26,0
C-quant,gcc,quant-float,quant-float,counts-eu,32,0.250,0.2000,1.0000,0.967918,0.190983,189.401,0.001684,0.031856,-48.913,1.039,4.6,625304,605243,1053,3169092,33055,0.197313,260157,258255,10003,137,457179136,385236352,146.84,2421384,27693,0
C-thresh,gcc,ternary-thresh-0.05,ternary-thresh-0.05,counts-eu,32,0.250,0.2000,1.0000,0.927369,0.696909,683.264,0.003910,0.281682,-184.200,1.339,5.2,2381544,2208570,9311,3169092,33055,0.751491,1222469,1187034,103541,137,457179136,385236352,117.99,192638,0,1
C-thresh,gcc,ternary-thresh-0.10,ternary-thresh-0.10,counts-eu,32,0.250,0.2000,1.0000,0.930997,0.703953,690.910,0.003744,0.271426,-185.493,1.289,5.0,2396240,2230893,8972,3169092,33055,0.756128,1216347,1183167,89834,137,457179136,385236352,118.74,194138,0,2
C-thresh,gcc,ternary-thresh-0.20,ternary-thresh-0.20,counts-eu,32,0.250,0.2000,1.0000,0.925329,0.702767,688.589,0.004029,0.293360,-186.045,1.350,5.3,2406855,2227133,9697,3169092,33055,0.759478,1245465,1205938,100959,137,457179136,385236352,112.16,174934,0,1
C-thresh,gcc,ternary-thresh-0.35,ternary-thresh-0.35,counts-eu,32,0.250,0.2000,1.0000,0.916001,0.712178,695.851,0.003899,0.290607,-190.583,1.485,5.7,2463926,2256959,9606,3169092,33055,0.777486,1316238,1256677,118593,137,457179136,385236352,108.18,133102,0,1
C-thresh,gcc,ternary-thresh-0.50,ternary-thresh-0.50,counts-eu,32,0.250,0.2000,1.0000,0.908970,0.712349,694.514,0.003614,0.271547,-192.382,1.525,5.9,2483581,2257500,8976,3169092,33055,0.783689,1355483,1289766,132356,137,457179136,385236352,104.06,96644,0,1
C-int,gcc,integer-q8.8-shift,integer-q8.8-shift,counts-eu,32,0.250,0.2000,1.0000,0.921483,0.701071,686.137,0.003943,0.287642,-186.451,1.371,5.4,2411067,2221758,9508,3169092,33055,0.760807,1254866,1217626,109481,73,457179136,385236352,114.12,165132,0,1
C-tau,python,tau{1|2|4|8},tau{1|2|4|8},counts-eu,32,0.250,0.2000,1.0000,0.826914,0.562769,533.320,0.005848,0.132142,-165.166,2.174,7.6,2418081,1999545,14142,3553048,107021,0.680565,1826113,1644289,129372,137,457179136,369878080,115.18,60258,0,5
C-tau,python,tau{2|8|32|128},tau{2|8|32|128},counts-eu,32,0.250,0.2000,1.0000,0.839461,0.464595,442.383,0.006678,0.122696,-133.742,1.631,5.7,1966417,1650730,13131,3553048,107021,0.553445,1307715,1233644,96674,137,457179136,369878080,138.87,474005,0,6
C-tau,python,tau{4|16|64|256},tau{4|16|64|256},counts-eu,32,0.250,0.2000,1.0000,0.839637,0.424364,404.101,0.006158,0.103335,-122.463,1.666,5.8,1795758,1507785,11059,3553048,107021,0.505413,1196755,1129630,86712,137,457179136,369878080,142.42,653500,1,8
C-tau,python,tau{2|4|8|16|32|64},tau{2|4|8|16|32|64},counts-eu,32,0.250,0.2000,1.0000,0.846414,0.490005,467.776,0.007037,0.135254,-139.637,1.524,5.3,2056926,1741010,14475,3553048,107021,0.578919,1339584,1274251,96345,201,457179136,554817120,162.91,377943,0,7
C-tau,python,tau{1|4|16|64|256|1024},tau{1|4|16|64|256|1024},counts-eu,32,0.250,0.2000,1.0000,0.839959,0.351969,335.203,0.005681,0.079031,-101.782,1.591,5.5,1488835,1250561,8458,3553048,107021,0.419030,988530,935223,72038,201,457179136,554817120,171.67,1017007,56,0
C-heads,python,heads-1,heads-1,counts-eu,32,0.250,0.2000,1.0000,0.800783,0.593526,556.612,0.000897,0.022080,-184.464,3.714,13.5,2633456,2108827,2363,3553048,107021,0.741182,2533763,2064690,46352,25,457179136,46234760,49.59,2782,0,8
C-heads,python,heads-2,heads-2,counts-eu,32,0.250,0.2000,1.0000,0.795184,0.581048,543.633,0.002173,0.052709,-180.693,3.181,11.3,2596242,2064491,5641,3553048,107021,0.730708,2247814,1886430,95108,41,457179136,92469520,69.57,29789,0,6
C-heads,python,heads-4,heads-4,counts-eu,32,0.250,0.2000,1.0000,0.821582,0.522834,494.449,0.005577,0.117818,-154.658,2.048,7.2,2261071,1857656,12609,3553048,107021,0.636375,1616884,1477944,115390,73,457179136,184939040,101.94,210923,0,5
C-heads,python,heads-8,heads-8,counts-eu,32,0.250,0.2000,1.0000,0.839461,0.464595,442.383,0.006678,0.122696,-133.742,1.631,5.7,1966417,1650730,13131,3553048,107021,0.553445,1307715,1233644,96674,137,457179136,369878080,140.87,474005,0,6
C-heads,python,heads-16,heads-16,counts-eu,32,0.250,0.2000,1.0000,0.842891,0.398665,380.088,0.006502,0.102101,-114.399,1.454,5.0,1680497,1416475,10927,3553048,107021,0.472973,1073398,1025109,75701,265,457179136,739756160,210.32,762459,2,6
C-heads,python,heads-32,heads-32,counts-eu,32,0.250,0.2000,1.0000,0.842450,0.332899,317.335,0.006505,0.085338,-95.576,1.354,4.6,1404009,1182807,9133,3553048,107021,0.395156,874593,840429,60163,521,457179136,1479512320,346.57,1082163,64,7
C-heads,python,heads-64,heads-64,counts-eu,32,0.250,0.2000,1.0000,0.842510,0.271954,259.245,0.006524,0.069912,-78.065,1.265,4.2,1146887,966264,7482,3553048,107021,0.322790,706082,679123,46488,1033,457179136,2959024640,585.71,1424272,665,3
C-quant,python,quant-sign,quant-sign,counts-eu,32,0.250,0.2000,1.0000,0.834218,0.505610,480.490,0.006799,0.136805,-146.371,1.898,6.8,2153460,1796455,14641,3553048,107021,0.606088,1495391,1390611,112312,137,457179136,369878080,114.22,320338,0,7
C-quant,python,quant-ternary,quant-ternary,counts-eu,32,0.250,0.2000,1.0000,0.839461,0.464595,442.383,0.006678,0.122696,-133.742,1.631,5.7,1966417,1650730,13131,3553048,107021,0.553445,1307715,1233644,96674,137,457179136,369878080,140.76,474005,0,6
C-quant,python,quant-2-bit,quant-2-bit,counts-eu,32,0.250,0.2000,1.0000,0.843226,0.462865,441.351,0.006739,0.122817,-132.606,1.611,5.6,1950345,1644581,13144,3553048,107021,0.548922,1274297,1215909,95262,137,457179136,369878080,131.23,487779,0,7
C-quant,python,quant-3-bit,quant-3-bit,counts-eu,32,0.250,0.2000,1.0000,0.845770,0.396007,377.954,0.006611,0.102765,-113.186,1.353,4.6,1663611,1407033,10998,3553048,107021,0.468221,1028420,995772,67207,137,457179136,369878080,141.12,775714,6,11
C-quant,python,quant-int8,quant-int8,counts-eu,32,0.250,0.2000,1.0000,0.876361,0.153871,148.444,0.006271,0.036554,-42.518,1.159,3.7,623841,546710,3912,3553048,107021,0.175579,402544,392514,23496,137,457179136,369878080,157.67,2347921,22497,0
C-quant,python,quant-float,quant-float,counts-eu,32,0.250,0.2000,1.0000,0.931912,0.053788,52.805,0.005656,0.010839,-14.021,1.062,2.7,205074,191111,1160,3553048,107021,0.057718,171662,166349,5512,137,457179136,369878080,154.00,3349308,245396,0
C-thresh,python,ternary-thresh-0.05,ternary-thresh-0.05,counts-eu,32,0.250,0.2000,1.0000,0.839029,0.449152,427.609,0.006768,0.120275,-129.302,1.681,5.8,1902030,1595858,12872,3553048,107021,0.535323,1277881,1201517,93197,137,457179136,369878080,148.16,537946,0,8
C-thresh,python,ternary-thresh-0.10,ternary-thresh-0.10,counts-eu,32,0.250,0.2000,1.0000,0.840399,0.448459,427.167,0.006694,0.118584,-128.942,1.636,5.7,1896000,1593396,12691,3553048,107021,0.533626,1263841,1191553,93718,137,457179136,369878080,149.01,537139,1,7
C-thresh,python,ternary-thresh-0.20,ternary-thresh-0.20,counts-eu,32,0.250,0.2000,1.0000,0.839461,0.464595,442.383,0.006678,0.122696,-133.742,1.631,5.7,1966417,1650730,13131,3553048,107021,0.553445,1307715,1233644,96674,137,457179136,369878080,134.25,474005,0,6
C-thresh,python,ternary-thresh-0.35,ternary-thresh-0.35,counts-eu,32,0.250,0.2000,1.0000,0.839495,0.501895,477.906,0.006865,0.136254,-144.333,1.702,5.9,2124203,1783258,14582,3553048,107021,0.597854,1435356,1352163,106689,137,457179136,369878080,137.19,337099,0,7
C-thresh,python,ternary-thresh-0.50,ternary-thresh-0.50,counts-eu,32,0.250,0.2000,1.0000,0.839023,0.530305,504.868,0.006830,0.143327,-152.616,1.802,6.3,2245706,1884198,15339,3553048,107021,0.632051,1540130,1445966,115333,137,457179136,369878080,127.00,223427,0,8
C-int,python,integer-q8.8-shift,integer-q8.8-shift,counts-eu,32,0.250,0.2000,1.0000,0.840382,0.469193,446.914,0.006782,0.125704,-134.845,1.693,5.9,1983702,1667067,13453,3553048,107021,0.558310,1332545,1257044,100977,73,457179136,369878080,141.70,446374,1,8
C-tau,sort,tau{1|2|4|8},tau{1|2|4|8},counts-eu,32,0.250,0.2000,1.0000,0.999828,0.172295,172.288,0.000359,0.006270,-43.004,1.000,3.3,518791,518702,186,3010544,29667,0.172325,172839,172839,0,137,457179136,391578272,66.49,7581,0,0
C-tau,sort,tau{2|8|32|128},tau{2|8|32|128},counts-eu,32,0.250,0.2000,1.0000,0.976994,0.177807,176.760,0.000339,0.006270,-45.421,1.000,3.6,547901,535296,186,3010544,29667,0.181994,172837,172837,15050,137,457179136,391578272,66.87,23259,0,0
C-tau,sort,tau{4|16|64|256},tau{4|16|64|256},counts-eu,32,0.250,0.2000,1.0000,0.881425,0.194458,187.918,0.000280,0.006270,-55.077,1.350,5.4,664179,585424,186,3010544,29667,0.220618,183826,181475,155418,137,457179136,391578272,68.04,29026,0,0
C-tau,sort,tau{2|4|8|16|32|64},tau{2|4|8|16|32|64},counts-eu,32,0.250,0.2000,1.0000,0.926616,0.191593,187.799,0.000299,0.006270,-51.614,1.291,5.1,622478,576798,186,3010544,29667,0.206766,172836,172836,116453,201,457179136,587367408,83.78,20815,0,0
C-tau,sort,tau{1|4|16|64|256|1024},tau{1|4|16|64|256|1024},counts-eu,32,0.250,0.2000,1.0000,0.934046,0.191554,188.172,0.000301,0.006270,-51.193,1.179,4.6,617401,576681,186,3010544,29667,0.205080,172830,172830,86802,201,457179136,587367408,85.52,44149,0,0
C-heads,sort,heads-1,heads-1,counts-eu,32,0.250,0.2000,1.0000,0.825608,0.066459,62.949,0.000768,0.006270,-20.047,2.588,9.5,242339,200077,186,3010544,29667,0.080497,172928,130755,0,25,457179136,48947284,27.90,1287,0,0
C-heads,sort,heads-2,heads-2,counts-eu,32,0.250,0.2000,1.0000,0.922943,0.137878,135.000,0.000414,0.006270,-37.270,1.002,3.2,449744,415088,186,3010544,29667,0.149390,172928,138361,0,41,457179136,97894568,34.31,6194,0,0
C-heads,sort,heads-4,heads-4,counts-eu,32,0.250,0.2000,1.0000,0.999808,0.167710,167.702,0.000368,0.006270,-41.858,1.052,3.6,504995,504898,186,3010544,29667,0.167742,159040,159038,0,73,457179136,195789136,44.28,16070,0,0
C-heads,sort,heads-8,heads-8,counts-eu,32,0.250,0.2000,1.0000,0.976994,0.177807,176.760,0.000339,0.006270,-45.421,1.000,3.6,547901,535296,186,3010544,29667,0.181994,172837,172837,15050,137,457179136,391578272,73.01,23259,0,0
C-heads,sort,heads-16,heads-16,counts-eu,32,0.250,0.2000,1.0000,0.939821,0.189259,186.229,0.000307,0.006270,-50.267,1.249,4.8,606256,569772,186,3010544,29667,0.201378,172829,172829,80569,265,457179136,783156544,117.74,31257,0,0
C-heads,sort,heads-32,heads-32,counts-eu,32,0.250,0.2000,1.0000,0.944169,0.189237,186.440,0.000307,0.006236,-50.030,1.180,4.6,603395,569707,185,3010544,29667,0.200427,172805,172805,62865,521,457179136,1566313088,206.00,43436,0,0
C-heads,sort,heads-64,heads-64,counts-eu,32,0.250,0.2000,1.0000,0.974267,0.189850,188.597,0.000302,0.005966,-48.643,1.000,3.9,586649,571553,177,3010544,29667,0.194865,172748,172748,20837,1033,457179136,3132626176,402.96,59362,0,0
C-quant,sort,quant-sign,quant-sign,counts-eu,32,0.250,0.2000,1.0000,0.963798,0.183776,182.051,0.000324,0.006270,-47.593,1.198,4.4,574049,553267,186,3010544,29667,0.190679,172836,172836,51390,137,457179136,391578272,63.41,17224,0,0
C-quant,sort,quant-ternary,quant-ternary,counts-eu,32,0.250,0.2000,1.0000,0.976994,0.177807,176.760,0.000339,0.006270,-45.421,1.000,3.6,547901,535296,186,3010544,29667,0.181994,172837,172837,15050,137,457179136,391578272,67.94,23259,0,0
C-quant,sort,quant-2-bit,quant-2-bit,counts-eu,32,0.250,0.2000,1.0000,0.933119,0.192600,189.149,0.000299,0.006270,-51.524,1.167,4.6,621391,579832,186,3010544,29667,0.206405,172824,172824,99774,137,457179136,391578272,77.12,23759,0,0
C-quant,sort,quant-3-bit,quant-3-bit,counts-eu,32,0.250,0.2000,1.0000,0.952176,0.190531,188.139,0.000309,0.006270,-49.948,1.072,4.2,602413,573603,186,3010544,29667,0.200101,172819,172819,47243,137,457179136,391578272,83.08,34663,0,0
C-quant,sort,quant-int8,quant-int8,counts-eu,32,0.250,0.2000,1.0000,0.968869,0.188105,186.594,0.000080,0.001584,-48.518,1.000,3.9,584493,566297,47,3010544,29667,0.194149,170921,170921,23103,137,457179136,391578272,100.00,132298,0,0
C-quant,sort,quant-float,quant-float,counts-eu,32,0.250,0.2000,1.0000,0.000000,0.000000,0.000,0.000000,0.000000,0.000,0.000,0.0,0,0,0,3010544,29667,0.000000,0,0,0,137,457179136,391578272,150.16,3386756,264706,0
C-thresh,sort,ternary-thresh-0.05,ternary-thresh-0.05,counts-eu,32,0.250,0.2000,1.0000,0.954859,0.190271,188.022,0.000310,0.006270,-49.739,1.083,4.2,599900,572820,186,3010544,29667,0.199266,172837,172837,45937,137,457179136,391578272,67.97,22990,0,0
C-thresh,sort,ternary-thresh-0.10,ternary-thresh-0.10,counts-eu,32,0.250,0.2000,1.0000,0.949758,0.190094,187.580,0.000309,0.006270,-49.960,1.017,4.0,602560,572286,186,3010544,29667,0.200150,172836,172836,86307,137,457179136,391578272,67.05,23308,0,0
C-thresh,sort,ternary-thresh-0.20,ternary-thresh-0.20,counts-eu,32,0.250,0.2000,1.0000,0.976994,0.177807,176.760,0.000339,0.006270,-45.421,1.000,3.6,547901,535296,186,3010544,29667,0.181994,172837,172837,15050,137,457179136,391578272,67.09,23259,0,0
C-thresh,sort,ternary-thresh-0.35,ternary-thresh-0.35,counts-eu,32,0.250,0.2000,1.0000,0.946596,0.191592,188.890,0.000305,0.006270,-50.523,1.075,4.2,609337,576796,186,3010544,29667,0.202401,172838,172838,60863,137,457179136,391578272,69.27,20732,0,0
C-thresh,sort,ternary-thresh-0.50,ternary-thresh-0.50,counts-eu,32,0.250,0.2000,1.0000,0.932803,0.192601,189.133,0.000299,0.006270,-51.542,1.175,4.7,621605,579835,186,3010544,29667,0.206476,172827,172827,101951,137,457179136,391578272,66.65,16228,0,0
C-int,sort,integer-q8.8-shift,integer-q8.8-shift,counts-eu,32,0.250,0.2000,1.0000,0.946675,0.191585,188.887,0.000305,0.006270,-50.517,1.075,4.2,609264,576775,186,3010544,29667,0.202377,172839,172839,60256,73,457179136,391578272,74.84,21581,0,0
C-tau,tsort,tau{1|2|4|8},tau{1|2|4|8},counts-eu,32,0.250,0.2000,1.0000,0.911813,0.625803,610.672,0.010234,0.228425,-162.802,1.470,6.3,2174584,1982813,22255,3168430,97428,0.686329,1004917,954255,54568,137,457179136,385262816,91.20,8019,0,1
C-tau,tsort,tau{2|8|32|128},tau{2|8|32|128},counts-eu,32,0.250,0.2000,1.0000,0.946741,0.664663,655.316,0.009625,0.219762,-167.066,1.089,4.4,2224408,2105939,21411,3168430,97428,0.702054,951640,934724,33074,137,457179136,385262816,102.67,35949,0,3
C-tau,tsort,tau{4|16|64|256},tau{4|16|64|256},counts-eu,32,0.250,0.2000,1.0000,0.939561,0.662071,651.424,0.010963,0.251221,-166.509,1.142,4.6,2232665,2097725,24476,3168430,97428,0.704660,940002,928597,48211,137,457179136,385262816,107.31,45635,0,4
C-tau,tsort,tau{2|4|8|16|32|64},tau{2|4|8|16|32|64},counts-eu,32,0.250,0.2000,1.0000,0.941452,0.659889,649.629,0.010191,0.232305,-166.302,1.074,4.3,2220836,2090811,22633,3168430,97428,0.700926,930558,923225,37002,201,457179136,577894224,125.48,34247,0,2
C-tau,tsort,tau{1|4|16|64|256|1024},tau{1|4|16|64|256|1024},counts-eu,32,0.250,0.2000,1.0000,0.939237,0.656471,645.853,0.010846,0.246521,-165.260,1.075,4.3,2214545,2079982,24018,3168430,97428,0.698941,920479,908276,37249,201,457179136,577894224,129.59,76892,0,3
C-heads,tsort,heads-1,heads-1,counts-eu,32,0.250,0.2000,1.0000,0.823180,0.487166,461.005,0.007820,0.150511,-142.167,2.457,9.7,1875108,1543552,14664,3168430,97428,0.591810,1274736,1122357,90560,25,457179136,48157852,40.52,1574,0,5
C-heads,tsort,heads-2,heads-2,counts-eu,32,0.250,0.2000,1.0000,0.891612,0.644488,624.901,0.007520,0.176766,-173.914,1.960,8.4,2290251,2042015,17222,3168430,97428,0.722835,1247915,1163148,144606,41,457179136,96315704,50.50,7126,0,6
C-heads,tsort,heads-4,heads-4,counts-eu,32,0.250,0.2000,1.0000,0.937515,0.654810,643.899,0.009384,0.213152,-166.420,1.251,5.1,2213000,2074720,20767,3168430,97428,0.698453,953942,937283,63911,73,457179136,192631408,66.03,20620,0,3
C-heads,tsort,heads-8,heads-8,counts-eu,32,0.250,0.2000,1.0000,0.946741,0.664663,655.316,0.009625,0.219762,-167.066,1.089,4.4,2224408,2105939,21411,3168430,97428,0.702054,951640,934724,33074,137,457179136,385262816,101.45,35949,0,3
C-heads,tsort,heads-16,heads-16,counts-eu,32,0.250,0.2000,1.0000,0.946670,0.667509,658.109,0.009556,0.219136,-167.855,1.066,4.2,2234101,2114957,21350,3168430,97428,0.705113,931017,918067,33091,265,457179136,770525632,175.01,66057,0,1
C-heads,tsort,heads-32,heads-32,counts-eu,32,0.250,0.2000,1.0000,0.940845,0.660679,650.294,0.009844,0.224802,-166.914,1.059,4.2,2224931,2093315,21902,3168430,97428,0.702219,906021,893493,31214,521,457179136,1541051264,312.87,113687,0,2
C-heads,tsort,heads-64,heads-64,counts-eu,32,0.250,0.2000,1.0000,0.931915,0.642341,630.608,0.010534,0.236123,-163.241,1.047,4.2,2183901,2035211,23005,3168430,97428,0.689269,870528,856000,26368,1033,457179136,3082102528,561.31,192973,0,1
C-quant,tsort,quant-sign,quant-sign,counts-eu,32,0.250,0.2000,1.0000,0.936422,0.665719,654.420,0.010004,0.231299,-168.839,1.082,4.3,2252493,2109285,22535,3168430,97428,0.710918,935144,915717,45677,137,457179136,385262816,85.68,26175,0,3
C-quant,tsort,quant-ternary,quant-ternary,counts-eu,32,0.250,0.2000,1.0000,0.946741,0.664663,655.316,0.009625,0.219762,-167.066,1.089,4.4,2224408,2105939,21411,3168430,97428,0.702054,951640,934724,33074,137,457179136,385262816,102.55,35949,0,3
C-quant,tsort,quant-2-bit,quant-2-bit,counts-eu,32,0.250,0.2000,1.0000,0.945404,0.673465,663.742,0.010426,0.241532,-168.805,1.059,4.2,2257052,2133826,23532,3168430,97428,0.712357,923993,912354,37513,137,457179136,385262816,98.97,40519,0,4
C-quant,tsort,quant-3-bit,quant-3-bit,counts-eu,32,0.250,0.2000,1.0000,0.944115,0.671161,661.229,0.009784,0.226198,-169.028,1.053,4.2,2252402,2126526,22038,3168430,97428,0.710889,914853,904817,26456,137,457179136,385262816,105.73,70034,0,1
C-quant,tsort,quant-int8,quant-int8,counts-eu,32,0.250,0.2000,1.0000,0.906758,0.500854,487.979,0.009771,0.175514,-131.343,1.043,4.2,1750105,1586922,17100,3168430,97428,0.552357,671791,660333,26826,137,457179136,385262816,144.85,633911,1,0
C-quant,tsort,quant-float,quant-float,counts-eu,32,0.250,0.2000,1.0000,0.000000,0.000000,0.000,0.000000,0.000000,0.000,0.000,0.0,0,0,0,3168430,97428,0.000000,0,0,0,137,457179136,385262816,150.76,3549882,376302,0
C-thresh,tsort,ternary-thresh-0.05,ternary-thresh-0.05,counts-eu,32,0.250,0.2000,1.0000,0.938739,0.665213,654.360,0.010468,0.241224,-167.884,1.198,4.8,2245226,2107681,23502,3168430,97428,0.708624,933185,914438,61094,137,457179136,385262816,109.34,48385,0,5
C-thresh,tsort,ternary-thresh-0.10,ternary-thresh-0.10,counts-eu,32,0.250,0.2000,1.0000,0.937424,0.661273,650.238,0.009591,0.220029,-167.897,1.238,5.0,2235060,2095198,21437,3168430,97428,0.705416,963016,935588,44936,137,457179136,385262816,107.30,46218,0,5
C-thresh,tsort,ternary-thresh-0.20,ternary-thresh-0.20,counts-eu,32,0.250,0.2000,1.0000,0.946741,0.664663,655.316,0.009625,0.219762,-167.066,1.089,4.4,2224408,2105939,21411,3168430,97428,0.702054,951640,934724,33074,137,457179136,385262816,103.92,35949,0,3
C-thresh,tsort,ternary-thresh-0.35,ternary-thresh-0.35,counts-eu,32,0.250,0.2000,1.0000,0.925092,0.659095,645.753,0.010075,0.233444,-169.143,1.194,4.8,2257392,2088296,22744,3168430,97428,0.712464,957209,928450,53577,137,457179136,385262816,101.23,25457,0,4
C-thresh,tsort,ternary-thresh-0.50,ternary-thresh-0.50,counts-eu,32,0.250,0.2000,1.0000,0.925589,0.648592,635.557,0.010536,0.240095,-165.955,1.290,5.3,2220229,2055019,23392,3168430,97428,0.700735,958641,931549,71306,137,457179136,385262816,94.84,19196,0,5
C-int,tsort,integer-q8.8-shift,integer-q8.8-shift,counts-eu,32,0.250,0.2000,1.0000,0.928927,0.662216,649.549,0.011544,0.267623,-167.934,1.208,5.0,2258718,2098184,26074,3168430,97428,0.712882,954431,930330,57747,73,457179136,385262816,109.89,37679,0,5
C-tau,xz,tau{1|2|4|8},tau{1|2|4|8},counts-eu,32,0.250,0.2000,1.0000,0.907926,0.704512,686.651,0.000112,0.007475,-193.881,1.697,5.9,2772771,2517471,310,3573355,41473,0.775957,1384095,1329322,285976,137,457179136,369065824,98.65,9359,0,5
C-tau,xz,tau{2|8|32|128},tau{2|8|32|128},counts-eu,32,0.250,0.2000,1.0000,0.941833,0.783475,771.378,0.000096,0.006848,-207.866,1.316,4.6,2972538,2799634,284,3573355,41473,0.831862,1346396,1309591,131104,137,457179136,369065824,131.44,46368,0,4
C-tau,xz,tau{4|16|64|256},tau{4|16|64|256},counts-eu,32,0.250,0.2000,1.0000,0.949149,0.779658,769.215,0.000116,0.008198,-205.238,1.252,4.4,2935255,2785994,340,3573355,41473,0.821428,1289919,1263626,118111,137,457179136,369065824,144.11,83453,0,3
C-tau,xz,tau{2|4|8|16|32|64},tau{2|4|8|16|32|64},counts-eu,32,0.250,0.2000,1.0000,0.947225,0.791481,780.456,0.000112,0.008029,-208.778,1.283,4.4,2985820,2828242,333,3573355,41473,0.835579,1308652,1293538,126310,201,457179136,553598736,154.24,36035,0,6
C-tau,xz,tau{1|4|16|64|256|1024},tau{1|4|16|64|256|1024},counts-eu,32,0.250,0.2000,1.0000,0.946599,0.733269,722.927,0.000131,0.008729,-193.532,1.238,4.3,2768046,2620229,362,3573355,41473,0.774635,1198740,1173333,96811,201,457179136,553598736,193.27,213593,0,5
C-heads,xz,heads-1,heads-1,counts-eu,32,0.250,0.2000,1.0000,0.869446,0.587966,565.894,0.000007,0.000434,-169.057,2.889,10.1,2416495,2101011,18,3573355,41473,0.676254,1804770,1668430,221271,25,457179136,46133228,48.54,1615,0,4
C-heads,xz,heads-2,heads-2,counts-eu,32,0.250,0.2000,1.0000,0.891586,0.699662,678.393,0.000128,0.008680,-196.059,2.124,7.6,2804152,2500142,360,3573355,41473,0.784739,1606786,1521155,286787,41,457179136,92266456,65.87,8642,0,4
C-heads,xz,heads-4,heads-4,counts-eu,32,0.250,0.2000,1.0000,0.926836,0.758311,743.346,0.000107,0.007571,-204.433,1.596,5.5,2923617,2709714,314,3573355,41473,0.818171,1420711,1378742,214393,73,457179136,184532912,88.64,25586,0,6
C-heads,xz,heads-8,heads-8,counts-eu,32,0.250,0.2000,1.0000,0.941833,0.783475,771.378,0.000096,0.006848,-207.866,1.316,4.6,2972538,2799634,284,3573355,41473,0.831862,1346396,1309591,131104,137,457179136,369065824,142.22,46368,0,4
C-heads,xz,heads-16,heads-16,counts-eu,32,0.250,0.2000,1.0000,0.955215,0.783204,774.024,0.000113,0.007981,-204.865,1.264,4.4,2929881,2798667,331,3573355,41473,0.819924,1289491,1271851,119140,265,457179136,738131648,196.89,80354,0,4
C-heads,xz,heads-32,heads-32,counts-eu,32,0.250,0.2000,1.0000,0.963568,0.761197,754.002,0.000147,0.009982,-197.350,1.171,4.0,2822871,2720027,414,3573355,41473,0.789978,1201853,1191576,79580,521,457179136,1476263296,335.38,163471,0,3
C-heads,xz,heads-64,heads-64,counts-eu,32,0.250,0.2000,1.0000,0.966170,0.687647,681.628,0.000181,0.011092,-177.770,1.138,4.0,2543247,2457208,460,3573355,41473,0.711725,1044817,1036706,54809,1033,457179136,2952526592,590.62,355010,0,1
C-quant,xz,quant-sign,quant-sign,counts-eu,32,0.250,0.2000,1.0000,0.939336,0.779943,767.351,0.000129,0.009259,-207.444,1.441,4.9,2967003,2787014,384,3573355,41473,0.830313,1405434,1352667,177933,137,457179136,369065824,95.35,28594,0,4
C-quant,xz,quant-ternary,quant-ternary,counts-eu,32,0.250,0.2000,1.0000,0.941833,0.783475,771.378,0.000096,0.006848,-207.866,1.316,4.6,2972538,2799634,284,3573355,41473,0.831862,1346396,1309591,131104,137,457179136,369065824,125.13,46368,0,4
C-quant,xz,quant-2-bit,quant-2-bit,counts-eu,32,0.250,0.2000,1.0000,0.953246,0.797704,787.922,0.000147,0.010609,-209.053,1.214,4.1,2990285,2850478,440,3573355,41473,0.836828,1315700,1284133,107994,137,457179136,369065824,118.19,53047,0,2
C-quant,xz,quant-3-bit,quant-3-bit,counts-eu,32,0.250,0.2000,1.0000,0.967259,0.790193,783.506,0.000154,0.010850,-204.078,1.090,3.8,2919218,2823640,450,3573355,41473,0.816940,1204589,1196398,55133,137,457179136,369065824,134.99,115246,0,3
C-quant,xz,quant-int8,quant-int8,counts-eu,32,0.250,0.2000,1.0000,0.964480,0.336627,333.528,0.000167,0.005015,-87.183,1.033,3.9,1247189,1202889,208,3573355,41473,0.349025,447431,446775,11901,137,457179136,369065824,167.41,1670208,2111,0
C-quant,xz,quant-float,quant-float,counts-eu,32,0.250,0.2000,1.0000,0.747692,0.000136,0.125,0.000000,0.000000,-0.045,1.099,10.3,650,486,0,3573355,41473,0.000182,650,486,0,137,457179136,369065824,156.02,3798591,658077,0
C-thresh,xz,ternary-thresh-0.05,ternary-thresh-0.05,counts-eu,32,0.250,0.2000,1.0000,0.948598,0.785385,774.745,0.000145,0.010344,-206.836,1.351,4.7,2958533,2806458,429,3573355,41473,0.827943,1343305,1310612,145361,137,457179136,369065824,128.34,49966,0,5
C-thresh,xz,ternary-thresh-0.10,ternary-thresh-0.10,counts-eu,32,0.250,0.2000,1.0000,0.948809,0.793322,782.622,0.000116,0.008343,-208.910,1.282,4.4,2987768,2834822,346,3573355,41473,0.836124,1312999,1286786,123000,137,457179136,369065824,134.78,50369,0,4
C-thresh,xz,ternary-thresh-0.20,ternary-thresh-0.20,counts-eu,32,0.250,0.2000,1.0000,0.941833,0.783475,771.378,0.000096,0.006848,-207.866,1.316,4.6,2972538,2799634,284,3573355,41473,0.831862,1346396,1309591,131104,137,457179136,369065824,129.40,46368,0,4
C-thresh,xz,ternary-thresh-0.35,ternary-thresh-0.35,counts-eu,32,0.250,0.2000,1.0000,0.937709,0.780665,767.700,0.000117,0.008391,-208.009,1.286,4.4,2974902,2789593,348,3573355,41473,0.832523,1318179,1279740,124751,137,457179136,369065824,117.65,37484,0,5
C-thresh,xz,ternary-thresh-0.50,ternary-thresh-0.50,counts-eu,32,0.250,0.2000,1.0000,0.936072,0.771666,758.491,0.000117,0.008295,-205.971,1.394,4.8,2945751,2757436,344,3573355,41473,0.824366,1375958,1329665,176112,137,457179136,369065824,113.46,27479,0,5
C-int,xz,integer-q8.8-shift,integer-q8.8-shift,counts-eu,32,0.250,0.2000,1.0000,0.946897,0.785789,774.772,0.000148,0.010561,-207.311,1.353,4.7,2965371,2807902,438,3573355,41473,0.829856,1340581,1302492,141602,73,457179136,369065824,128.26,47372,0,5
G,awkhash,counts-eu/window-reward,bitty-4x8-ternary,counts-eu,32,0.250,0.2000,1.0000,0.972641,0.751899,746.612,0.000356,0.016830,-192.918,1.228,4.6,2651505,2578963,944,3429933,56090,0.773049,1342615,1296723,51250,137,457179136,374802688,125.78,36080,0,2
G,awkhash,realized-ev/window-reward,bitty-4x8-ternary,realized-ev,32,0.250,0.2000,1.0000,0.973780,0.751402,746.344,0.000348,0.016438,-192.573,1.265,4.8,2646655,2577259,922,3429933,56090,0.771635,1341441,1297037,47502,137,473956352,374802688,128.71,36080,0,2
G,awkhash,counts-eu/miss-reward,bitty-4x8-ternary,counts-eu,32,0.250,0.2000,1.0000,0.972641,0.751899,746.612,0.000356,0.016830,-192.918,1.228,4.6,2651505,2578963,944,3429933,56090,0.773049,1342615,1296723,51250,137,457179136,374802688,126.38,36080,0,2
G,awkhash,realized-ev/miss-reward-w0.05,bitty-4x8-ternary,realized-ev,32,0.050,0.2000,1.0000,0.704062,0.015529,15.203,0.012108,0.016331,-0.822,1.132,3.7,75651,53263,916,3429933,56090,0.022056,28208,26026,2446,137,473956352,374802688,117.18,36080,0,3
G,awkhash,realized-ev/miss-reward-w0.10,bitty-4x8-ternary,realized-ev,32,0.100,0.2000,1.0000,0.698190,0.009637,9.220,0.018673,0.015760,-1.097,1.126,3.7,47341,33053,884,3429933,56090,0.013802,17382,16047,1429,137,473956352,374802688,119.36,36080,0,0
G,awkhash,realized-ev/miss-reward-w0.25,bitty-4x8-ternary,realized-ev,32,0.250,0.2000,1.0000,0.694084,0.005196,4.623,0.029910,0.013692,-1.592,1.116,3.7,25677,17822,768,3429933,56090,0.007486,9135,8467,707,137,473956352,374802688,107.12,36080,0,0
G,awkhash,realized-ev/miss-reward-w0.50,bitty-4x8-ternary,realized-ev,32,0.500,0.2000,1.0000,0.692724,0.002759,2.147,0.043625,0.010626,-1.731,1.104,3.7,13662,9464,596,3429933,56090,0.003983,4700,4369,358,137,473956352,374802688,110.06,36080,0,0
G,awkhash,realized-ev/miss-reward-w1.00,bitty-4x8-ternary,realized-ev,32,1.000,0.2000,1.0000,0.694539,0.001424,0.798,0.049204,0.006169,-1.848,1.083,3.5,7032,4884,346,3429933,56090,0.002050,2383,2229,165,137,473956352,374802688,112.53,36080,0,0
G,awkhash,realized-ev/miss-reward-w2.00,bitty-4x8-ternary,realized-ev,32,2.000,0.2000,1.0000,0.690761,0.001382,0.145,0.034538,0.004225,-3.794,1.083,3.5,6862,4740,237,3429933,56090,0.002001,2373,2223,165,137,473956352,374802688,106.74,36080,0,0
G,awkhash,realized-ev/miss-reward-w4.00,bitty-4x8-ternary,realized-ev,32,4.000,0.2000,1.0000,0.689802,0.001371,-1.095,0.030227,0.003673,-7.647,1.083,3.5,6815,4701,206,3429933,56090,0.001987,2373,2223,165,137,473956352,374802688,107.57,36080,0,0
G,awkhash,realized-ev/miss-reward-w8.00,bitty-4x8-ternary,realized-ev,32,8.000,0.2000,1.0000,0.689229,0.001366,-3.560,0.027958,0.003387,-15.352,1.084,3.5,6796,4684,190,3429933,56090,0.001981,2373,2223,165,137,473956352,374802688,109.95,36080,0,0
G,awkhash,realized-ev/window-reward-w0.05,bitty-4x8-ternary,realized-ev,32,0.050,0.2000,1.0000,0.964092,0.753996,752.592,0.000374,0.017900,-38.797,1.271,4.8,2682480,2586157,1004,3429933,56090,0.782079,1347196,1301300,65763,137,473956352,374802688,125.15,36080,0,4
G,awkhash,realized-ev/window-reward-w0.25,bitty-4x8-ternary,realized-ev,32,0.250,0.2000,1.0000,0.973780,0.751402,746.344,0.000348,0.016438,-192.573,1.265,4.8,2646655,2577259,922,3429933,56090,0.771635,1341441,1297037,47502,137,473956352,374802688,124.48,36080,0,2
G,awkhash,realized-ev/window-reward-w1.00,bitty-4x8-ternary,realized-ev,32,1.000,0.2000,1.0000,0.989075,0.729072,721.019,0.000276,0.012426,-736.719,1.237,4.6,2528290,2500669,697,3429933,56090,0.737125,1258897,1236735,40416,137,473956352,374802688,126.80,36080,0,1
G,awkhash,realized-ev/window-reward-w4.00,bitty-4x8-ternary,realized-ev,32,4.000,0.2000,1.0000,0.998560,0.702306,698.254,0.000272,0.011678,-2812.320,1.232,4.6,2412336,2408862,655,3429933,56090,0.703319,1160198,1158885,38852,137,473956352,374802688,123.64,36080,0,1
G,awkhash,next-line/miss-reward,-,next-line,32,0.250,0.2000,1.0000,0.276564,0.087449,30.262,0.004056,0.078428,-77.446,9.406,35.9,1084533,299943,4399,3429933,56090,0.316197,0,0,2345400,0,0,0,11.52,0,0,10
G,awkhash,pc-stride/miss-reward,-,pc-stride,32,0.250,0.2000,1.0000,0.228976,0.000080,0.013,0.211490,0.004528,0.005,3.935,10.1,1201,275,254,3429933,56090,0.000350,0,0,558,0,98304,0,7.73,0,0,0
G,awkhash,ghb-gdc/miss-reward,-,ghb-gdc,32,0.250,0.2000,1.0000,0.547227,0.284641,225.763,0.000559,0.017793,-129.674,4.139,15.3,1784081,976298,998,3429933,56090,0.520150,0,0,204724,0,294912,0,17.05,0,0,8
G,awkhash,spp-lite/miss-reward,-,spp-lite,32,0.250,0.2000,1.0000,0.942035,0.233791,230.195,0.002964,0.044981,-61.125,1.309,5.4,851231,801889,2523,3429933,56090,0.248177,0,0,12186,0,262144,0,13.95,0,0,0
G,gcc,counts-eu/window-reward,bitty-4x8-ternary,counts-eu,32,0.250,0.2000,1.0000,0.925329,0.702767,688.589,0.004029,0.293360,-186.045,1.350,5.3,2406855,2227133,9697,3169092,33055,0.759478,1245465,1205938,100959,137,457179136,385236352,109.75,174934,0,1
G,gcc,realized-ev/window-reward,bitty-4x8-ternary,realized-ev,32,0.250,0.2000,1.0000,0.942348,0.681656,671.230,0.004106,0.284768,-177.127,1.371,5.4,2292389,2160229,9413,3169092,33055,0.723358,1224672,1188333,85956,137,473956352,385236352,112.36,174934,0,1
G,gcc,counts-eu/miss-reward,bitty-4x8-ternary,counts-eu,32,0.250,0.2000,1.0000,0.925329,0.702767,688.589,0.004029,0.293360,-186.045,1.350,5.3,2406855,2227133,9697,3169092,33055,0.759478,1245465,1205938,100959,137,457179136,385236352,123.14,174934,0,1
G,gcc,realized-ev/miss-reward-w0.05,bitty-4x8-ternary,realized-ev,32,0.050,0.2000,1.0000,0.821716,0.063594,62.904,0.032537,0.241416,-1.226,1.385,5.8,245261,201535,7980,3169092,33055,0.077392,95690,93185,12923,137,473956352,385236352,101.41,174934,0,1
G,gcc,realized-ev/miss-reward-w0.10,bitty-4x8-ternary,realized-ev,32,0.100,0.2000,1.0000,0.820358,0.042018,41.098,0.046224,0.226985,-2.518,1.387,5.8,162317,133158,7503,3169092,33055,0.051219,62050,60410,7824,137,473956352,385236352,101.29,174934,0,0
G,gcc,realized-ev/miss-reward-w0.25,bitty-4x8-ternary,realized-ev,32,0.250,0.2000,1.0000,0.818969,0.023675,22.367,0.057906,0.160490,-5.135,1.396,5.7,91614,75029,5305,3169092,33055,0.028909,34675,33739,4120,137,473956352,385236352,103.86,174934,0,0
G,gcc,realized-ev/miss-reward-w0.50,bitty-4x8-ternary,realized-ev,32,0.500,0.2000,1.0000,0.820921,0.013412,11.949,0.093808,0.146937,-5.870,1.412,5.7,51776,42504,4857,3169092,33055,0.016338,18734,18233,2297,137,473956352,385236352,102.63,174934,0,0
G,gcc,realized-ev/miss-reward-w1.00,bitty-4x8-ternary,realized-ev,32,1.000,0.2000,1.0000,0.830298,0.007624,6.065,0.154306,0.135834,-6.348,1.356,5.4,29098,24160,4490,3169092,33055,0.009182,9799,9579,1184,137,473956352,385236352,101.80,174934,0,0
G,gcc,realized-ev/miss-reward-w2.00,bitty-4x8-ternary,realized-ev,32,2.000,0.2000,1.0000,0.830272,0.007561,4.469,0.153060,0.133626,-14.031,1.357,5.4,28858,23960,4417,3169092,33055,0.009106,9764,9544,1175,137,473956352,385236352,104.64,174934,0,0
G,gcc,realized-ev/miss-reward-w4.00,bitty-4x8-ternary,realized-ev,32,4.000,0.2000,1.0000,0.829821,0.007516,1.351,0.150253,0.130480,-29.426,1.357,5.4,28705,23820,4313,3169092,33055,0.009058,9746,9526,1152,137,473956352,385236352,104.39,174934,0,0
G,gcc,realized-ev/miss-reward-w8.00,bitty-4x8-ternary,realized-ev,32,8.000,0.2000,1.0000,0.828814,0.007446,-4.858,0.144458,0.124429,-60.194,1.351,5.4,28472,23598,4113,3169092,33055,0.008984,9733,9513,1147,137,473956352,385236352,103.85,174934,0,0
G,gcc,realized-ev/window-reward-w0.05,bitty-4x8-ternary,realized-ev,32,0.050,0.2000,1.0000,0.923035,0.701353,698.429,0.004043,0.294509,-34.766,1.389,5.5,2407984,2222653,9735,3169092,33055,0.759834,1255736,1214075,105282,137,473956352,385236352,117.15,174934,0,1
G,gcc,realized-ev/window-reward-w0.25,bitty-4x8-ternary,realized-ev,32,0.250,0.2000,1.0000,0.942348,0.681656,671.230,0.004106,0.284768,-177.127,1.371,5.4,2292389,2160229,9413,3169092,33055,0.723358,1224672,1188333,85956,137,473956352,385236352,116.12,174934,0,1
G,gcc,realized-ev/window-reward-w1.00,bitty-4x8-ternary,realized-ev,32,1.000,0.2000,1.0000,0.977655,0.635038,620.523,0.004300,0.267796,-643.966,1.324,5.2,2058490,2012493,8852,3169092,33055,0.649552,1158515,1138676,48566,137,473956352,385236352,114.34,174934,0,1
G,gcc,realized-ev/window-reward-w4.00,bitty-4x8-ternary,realized-ev,32,4.000,0.2000,1.0000,0.992571,0.582965,565.512,0.003843,0.216397,-2338.028,1.289,4.8,1861298,1847470,7153,3169092,33055,0.587328,1030251,1027110,28860,137,473956352,385236352,112.87,174934,0,1
G,gcc,next-line/miss-reward,-,next-line,32,0.250,0.2000,1.0000,0.292498,0.094184,37.230,0.015254,0.470912,-74.360,9.168,34.5,1020440,298477,15566,3169092,33055,0.321998,0,0,2148652,0,0,0,11.63,0,0,8
G,gcc,pc-stride/miss-reward,-,pc-stride,32,0.250,0.2000,1.0000,0.149609,0.001328,-0.559,0.055792,0.047497,-1.601,8.881,42.1,28140,4210,1570,3169092,33055,0.008880,0,0,25951,0,98304,0,8.82,0,0,0
G,gcc,ghb-gdc/miss-reward,-,ghb-gdc,32,0.250,0.2000,1.0000,0.576568,0.277832,226.822,0.004446,0.205415,-117.790,3.520,14.8,1527097,880475,6790,3169092,33055,0.481872,0,0,154314,0,294912,0,15.72,0,0,7
G,gcc,spp-lite/miss-reward,-,spp-lite,32,0.250,0.2000,1.0000,0.816369,0.146148,137.930,0.005758,0.098835,-43.467,1.223,6.2,567338,463157,3267,3169092,33055,0.179022,0,0,28622,0,262144,0,12.91,0,0,1
G,python,counts-eu/window-reward,bitty-4x8-ternary,counts-eu,32,0.250,0.2000,1.0000,0.839461,0.464595,442.383,0.006678,0.122696,-133.742,1.631,5.7,1966417,1650730,13131,3553048,107021,0.553445,1307715,1233644,96674,137,457179136,369878080,142.16,474005,0,6
G,python,realized-ev/window-reward,bitty-4x8-ternary,realized-ev,32,0.250,0.2000,1.0000,0.875429,0.452878,436.767,0.006760,0.116099,-124.959,1.640,5.7,1838068,1609098,12425,3553048,107021,0.517321,1279620,1216026,69763,137,473956352,369878080,144.31,474005,0,4
G,python,counts-eu/miss-reward,bitty-4x8-ternary,counts-eu,32,0.250,0.2000,1.0000,0.839461,0.464595,442.383,0.006678,0.122696,-133.742,1.631,5.7,1966417,1650730,13131,3553048,107021,0.553445,1307715,1233644,96674,137,457179136,369878080,144.54,474005,0,6
G,python,realized-ev/miss-reward-w0.05,bitty-4x8-ternary,realized-ev,32,0.050,0.2000,1.0000,0.665252,0.118921,115.929,0.018637,0.110604,-5.440,1.620,5.8,635144,422531,11837,3553048,107021,0.178760,277133,264831,34005,137,473956352,369878080,145.91,474005,0,2
G,python,realized-ev/miss-reward-w0.10,bitty-4x8-ternary,realized-ev,32,0.100,0.2000,1.0000,0.665017,0.083492,79.287,0.024601,0.102541,-9.157,1.604,5.7,446082,296652,10974,3553048,107021,0.125549,189995,181716,21399,137,473956352,369878080,128.92,474005,0,2
G,python,realized-ev/miss-reward-w0.25,bitty-4x8-ternary,realized-ev,32,0.250,0.2000,1.0000,0.665613,0.050150,43.851,0.034651,0.086675,-15.572,1.578,5.6,267699,178184,9276,3553048,107021,0.075343,110852,106046,10929,137,473956352,369878080,133.35,474005,0,0
G,python,realized-ev/miss-reward-w0.50,bitty-4x8-ternary,realized-ev,32,0.500,0.2000,1.0000,0.663307,0.028137,20.996,0.046644,0.065688,-18.242,1.570,5.5,150716,99971,7030,3553048,107021,0.042419,61054,58481,5601,137,473956352,369878080,133.37,474005,0,0
G,python,realized-ev/miss-reward-w1.00,bitty-4x8-ternary,realized-ev,32,1.000,0.2000,1.0000,0.669140,0.015611,7.892,0.064640,0.050065,-20.313,1.545,5.4,82890,55465,5358,3553048,107021,0.023329,32531,31320,2854,137,473956352,369878080,122.94,474005,0,0
G,python,realized-ev/miss-reward-w2.00,bitty-4x8-ternary,realized-ev,32,2.000,0.2000,1.0000,0.665570,0.015141,-0.075,0.051911,0.039207,-41.956,1.542,5.4,80830,53798,4196,3553048,107021,0.022749,32502,31296,2761,137,473956352,369878080,130.10,474005,0,0
G,python,realized-ev/miss-reward-w4.00,bitty-4x8-ternary,realized-ev,32,4.000,0.2000,1.0000,0.663622,0.014967,-15.379,0.046633,0.034918,-84.958,1.544,5.4,80136,53180,3737,3553048,107021,0.022554,32489,31288,2731,137,473956352,369878080,127.32,474005,0,0
G,python,realized-ev/miss-reward-w8.00,bitty-4x8-ternary,realized-ev,32,8.000,0.2000,1.0000,0.662053,0.014850,-45.792,0.042474,0.031629,-170.868,1.547,5.4,79696,52763,3385,3553048,107021,0.022430,32482,31283,2726,137,473956352,369878080,132.37,474005,0,0
G,python,realized-ev/window-reward-w0.05,bitty-4x8-ternary,realized-ev,32,0.050,0.2000,1.0000,0.808982,0.464946,459.456,0.006572,0.125405,-24.770,1.679,5.9,2042041,1651974,13421,3553048,107021,0.574729,1307397,1233730,108488,137,473956352,369878080,143.68,474005,0,4
G,python,realized-ev/window-reward-w0.25,bitty-4x8-ternary,realized-ev,32,0.250,0.2000,1.0000,0.875429,0.452878,436.767,0.006760,0.116099,-124.959,1.640,5.7,1838068,1609098,12425,3553048,107021,0.517321,1279620,1216026,69763,137,473956352,369878080,142.13,474005,0,4
G,python,realized-ev/window-reward-w1.00,bitty-4x8-ternary,realized-ev,32,1.000,0.2000,1.0000,0.941358,0.422169,395.870,0.006465,0.096252,-442.670,1.591,5.5,1593430,1499988,10301,3553048,107021,0.448468,1187547,1152621,40108,137,473956352,369878080,134.84,474005,0,4
G,python,realized-ev/window-reward-w4.00,bitty-4x8-ternary,realized-ev,32,4.000,0.2000,1.0000,0.964179,0.386399,328.977,0.006387,0.084974,-1590.221,1.517,5.3,1423900,1372894,9094,3553048,107021,0.400755,1066772,1052794,28997,137,473956352,369878080,136.45,474005,0,3
G,python,next-line/miss-reward,-,next-line,32,0.250,0.2000,1.0000,0.321187,0.103510,48.819,0.040182,0.429925,-64.381,8.518,31.6,1145053,367776,46011,3553048,107021,0.322273,0,0,2407995,0,0,0,14.39,0,0,10
G,python,pc-stride/miss-reward,-,pc-stride,32,0.250,0.2000,1.0000,0.774886,0.013616,12.628,0.164972,0.096243,-0.769,4.006,18.1,62435,48380,10300,3553048,107021,0.017572,0,0,39514,0,98304,0,10.78,0,0,0
G,python,ghb-gdc/miss-reward,-,ghb-gdc,32,0.250,0.2000,1.0000,0.416719,0.177486,115.380,0.010392,0.146943,-100.946,4.490,16.6,1513293,630618,15726,3553048,107021,0.425914,0,0,144639,0,294912,0,18.50,0,0,9
G,python,spp-lite/miss-reward,-,spp-lite,32,0.250,0.2000,1.0000,0.766307,0.061360,56.682,0.030285,0.080508,-16.987,1.575,6.4,284501,218015,8616,3553048,107021,0.080072,0,0,7828,0,262144,0,14.51,0,0,0
G,sort,counts-eu/window-reward,bitty-4x8-ternary,counts-eu,32,0.250,0.2000,1.0000,0.976994,0.177807,176.760,0.000339,0.006270,-45.421,1.000,3.6,547901,535296,186,3010544,29667,0.181994,172837,172837,15050,137,457179136,391578272,67.90,23259,0,0
G,sort,realized-ev/window-reward,bitty-4x8-ternary,realized-ev,32,0.250,0.2000,1.0000,0.898510,0.195258,189.744,0.000284,0.006270,-54.251,2.773,11.3,654230,587832,186,3010544,29667,0.217313,172837,172837,385615,137,473956352,391578272,70.02,23259,0,1
G,sort,counts-eu/miss-reward,bitty-4x8-ternary,counts-eu,32,0.250,0.2000,1.0000,0.976994,0.177807,176.760,0.000339,0.006270,-45.421,1.000,3.6,547901,535296,186,3010544,29667,0.181994,172837,172837,15050,137,457179136,391578272,66.70,23259,0,0
G,sort,realized-ev/miss-reward-w0.05,bitty-4x8-ternary,realized-ev,32,0.050,0.2000,1.0000,0.351464,0.000307,0.279,0.070749,0.006270,0.021,1.299,6.9,2629,924,186,3010544,29667,0.000873,238,238,1156,137,473956352,391578272,63.94,23259,0,0
G,sort,realized-ev/miss-reward-w0.10,bitty-4x8-ternary,realized-ev,32,0.100,0.2000,1.0000,0.375000,0.000203,0.169,0.113971,0.006270,0.014,1.296,8.0,1632,612,186,3010544,29667,0.000542,136,136,665,137,473956352,391578272,64.38,23259,0,0
G,sort,realized-ev/miss-reward-w0.25,bitty-4x8-ternary,realized-ev,32,0.250,0.2000,1.0000,0.419018,0.000133,0.087,0.194357,0.006270,-0.002,1.212,9.3,957,401,186,3010544,29667,0.000318,68,68,308,137,473956352,391578272,64.82,23259,0,0
G,sort,realized-ev/miss-reward-w0.50,bitty-4x8-ternary,realized-ev,32,0.500,0.2000,1.0000,0.474110,0.000097,0.043,0.300971,0.006270,-0.010,1.109,10.6,618,293,186,3010544,29667,0.000205,34,34,154,137,473956352,391578272,67.42,23259,0,0
G,sort,realized-ev/miss-reward-w1.00,bitty-4x8-ternary,realized-ev,32,1.000,0.2000,1.0000,0.312500,0.000018,-0.022,0.000000,0.000000,-0.058,1.582,6.0,176,55,0,3010544,29667,0.000058,17,17,77,137,473956352,391578272,66.94,23259,0,0
G,sort,realized-ev/miss-reward-w2.00,bitty-4x8-ternary,realized-ev,32,2.000,0.2000,1.0000,0.312500,0.000018,-0.062,0.000000,0.000000,-0.117,1.582,6.0,176,55,0,3010544,29667,0.000058,17,17,77,137,473956352,391578272,64.15,23259,0,0
G,sort,realized-ev/miss-reward-w4.00,bitty-4x8-ternary,realized-ev,32,4.000,0.2000,1.0000,0.312500,0.000018,-0.142,0.000000,0.000000,-0.234,1.582,6.0,176,55,0,3010544,29667,0.000058,17,17,77,137,473956352,391578272,65.31,23259,0,0
G,sort,realized-ev/miss-reward-w8.00,bitty-4x8-ternary,realized-ev,32,8.000,0.2000,1.0000,0.312500,0.000018,-0.303,0.000000,0.000000,-0.468,1.582,6.0,176,55,0,3010544,29667,0.000058,17,17,77,137,473956352,391578272,66.40,23259,0,0
G,sort,realized-ev/window-reward-w0.05,bitty-4x8-ternary,realized-ev,32,0.050,0.2000,1.0000,0.896832,0.195265,194.142,0.000284,0.006270,-10.821,2.773,11.3,655477,587853,186,3010544,29667,0.217727,172837,172837,386392,137,473956352,391578272,71.54,23259,0,1
G,sort,realized-ev/window-reward-w0.25,bitty-4x8-ternary,realized-ev,32,0.250,0.2000,1.0000,0.898510,0.195258,189.744,0.000284,0.006270,-54.251,2.773,11.3,654230,587832,186,3010544,29667,0.217313,172837,172837,385615,137,473956352,391578272,68.59,23259,0,1
G,sort,realized-ev/window-reward-w1.00,bitty-4x8-ternary,realized-ev,32,1.000,0.2000,1.0000,0.999609,0.173070,173.002,0.000000,0.000000,-173.137,1.001,3.4,521238,521034,0,3010544,29667,0.173137,172837,172837,256,137,473956352,391578272,66.56,23259,0,0
G,sort,realized-ev/window-reward-w4.00,bitty-4x8-ternary,realized-ev,32,4.000,0.2000,1.0000,0.999681,0.173058,172.837,0.000000,0.000000,-692.452,1.000,3.4,521164,520998,0,3010544,29667,0.173113,172837,172837,101,137,473956352,391578272,66.17,23259,0,0
G,sort,next-line/miss-reward,-,next-line,32,0.250,0.2000,1.0000,0.392718,0.101422,62.213,0.015766,0.413186,-59.474,14.028,60.9,777490,305334,12258,3010544,29667,0.258256,0,0,2233054,0,0,0,9.76,0,0,5
G,sort,pc-stride/miss-reward,-,pc-stride,32,0.250,0.2000,1.0000,0.000000,0.000000,-0.019,0.000000,0.000000,-0.019,0.000,0.0,229,0,0,3010544,29667,0.000076,0,0,0,0,98304,0,6.70,0,0,0
G,sort,ghb-gdc/miss-reward,-,ghb-gdc,32,0.250,0.2000,1.0000,0.881052,0.693006,669.616,0.000028,0.002258,-196.614,3.056,13.0,2367993,2086325,67,3010544,29667,0.786566,0,0,332940,0,294912,0,16.44,0,0,4
G,sort,spp-lite/miss-reward,-,spp-lite,32,0.250,0.2000,1.0000,0.903732,0.128472,125.050,0.000061,0.000876,-35.528,1.798,7.3,427970,386770,26,3010544,29667,0.142157,0,0,146027,0,262144,0,10.10,0,0,2
G,tsort,counts-eu/window-reward,bitty-4x8-ternary,counts-eu,32,0.250,0.2000,1.0000,0.946741,0.664663,655.316,0.009625,0.219762,-167.066,1.089,4.4,2224408,2105939,21411,3168430,97428,0.702054,951640,934724,33074,137,457179136,385262816,105.70,35949,0,3
G,tsort,realized-ev/window-reward,bitty-4x8-ternary,realized-ev,32,0.250,0.2000,1.0000,0.950389,0.663315,654.658,0.009496,0.215544,-166.200,1.132,4.5,2211375,2101666,21000,3168430,97428,0.697940,954618,937107,36207,137,473956352,385262816,107.43,35949,0,2
G,tsort,counts-eu/miss-reward,bitty-4x8-ternary,counts-eu,32,0.250,0.2000,1.0000,0.946741,0.664663,655.316,0.009625,0.219762,-167.066,1.089,4.4,2224408,2105939,21411,3168430,97428,0.702054,951640,934724,33074,137,457179136,385262816,106.45,35949,0,3
G,tsort,realized-ev/miss-reward-w0.05,bitty-4x8-ternary,realized-ev,32,0.050,0.2000,1.0000,0.621451,0.023210,22.503,0.152523,0.185255,4.114,1.127,4.4,118336,73540,18049,3168430,97428,0.037348,24297,23648,1777,137,473956352,385262816,98.41,35949,0,0
G,tsort,realized-ev/miss-reward-w0.10,bitty-4x8-ternary,realized-ev,32,0.100,0.2000,1.0000,0.627354,0.017003,15.993,0.202690,0.178655,3.333,1.093,4.3,85875,53874,17406,3168430,97428,0.027103,15108,14707,1020,137,473956352,385262816,110.52,35949,0,0
G,tsort,realized-ev/miss-reward-w0.25,bitty-4x8-ternary,realized-ev,32,0.250,0.2000,1.0000,0.645104,0.009235,7.965,0.250700,0.116712,0.907,1.083,3.9,45357,29260,11371,3168430,97428,0.014315,8089,7879,457,137,473956352,385262816,99.48,35949,0,0
G,tsort,realized-ev/miss-reward-w0.50,bitty-4x8-ternary,realized-ev,32,0.500,0.2000,1.0000,0.693810,0.005292,4.124,0.324106,0.080398,-0.106,1.069,3.4,24168,16768,7833,3168430,97428,0.007628,4166,4063,228,137,473956352,385262816,96.42,35949,0,0
G,tsort,realized-ev/miss-reward-w1.00,bitty-4x8-ternary,realized-ev,32,1.000,0.2000,1.0000,0.751684,0.003664,2.454,0.459596,0.072854,-0.394,1.044,2.9,15444,11609,7098,3168430,97428,0.004874,2133,2080,95,137,473956352,385262816,98.56,35949,0,0
G,tsort,realized-ev/miss-reward-w2.00,bitty-4x8-ternary,realized-ev,32,2.000,0.2000,1.0000,0.752999,0.003606,1.240,0.458679,0.071437,-2.988,1.045,2.9,15174,11426,6960,3168430,97428,0.004789,2133,2080,94,137,473956352,385262816,97.30,35949,0,0
G,tsort,realized-ev/miss-reward-w4.00,bitty-4x8-ternary,realized-ev,32,4.000,0.2000,1.0000,0.752560,0.003572,-1.126,0.456510,0.070462,-8.151,1.045,2.9,15038,11317,6865,3168430,97428,0.004746,2133,2080,94,137,473956352,385262816,97.25,35949,0,0
G,tsort,realized-ev/miss-reward-w8.00,bitty-4x8-ternary,realized-ev,32,8.000,0.2000,1.0000,0.581112,0.001458,-6.952,0.021756,0.001776,-19.587,1.110,4.2,7952,4621,173,3168430,97428,0.002510,2133,2080,94,137,473956352,385262816,91.95,35949,0,0
G,tsort,realized-ev/window-reward-w0.05,bitty-4x8-ternary,realized-ev,32,0.050,0.2000,1.0000,0.928033,0.668340,665.748,0.009501,0.222523,-28.824,1.147,4.6,2281802,2117587,21680,3168430,97428,0.720168,954688,937148,39903,137,473956352,385262816,106.42,35949,0,3
G,tsort,realized-ev/window-reward-w0.25,bitty-4x8-ternary,realized-ev,32,0.250,0.2000,1.0000,0.950389,0.663315,654.658,0.009496,0.215544,-166.200,1.132,4.5,2211375,2101666,21000,3168430,97428,0.697940,954618,937107,36207,137,473956352,385262816,106.04,35949,0,2
G,tsort,realized-ev/window-reward-w1.00,bitty-4x8-ternary,realized-ev,32,1.000,0.2000,1.0000,0.992375,0.616543,611.805,0.004507,0.091052,-615.680,1.065,4.3,1968482,1953472,8871,3168430,97428,0.621280,897804,895175,14382,137,473956352,385262816,103.03,35949,0,0
G,tsort,realized-ev/window-reward-w4.00,bitty-4x8-ternary,realized-ev,32,4.000,0.2000,1.0000,0.997251,0.607535,600.836,0.003851,0.076292,-2425.109,1.051,4.3,1930238,1924932,7433,3168430,97428,0.609210,887994,887524,10556,137,473956352,385262816,102.51,35949,0,0
G,tsort,next-line/miss-reward,-,next-line,32,0.250,0.2000,1.0000,0.297912,0.094155,38.681,0.032780,0.336915,-66.062,9.662,44.0,1001382,298324,32825,3168430,97428,0.316050,0,0,2167048,0,0,0,10.52,0,0,9
G,tsort,pc-stride/miss-reward,-,pc-stride,32,0.250,0.2000,1.0000,0.001318,0.000006,-1.189,0.000132,0.000021,-1.196,3.150,14.2,15170,20,2,3168430,97428,0.004788,0,0,11166,0,98304,0,7.56,0,0,0
G,tsort,ghb-gdc/miss-reward,-,ghb-gdc,32,0.250,0.2000,1.0000,0.588614,0.314311,259.392,0.001550,0.026912,-132.462,3.800,16.7,1691893,995872,2622,3168430,97428,0.533985,0,0,228805,0,294912,0,15.67,0,0,7
G,tsort,spp-lite/miss-reward,-,spp-lite,32,0.250,0.2000,1.0000,0.873402,0.251245,242.141,0.020185,0.188827,-64.658,1.448,6.9,911439,796053,18397,3168430,97428,0.287663,0,0,40273,0,262144,0,13.14,0,0,3
G,xz,counts-eu/window-reward,bitty-4x8-ternary,counts-eu,32,0.250,0.2000,1.0000,0.941833,0.783475,771.378,0.000096,0.006848,-207.866,1.316,4.6,2972538,2799634,284,3573355,41473,0.831862,1346396,1309591,131104,137,457179136,369065824,130.22,46368,0,4
G,xz,realized-ev/window-reward,bitty-4x8-ternary,realized-ev,32,0.250,0.2000,1.0000,0.948845,0.780507,769.987,0.000097,0.006848,-205.547,1.324,4.7,2939391,2789027,284,3573355,41473,0.822586,1346659,1309984,118955,137,473956352,369065824,133.31,46368,0,3
G,xz,counts-eu/miss-reward,bitty-4x8-ternary,counts-eu,32,0.250,0.2000,1.0000,0.941833,0.783475,771.378,0.000096,0.006848,-207.866,1.316,4.6,2972538,2799634,284,3573355,41473,0.831862,1346396,1309591,131104,137,457179136,369065824,132.52,46368,0,4
G,xz,realized-ev/miss-reward-w0.05,bitty-4x8-ternary,realized-ev,32,0.050,0.2000,1.0000,0.812026,0.037013,36.585,0.001523,0.005980,-2.206,1.200,4.1,162879,132262,248,3573355,41473,0.045582,58383,57823,2770,137,473956352,369065824,126.59,46368,0,0
G,xz,realized-ev/miss-reward-w0.10,bitty-4x8-ternary,realized-ev,32,0.100,0.2000,1.0000,0.809514,0.022573,22.041,0.002409,0.005787,-2.715,1.198,4.1,99640,80660,240,3573355,41473,0.027884,35673,35325,1549,137,473956352,369065824,126.77,46368,0,0
G,xz,realized-ev/miss-reward-w0.25,bitty-4x8-ternary,realized-ev,32,0.250,0.2000,1.0000,0.805885,0.011896,11.179,0.004436,0.005642,-3.608,1.199,4.1,52747,42508,234,3573355,41473,0.014761,18815,18625,732,137,473956352,369065824,118.32,46368,0,0
G,xz,realized-ev/miss-reward-w0.50,bitty-4x8-ternary,realized-ev,32,0.500,0.2000,1.0000,0.804043,0.006166,5.415,0.008356,0.005522,-3.738,1.202,4.1,27404,22034,229,3573355,41473,0.007669,9718,9630,344,137,473956352,369065824,118.72,46368,0,0
G,xz,realized-ev/miss-reward-w1.00,bitty-4x8-ternary,realized-ev,32,1.000,0.2000,1.0000,0.805406,0.003185,2.416,0.016204,0.005522,-3.827,1.158,3.9,14132,11382,229,3573355,41473,0.003955,4971,4915,133,137,473956352,369065824,120.24,46368,0,0
G,xz,realized-ev/miss-reward-w2.00,bitty-4x8-ternary,realized-ev,32,2.000,0.2000,1.0000,0.805392,0.003185,1.646,0.016206,0.005522,-7.717,1.159,3.9,14131,11381,229,3573355,41473,0.003955,4971,4915,133,137,473956352,369065824,116.20,46368,0,0
G,xz,realized-ev/miss-reward-w4.00,bitty-4x8-ternary,realized-ev,32,4.000,0.2000,1.0000,0.805392,0.003185,0.107,0.016206,0.005522,-15.498,1.159,3.9,14131,11381,229,3573355,41473,0.003955,4971,4915,133,137,473956352,369065824,117.11,46368,0,0
G,xz,realized-ev/miss-reward-w8.00,bitty-4x8-ternary,realized-ev,32,8.000,0.2000,1.0000,0.805392,0.003185,-2.972,0.016206,0.005522,-31.060,1.159,3.9,14131,11381,229,3573355,41473,0.003955,4971,4915,133,137,473956352,369065824,115.37,46368,0,0
G,xz,realized-ev/window-reward-w0.05,bitty-4x8-ternary,realized-ev,32,0.050,0.2000,1.0000,0.933200,0.784725,781.917,0.000096,0.006968,-41.960,1.331,4.7,3004823,2804102,289,3573355,41473,0.840897,1347389,1310573,132223,137,473956352,369065824,133.94,46368,0,4
G,xz,realized-ev/window-reward-w0.25,bitty-4x8-ternary,realized-ev,32,0.250,0.2000,1.0000,0.948845,0.780507,769.987,0.000097,0.006848,-205.547,1.324,4.7,2939391,2789027,284,3573355,41473,0.822586,1346659,1309984,118955,137,473956352,369065824,132.83,46368,0,3
G,xz,realized-ev/window-reward-w1.00,bitty-4x8-ternary,realized-ev,32,1.000,0.2000,1.0000,0.980750,0.740547,726.012,0.000099,0.006462,-754.932,1.307,4.6,2698176,2646237,268,3573355,41473,0.755082,1300194,1280983,79892,137,473956352,369065824,131.71,46368,0,3
G,xz,realized-ev/window-reward-w4.00,bitty-4x8-ternary,realized-ev,32,4.000,0.2000,1.0000,0.996481,0.688641,678.914,0.000104,0.006221,-2763.929,1.239,4.3,2469447,2460758,258,3573355,41473,0.691072,1215775,1214301,58499,137,473956352,369065824,131.55,46368,0,2
G,xz,next-line/miss-reward,-,next-line,32,0.250,0.2000,1.0000,0.359128,0.097679,54.101,0.001375,0.032214,-67.530,8.834,31.5,971911,349040,1336,3573355,41473,0.271988,0,0,2601444,0,0,0,12.06,0,0,4
G,xz,pc-stride/miss-reward,-,pc-stride,32,0.250,0.2000,1.0000,0.925144,0.000135,0.132,0.493282,0.006197,0.053,7.994,20.0,521,482,257,3573355,41473,0.000146,0,0,482,0,98304,0,7.23,0,0,0
G,xz,ghb-gdc/miss-reward,-,ghb-gdc,32,0.250,0.2000,1.0000,0.599788,0.292722,243.892,0.000447,0.018807,-121.738,3.984,15.3,1743947,1045999,780,3573355,41473,0.488042,0,0,366469,0,294912,0,17.53,0,0,4
G,xz,spp-lite/miss-reward,-,spp-lite,32,0.250,0.2000,1.0000,0.896488,0.298842,290.215,0.000411,0.011815,-83.165,1.688,6.3,1191168,1067868,490,3573355,41473,0.333347,0,0,105509,0,262144,0,15.52,0,0,2
H,awkhash,horizon-1/window-reward,bitty-4x8-ternary,horizon-1/window-reward,32,0.250,0.2000,1.0000,0.972641,0.751899,746.612,0.000356,0.016830,-192.918,1.228,4.6,2651505,2578963,944,3429933,56090,0.773049,1342615,1296723,51250,137,457179136,374802688,121.81,36080,0,2
H,awkhash,horizon-1/miss-reward,bitty-4x8-ternary,horizon-1/miss-reward,32,0.250,0.2000,1.0000,0.972641,0.751899,746.612,0.000356,0.016830,-192.918,1.228,4.6,2651505,2578963,944,3429933,56090,0.773049,1342615,1296723,51250,137,457179136,374802688,129.16,36080,0,2
H,awkhash,horizon-2/window-reward,bitty-4x8-ternary,horizon-2/window-reward,32,0.250,0.2000,1.0000,0.974773,0.650531,646.322,0.000335,0.013674,-166.562,1.862,7.0,2289023,2231277,767,3429933,56090,0.667367,1131612,1095758,405316,137,457179136,374802688,126.93,36080,0,1
H,awkhash,horizon-2/miss-reward,bitty-4x8-ternary,horizon-2/miss-reward,32,0.250,0.2000,1.0000,0.974773,0.650531,646.322,0.000335,0.013674,-166.562,1.862,7.0,2289023,2231277,767,3429933,56090,0.667367,1131612,1095758,405316,137,457179136,374802688,124.56,36080,0,1
H,awkhash,horizon-4/window-reward,bitty-4x8-ternary,horizon-4/window-reward,32,0.250,0.2000,1.0000,0.971667,0.487207,483.656,0.000405,0.012426,-125.099,3.116,11.5,1719816,1671088,697,3429933,56090,0.501414,711215,696125,882964,137,457179136,374802688,124.46,36080,0,3
H,awkhash,horizon-4/miss-reward,bitty-4x8-ternary,horizon-4/miss-reward,32,0.250,0.2000,1.0000,0.971667,0.487207,483.656,0.000405,0.012426,-125.099,3.116,11.5,1719816,1671088,697,3429933,56090,0.501414,711215,696125,882964,137,457179136,374802688,125.88,36080,0,3
H,awkhash,horizon-8/window-reward,bitty-4x8-ternary,horizon-8/window-reward,32,0.250,0.2000,1.0000,0.970682,0.391807,388.849,0.000491,0.012123,-100.662,5.974,21.4,1384461,1343872,680,3429933,56090,0.403641,516376,510483,1111392,137,457179136,374802688,124.58,36080,0,4
H,awkhash,horizon-8/miss-reward,bitty-4x8-ternary,horizon-8/miss-reward,32,0.250,0.2000,1.0000,0.970682,0.391807,388.849,0.000491,0.012123,-100.662,5.974,21.4,1384461,1343872,680,3429933,56090,0.403641,516376,510483,1111392,137,457179136,374802688,125.90,36080,0,4
H,awkhash,horizon-16/window-reward,bitty-4x8-ternary,horizon-16/window-reward,32,0.250,0.2000,1.0000,0.970358,0.318816,316.381,0.000477,0.009592,-81.943,10.944,38.0,1126922,1093518,538,3429933,56090,0.328555,265692,263875,1265297,137,457179136,374802688,123.96,36080,0,8
H,awkhash,horizon-16/miss-reward,bitty-4x8-ternary,horizon-16/miss-reward,32,0.250,0.2000,1.0000,0.970358,0.318816,316.381,0.000477,0.009592,-81.943,10.944,38.0,1126922,1093518,538,3429933,56090,0.328555,265692,263875,1265297,137,457179136,374802688,124.44,36080,0,8
H,awkhash,horizon-32/window-reward,bitty-4x8-ternary,horizon-32/window-reward,32,0.250,0.2000,1.0000,0.935363,0.271943,267.245,0.000187,0.003316,-72.616,18.270,63.2,997203,932747,186,3429933,56090,0.290735,295667,295512,1390309,137,457179136,374802688,125.79,36080,0,15
H,awkhash,horizon-32/miss-reward,bitty-4x8-ternary,horizon-32/miss-reward,32,0.250,0.2000,1.0000,0.935363,0.271943,267.245,0.000187,0.003316,-72.616,18.270,63.2,997203,932747,186,3429933,56090,0.290735,295667,295512,1390309,137,457179136,374802688,126.63,36080,0,15
H,gcc,horizon-1/window-reward,bitty-4x8-ternary,horizon-1/window-reward,32,0.250,0.2000,1.0000,0.925329,0.702767,688.589,0.004029,0.293360,-186.045,1.350,5.3,2406855,2227133,9697,3169092,33055,0.759478,1245465,1205938,100959,137,457179136,385236352,116.29,174934,0,1
H,gcc,horizon-1/miss-reward,bitty-4x8-ternary,horizon-1/miss-reward,32,0.250,0.2000,1.0000,0.925329,0.702767,688.589,0.004029,0.293360,-186.045,1.350,5.3,2406855,2227133,9697,3169092,33055,0.759478,1245465,1205938,100959,137,457179136,385236352,112.46,174934,0,1
H,gcc,horizon-2/window-reward,bitty-4x8-ternary,horizon-2/window-reward,32,0.250,0.2000,1.0000,0.905521,0.583102,567.892,0.005122,0.316231,-156.862,1.906,8.1,2040707,1847904,10453,3169092,33055,0.643941,898256,872728,413109,137,457179136,385236352,111.94,174934,0,1
H,gcc,horizon-2/miss-reward,bitty-4x8-ternary,horizon-2/miss-reward,32,0.250,0.2000,1.0000,0.905521,0.583102,567.892,0.005122,0.316231,-156.862,1.906,8.1,2040707,1847904,10453,3169092,33055,0.643941,898256,872728,413109,137,457179136,385236352,112.49,174934,0,1
H,gcc,horizon-4/window-reward,bitty-4x8-ternary,horizon-4/window-reward,32,0.250,0.2000,1.0000,0.876648,0.445414,429.746,0.007789,0.379428,-122.075,3.308,14.2,1610176,1411558,12542,3169092,33055,0.508087,531955,524969,747682,137,457179136,385236352,111.77,174934,0,1
H,gcc,horizon-4/miss-reward,bitty-4x8-ternary,horizon-4/miss-reward,32,0.250,0.2000,1.0000,0.876648,0.445414,429.746,0.007789,0.379428,-122.075,3.308,14.2,1610176,1411558,12542,3169092,33055,0.508087,531955,524969,747682,137,457179136,385236352,115.81,174934,0,1
H,gcc,horizon-8/window-reward,bitty-4x8-ternary,horizon-8/window-reward,32,0.250,0.2000,1.0000,0.857168,0.374246,358.656,0.003652,0.152866,-107.159,6.071,25.4,1383649,1186020,5053,3169092,33055,0.436607,430682,427054,863605,137,457179136,385236352,114.99,174934,0,1
H,gcc,horizon-8/miss-reward,bitty-4x8-ternary,horizon-8/miss-reward,32,0.250,0.2000,1.0000,0.857168,0.374246,358.656,0.003652,0.152866,-107.159,6.071,25.4,1383649,1186020,5053,3169092,33055,0.436607,430682,427054,863605,137,457179136,385236352,112.45,174934,0,1
H,gcc,horizon-16/window-reward,bitty-4x8-ternary,horizon-16/window-reward,32,0.250,0.2000,1.0000,0.850546,0.340280,325.332,0.004584,0.175828,-97.726,9.947,39.2,1267868,1078380,5812,3169092,33055,0.400073,385041,380244,996260,137,457179136,385236352,113.73,174934,0,1
H,gcc,horizon-16/miss-reward,bitty-4x8-ternary,horizon-16/miss-reward,32,0.250,0.2000,1.0000,0.850546,0.340280,325.332,0.004584,0.175828,-97.726,9.947,39.2,1267868,1078380,5812,3169092,33055,0.400073,385041,380244,996260,137,457179136,385236352,113.10,174934,0,1
H,gcc,horizon-32/window-reward,bitty-4x8-ternary,horizon-32/window-reward,32,0.250,0.2000,1.0000,0.793637,0.294386,275.249,0.003970,0.141189,-90.892,15.446,58.0,1175518,932935,4667,3169092,33055,0.370932,357381,352431,1002837,137,457179136,385236352,113.53,174929,0,6
H,gcc,horizon-32/miss-reward,bitty-4x8-ternary,horizon-32/miss-reward,32,0.250,0.2000,1.0000,0.793637,0.294386,275.249,0.003970,0.141189,-90.892,15.446,58.0,1175518,932935,4667,3169092,33055,0.370932,357381,352431,1002837,137,457179136,385236352,116.33,174929,0,6
H,python,horizon-1/window-reward,bitty-4x8-ternary,horizon-1/window-reward,32,0.250,0.2000,1.0000,0.839461,0.464595,442.383,0.006678,0.122696,-133.742,1.631,5.7,1966417,1650730,13131,3553048,107021,0.553445,1307715,1233644,96674,137,457179136,369878080,132.50,474005,0,6
H,python,horizon-1/miss-reward,bitty-4x8-ternary,horizon-1/miss-reward,32,0.250,0.2000,1.0000,0.839461,0.464595,442.383,0.006678,0.122696,-133.742,1.631,5.7,1966417,1650730,13131,3553048,107021,0.553445,1307715,1233644,96674,137,457179136,369878080,137.48,474005,0,6
H,python,horizon-2/window-reward,bitty-4x8-ternary,horizon-2/window-reward,32,0.250,0.2000,1.0000,0.814364,0.395866,373.306,0.011343,0.183058,-114.634,1.995,7.4,1727151,1406530,19591,3553048,107021,0.486104,1006802,962773,250875,137,457179136,369878080,134.99,474005,0,9
H,python,horizon-2/miss-reward,bitty-4x8-ternary,horizon-2/miss-reward,32,0.250,0.2000,1.0000,0.814364,0.395866,373.306,0.011343,0.183058,-114.634,1.995,7.4,1727151,1406530,19591,3553048,107021,0.486104,1006802,962773,250875,137,457179136,369878080,131.65,474005,0,9
H,python,horizon-4/window-reward,bitty-4x8-ternary,horizon-4/window-reward,32,0.250,0.2000,1.0000,0.755754,0.301034,276.712,0.014248,0.188421,-92.487,2.976,11.4,1415263,1069590,20165,3553048,107021,0.398324,646396,621132,516067,137,457179136,369878080,136.67,474005,0,10
H,python,horizon-4/miss-reward,bitty-4x8-ternary,horizon-4/miss-reward,32,0.250,0.2000,1.0000,0.755754,0.301034,276.712,0.014248,0.188421,-92.487,2.976,11.4,1415263,1069590,20165,3553048,107021,0.398324,646396,621132,516067,137,457179136,369878080,138.94,474005,0,10
H,python,horizon-8/window-reward,bitty-4x8-ternary,horizon-8/window-reward,32,0.250,0.2000,1.0000,0.710092,0.249668,224.185,0.016326,0.190570,-80.725,4.872,18.9,1249251,887083,20395,3553048,107021,0.351600,499570,485594,566767,137,457179136,369878080,138.80,474005,0,13
H,python,horizon-8/miss-reward,bitty-4x8-ternary,horizon-8/miss-reward,32,0.250,0.2000,1.0000,0.710092,0.249668,224.185,0.016326,0.190570,-80.725,4.872,18.9,1249251,887083,20395,3553048,107021,0.351600,499570,485594,566767,137,457179136,369878080,132.22,474005,0,13
H,python,horizon-16/window-reward,bitty-4x8-ternary,horizon-16/window-reward,32,0.250,0.2000,1.0000,0.684793,0.223443,197.730,0.020299,0.219891,-73.294,8.159,31.9,1159331,793902,23533,3553048,107021,0.326292,437622,426781,660220,137,457179136,369878080,131.99,474005,0,10
H,python,horizon-16/miss-reward,bitty-4x8-ternary,horizon-16/miss-reward,32,0.250,0.2000,1.0000,0.684793,0.223443,197.730,0.020299,0.219891,-73.294,8.159,31.9,1159331,793902,23533,3553048,107021,0.326292,437622,426781,660220,137,457179136,369878080,135.08,474005,0,10
H,python,horizon-32/window-reward,bitty-4x8-ternary,horizon-32/window-reward,32,0.250,0.2000,1.0000,0.577094,0.157296,128.478,0.016114,0.145813,-62.651,14.747,57.3,968437,558879,15605,3553048,107021,0.272565,301510,277195,771864,137,457179136,369878080,137.16,474005,0,13
H,python,horizon-32/miss-reward,bitty-4x8-ternary,horizon-32/miss-reward,32,0.250,0.2000,1.0000,0.577094,0.157296,128.478,0.016114,0.145813,-62.651,14.747,57.3,968437,558879,15605,3553048,107021,0.272565,301510,277195,771864,137,457179136,369878080,133.45,474005,0,13
H,sort,horizon-1/window-reward,bitty-4x8-ternary,horizon-1/window-reward,32,0.250,0.2000,1.0000,0.976994,0.177807,176.760,0.000339,0.006270,-45.421,1.000,3.6,547901,535296,186,3010544,29667,0.181994,172837,172837,15050,137,457179136,391578272,67.65,23259,0,0
H,sort,horizon-1/miss-reward,bitty-4x8-ternary,horizon-1/miss-reward,32,0.250,0.2000,1.0000,0.976994,0.177807,176.760,0.000339,0.006270,-45.421,1.000,3.6,547901,535296,186,3010544,29667,0.181994,172837,172837,15050,137,457179136,391578272,69.36,23259,0,0
H,sort,horizon-2/window-reward,bitty-4x8-ternary,horizon-2/window-reward,32,0.250,0.2000,1.0000,0.973327,0.817836,812.233,0.000000,0.000000,-210.062,3.433,14.7,2529605,2462132,0,3010544,29667,0.840248,2074654,2041480,134972,137,457179136,391578272,70.94,23259,0,2
H,sort,horizon-2/miss-reward,bitty-4x8-ternary,horizon-2/miss-reward,32,0.250,0.2000,1.0000,0.973327,0.817836,812.233,0.000000,0.000000,-210.062,3.433,14.7,2529605,2462132,0,3010544,29667,0.840248,2074654,2041480,134972,137,457179136,391578272,71.78,23259,0,2
H,sort,horizon-4/window-reward,bitty-4x8-ternary,horizon-4/window-reward,32,0.250,0.2000,1.0000,0.980668,0.764968,761.198,0.000000,0.000000,-195.012,3.502,14.8,2348369,2302971,0,3010544,29667,0.780048,2136466,2103593,212524,137,457179136,391578272,71.14,23259,0,2
H,sort,horizon-4/miss-reward,bitty-4x8-ternary,horizon-4/miss-reward,32,0.250,0.2000,1.0000,0.980668,0.764968,761.198,0.000000,0.000000,-195.012,3.502,14.8,2348369,2302971,0,3010544,29667,0.780048,2136466,2103593,212524,137,457179136,391578272,72.38,23259,0,2
H,sort,horizon-8/window-reward,bitty-4x8-ternary,horizon-8/window-reward,32,0.250,0.2000,1.0000,0.975788,0.626825,622.936,0.000000,0.000000,-160.594,3.562,14.9,1933906,1887083,0,3010544,29667,0.642378,1686049,1666274,481371,137,457179136,391578272,72.59,23259,0,2
H,sort,horizon-8/miss-reward,bitty-4x8-ternary,horizon-8/miss-reward,32,0.250,0.2000,1.0000,0.975788,0.626825,622.936,0.000000,0.000000,-160.594,3.562,14.9,1933906,1887083,0,3010544,29667,0.642378,1686049,1666274,481371,137,457179136,391578272,73.63,23259,0,2
H,sort,horizon-16/window-reward,bitty-4x8-ternary,horizon-16/window-reward,32,0.250,0.2000,1.0000,0.961010,0.393580,389.588,0.000000,0.000000,-102.387,4.377,18.5,1232962,1184889,0,3010544,29667,0.409548,929898,924330,353782,137,457179136,391578272,71.17,23259,0,3
H,sort,horizon-16/miss-reward,bitty-4x8-ternary,horizon-16/miss-reward,32,0.250,0.2000,1.0000,0.961010,0.393580,389.588,0.000000,0.000000,-102.387,4.377,18.5,1232962,1184889,0,3010544,29667,0.409548,929898,924330,353782,137,457179136,391578272,72.33,23259,0,3
H,sort,horizon-32/window-reward,bitty-4x8-ternary,horizon-32/window-reward,32,0.250,0.2000,1.0000,0.905245,0.276174,268.947,0.000076,0.002360,-76.241,9.273,39.3,918463,831434,70,3010544,29667,0.305082,690807,668104,439301,137,457179136,391578272,71.12,23259,0,1
H,sort,horizon-32/miss-reward,bitty-4x8-ternary,horizon-32/miss-reward,32,0.250,0.2000,1.0000,0.905245,0.276174,268.947,0.000076,0.002360,-76.241,9.273,39.3,918463,831434,70,3010544,29667,0.305082,690807,668104,439301,137,457179136,391578272,71.77,23259,0,1
H,tsort,horizon-1/window-reward,bitty-4x8-ternary,horizon-1/window-reward,32,0.250,0.2000,1.0000,0.946741,0.664663,655.316,0.009625,0.219762,-167.066,1.089,4.4,2224408,2105939,21411,3168430,97428,0.702054,951640,934724,33074,137,457179136,385262816,104.67,35949,0,3
H,tsort,horizon-1/miss-reward,bitty-4x8-ternary,horizon-1/miss-reward,32,0.250,0.2000,1.0000,0.946741,0.664663,655.316,0.009625,0.219762,-167.066,1.089,4.4,2224408,2105939,21411,3168430,97428,0.702054,951640,934724,33074,137,457179136,385262816,106.87,35949,0,3
H,tsort,horizon-2/window-reward,bitty-4x8-ternary,horizon-2/window-reward,32,0.250,0.2000,1.0000,0.957531,0.624753,617.826,0.000226,0.004793,-162.931,1.724,7.1,2067282,1979486,467,3168430,97428,0.652463,932015,912582,200109,137,457179136,385262816,104.25,35949,0,3
H,tsort,horizon-2/miss-reward,bitty-4x8-ternary,horizon-2/miss-reward,32,0.250,0.2000,1.0000,0.957531,0.624753,617.826,0.000226,0.004793,-162.931,1.724,7.1,2067282,1979486,467,3168430,97428,0.652463,932015,912582,200109,137,457179136,385262816,103.21,35949,0,3
H,tsort,horizon-4/window-reward,bitty-4x8-ternary,horizon-4/window-reward,32,0.250,0.2000,1.0000,0.936921,0.514139,505.486,0.019143,0.341627,-124.057,3.171,13.7,1738688,1629014,33284,3168430,97428,0.548754,531245,530791,564420,137,457179136,385262816,105.21,35949,0,5
H,tsort,horizon-4/miss-reward,bitty-4x8-ternary,horizon-4/miss-reward,32,0.250,0.2000,1.0000,0.936921,0.514139,505.486,0.019143,0.341627,-124.057,3.171,13.7,1738688,1629014,33284,3168430,97428,0.548754,531245,530791,564420,137,457179136,385262816,107.14,35949,0,5
H,tsort,horizon-8/window-reward,bitty-4x8-ternary,horizon-8/window-reward,32,0.250,0.2000,1.0000,0.931989,0.462066,453.637,0.000668,0.010767,-123.532,5.825,23.6,1570860,1464025,1049,3168430,97428,0.495785,636572,608129,631810,137,457179136,385262816,106.24,35949,0,5
H,tsort,horizon-8/miss-reward,bitty-4x8-ternary,horizon-8/miss-reward,32,0.250,0.2000,1.0000,0.931989,0.462066,453.637,0.000668,0.010767,-123.532,5.825,23.6,1570860,1464025,1049,3168430,97428,0.495785,636572,608129,631810,137,457179136,385262816,107.15,35949,0,5
H,tsort,horizon-16/window-reward,bitty-4x8-ternary,horizon-16/window-reward,32,0.250,0.2000,1.0000,0.899887,0.344236,334.662,0.003294,0.040974,-94.058,9.404,38.7,1212027,1090687,3992,3168430,97428,0.382532,435572,422536,937734,137,457179136,385262816,106.27,35949,0,3
H,tsort,horizon-16/miss-reward,bitty-4x8-ternary,horizon-16/miss-reward,32,0.250,0.2000,1.0000,0.899887,0.344236,334.662,0.003294,0.040974,-94.058,9.404,38.7,1212027,1090687,3992,3168430,97428,0.382532,435572,422536,937734,137,457179136,385262816,108.05,35949,0,3
H,tsort,horizon-32/window-reward,bitty-4x8-ternary,horizon-32/window-reward,32,0.250,0.2000,1.0000,0.853439,0.271791,260.122,0.001120,0.011598,-79.171,12.956,52.6,1009035,861150,1130,3168430,97428,0.318465,296869,295937,1038195,137,457179136,385262816,118.40,35949,0,4
H,tsort,horizon-32/miss-reward,bitty-4x8-ternary,horizon-32/miss-reward,32,0.250,0.2000,1.0000,0.853439,0.271791,260.122,0.001120,0.011598,-79.171,12.956,52.6,1009035,861150,1130,3168430,97428,0.318465,296869,295937,1038195,137,457179136,385262816,106.54,35949,0,4
H,xz,horizon-1/window-reward,bitty-4x8-ternary,horizon-1/window-reward,32,0.250,0.2000,1.0000,0.941833,0.783475,771.378,0.000096,0.006848,-207.866,1.316,4.6,2972538,2799634,284,3573355,41473,0.831862,1346396,1309591,131104,137,457179136,369065824,136.21,46368,0,4
H,xz,horizon-1/miss-reward,bitty-4x8-ternary,horizon-1/miss-reward,32,0.250,0.2000,1.0000,0.941833,0.783475,771.378,0.000096,0.006848,-207.866,1.316,4.6,2972538,2799634,284,3573355,41473,0.831862,1346396,1309591,131104,137,457179136,369065824,127.86,46368,0,4
H,xz,horizon-2/window-reward,bitty-4x8-ternary,horizon-2/window-reward,32,0.250,0.2000,1.0000,0.947885,0.678292,668.969,0.000224,0.013840,-178.695,1.937,7.1,2557037,2423777,574,3573355,41473,0.715584,1322804,1302258,484516,137,457179136,369065824,123.03,46368,0,3
H,xz,horizon-2/miss-reward,bitty-4x8-ternary,horizon-2/miss-reward,32,0.250,0.2000,1.0000,0.947885,0.678292,668.969,0.000224,0.013840,-178.695,1.937,7.1,2557037,2423777,574,3573355,41473,0.715584,1322804,1302258,484516,137,457179136,369065824,124.42,46368,0,3
H,xz,horizon-4/window-reward,bitty-4x8-ternary,horizon-4/window-reward,32,0.250,0.2000,1.0000,0.925748,0.529282,518.668,0.000162,0.007957,-142.818,3.329,11.6,2043009,1891311,330,3573355,41473,0.571734,854401,842525,1032641,137,457179136,369065824,124.48,46368,0,6
H,xz,horizon-4/miss-reward,bitty-4x8-ternary,horizon-4/miss-reward,32,0.250,0.2000,1.0000,0.925748,0.529282,518.668,0.000162,0.007957,-142.818,3.329,11.6,2043009,1891311,330,3573355,41473,0.571734,854401,842525,1032641,137,457179136,369065824,130.33,46368,0,6
H,xz,horizon-8/window-reward,bitty-4x8-ternary,horizon-8/window-reward,32,0.250,0.2000,1.0000,0.901506,0.435027,423.145,0.000315,0.013117,-120.449,5.556,19.3,1724344,1554506,544,3573355,41473,0.482556,654790,645223,1293145,137,457179136,369065824,126.57,46368,0,4
H,xz,horizon-8/miss-reward,bitty-4x8-ternary,horizon-8/miss-reward,32,0.250,0.2000,1.0000,0.901506,0.435027,423.145,0.000315,0.013117,-120.449,5.556,19.3,1724344,1554506,544,3573355,41473,0.482556,654790,645223,1293145,137,457179136,369065824,132.73,46368,0,4
H,xz,horizon-16/window-reward,bitty-4x8-ternary,horizon-16/window-reward,32,0.250,0.2000,1.0000,0.902377,0.438174,426.323,0.000438,0.018325,-121.128,6.179,22.5,1735139,1565750,760,3573355,41473,0.485577,769119,763245,1284104,137,457179136,369065824,130.37,46368,0,6
H,xz,horizon-16/miss-reward,bitty-4x8-ternary,horizon-16/miss-reward,32,0.250,0.2000,1.0000,0.902377,0.438174,426.323,0.000438,0.018325,-121.128,6.179,22.5,1735139,1565750,760,3573355,41473,0.485577,769119,763245,1284104,137,457179136,369065824,134.92,46368,0,6
H,xz,horizon-32/window-reward,bitty-4x8-ternary,horizon-32/window-reward,32,0.250,0.2000,1.0000,0.845170,0.343778,328.034,0.000423,0.014829,-101.474,8.786,31.6,1453485,1228442,615,3573355,41473,0.406756,637106,625413,1518532,137,457179136,369065824,131.84,46368,0,2
H,xz,horizon-32/miss-reward,bitty-4x8-ternary,horizon-32/miss-reward,32,0.250,0.2000,1.0000,0.845170,0.343778,328.034,0.000423,0.014829,-101.474,8.786,31.6,1453485,1228442,615,3573355,41473,0.406756,637106,625413,1518532,137,457179136,369065824,131.26,46368,0,2
best,awkhash,ev-horizon-1-w0.05,bitty-4x8-ternary,ev-h1,32,0.050,0.2000,1.0000,0.704062,0.015529,15.203,0.012108,0.016331,-0.822,1.132,3.7,75651,53263,916,3429933,56090,0.022056,28208,26026,2446,137,473956352,374802688,114.34,36080,0,3
best,awkhash,ev-horizon-1-w0.25,bitty-4x8-ternary,ev-h1,32,0.250,0.2000,1.0000,0.694084,0.005196,4.623,0.029910,0.013692,-1.592,1.116,3.7,25677,17822,768,3429933,56090,0.007486,9135,8467,707,137,473956352,374802688,112.61,36080,0,0
best,awkhash,ev-horizon-1-w1.00,bitty-4x8-ternary,ev-h1,32,1.000,0.2000,1.0000,0.694539,0.001424,0.798,0.049204,0.006169,-1.848,1.083,3.5,7032,4884,346,3429933,56090,0.002050,2383,2229,165,137,473956352,374802688,111.07,36080,0,0
best,awkhash,ev-horizon-2-w0.05,bitty-4x8-ternary,ev-h2,32,0.050,0.2000,1.0000,0.639605,0.013890,13.498,0.010311,0.013692,-0.851,1.831,6.4,74485,47641,768,3429933,56090,0.021716,19372,18827,7235,137,473956352,374802688,114.41,36080,0,3
best,awkhash,ev-horizon-2-w0.25,bitty-4x8-ternary,ev-h2,32,0.250,0.2000,1.0000,0.639309,0.004701,4.038,0.023988,0.010786,-1.618,1.823,6.4,25221,16124,605,3429933,56090,0.007353,6403,6228,2107,137,473956352,374802688,111.80,36080,0,0
best,awkhash,ev-horizon-2-w1.00,bitty-4x8-ternary,ev-h2,32,1.000,0.2000,1.0000,0.648718,0.001328,0.609,0.051852,0.006490,-1.834,1.846,6.5,7020,4554,364,3429933,56090,0.002047,1723,1677,503,137,473956352,374802688,112.02,36080,0,0
best,awkhash,ev-horizon-4-w0.05,bitty-4x8-ternary,ev-h4,32,0.050,0.2000,1.0000,0.578857,0.012307,11.859,0.010820,0.014067,-0.822,2.993,10.3,72923,42212,789,3429933,56090,0.021261,9375,9219,20340,137,473956352,374802688,115.54,36080,0,3
best,awkhash,ev-horizon-4-w0.25,bitty-4x8-ternary,ev-h4,32,0.250,0.2000,1.0000,0.581966,0.004249,3.486,0.025798,0.011517,-1.590,2.977,10.4,25041,14573,646,3429933,56090,0.007301,2995,2957,5889,137,473956352,374802688,113.65,36080,0,0
best,awkhash,ev-horizon-4-w1.00,bitty-4x8-ternary,ev-h4,32,1.000,0.2000,1.0000,0.591078,0.001209,0.373,0.054304,0.006793,-1.823,2.995,10.8,7016,4147,381,3429933,56090,0.002046,789,781,1379,137,473956352,374802688,112.38,36080,0,0
best,awkhash,ev-horizon-8-w0.05,bitty-4x8-ternary,ev-h8,32,0.050,0.2000,1.0000,0.578552,0.012141,11.699,0.008350,0.010715,-0.865,6.046,20.4,71978,41643,601,3429933,56090,0.020985,6859,6728,27361,137,473956352,374802688,116.23,36080,0,5
best,awkhash,ev-horizon-8-w0.25,bitty-4x8-ternary,ev-h8,32,0.250,0.2000,1.0000,0.579836,0.004177,3.420,0.021087,0.009289,-1.611,6.029,20.7,24707,14326,521,3429933,56090,0.007203,2139,2096,8038,137,473956352,374802688,119.58,36080,0,0
best,awkhash,ev-horizon-8-w1.00,bitty-4x8-ternary,ev-h8,32,1.000,0.2000,1.0000,0.589814,0.001185,0.361,0.043093,0.005295,-1.836,5.967,20.8,6892,4065,297,3429933,56090,0.002009,565,557,1809,137,473956352,374802688,115.84,36080,0,0
best,awkhash,ev-horizon-16-w0.05,bitty-4x8-ternary,ev-h16,32,0.050,0.2000,1.0000,0.563971,0.011623,11.174,0.006960,0.008772,-0.880,11.011,36.0,70688,39866,492,3429933,56090,0.020609,3435,3408,38379,137,473956352,374802688,121.56,36080,0,6
best,awkhash,ev-horizon-16-w0.25,bitty-4x8-ternary,ev-h16,32,0.250,0.2000,1.0000,0.566686,0.004066,3.288,0.018734,0.008219,-1.626,11.036,36.6,24608,13945,461,3429933,56090,0.007174,1061,1049,11339,137,473956352,374802688,120.63,36080,0,0
best,awkhash,ev-horizon-16-w1.00,bitty-4x8-ternary,ev-h16,32,1.000,0.2000,1.0000,0.571160,0.001150,0.287,0.040394,0.004974,-1.851,11.080,37.4,6907,3945,279,3429933,56090,0.002014,273,273,2465,137,473956352,374802688,118.67,36080,0,0
best,awkhash,explicit4-ev-horizon-1-w0.05,explicit-4,ev-h1,32,0.050,0.2000,1.0000,0.670295,0.002388,2.329,0.067938,0.014798,0.076,1.413,5.3,12217,8189,830,3429933,56090,0.003562,3997,3704,990,41,473956352,0,32.84,9842,0,0
best,awkhash,explicit4-ev-horizon-4-w0.05,explicit-4,ev-h4,32,0.050,0.2000,1.0000,0.561059,0.002021,1.942,0.074614,0.016438,0.102,3.457,13.4,12357,6933,922,3429933,56090,0.003603,1551,1452,5000,41,473956352,0,33.81,9842,0,0
best,awkhash,next-line,-,next-line,32,0.250,0.2000,1.0000,0.276564,0.087449,30.262,0.004056,0.078428,-77.446,9.406,35.9,1084533,299943,4399,3429933,56090,0.316197,0,0,2345400,0,0,0,11.07,0,0,10
best,gcc,ev-horizon-1-w0.05,bitty-4x8-ternary,ev-h1,32,0.050,0.2000,1.0000,0.821716,0.063594,62.904,0.032537,0.241416,-1.226,1.385,5.8,245261,201535,7980,3169092,33055,0.077392,95690,93185,12923,137,473956352,385236352,106.99,174934,0,1
best,gcc,ev-horizon-1-w0.25,bitty-4x8-ternary,ev-h1,32,0.250,0.2000,1.0000,0.818969,0.023675,22.367,0.057906,0.160490,-5.135,1.396,5.7,91614,75029,5305,3169092,33055,0.028909,34675,33739,4120,137,473956352,385236352,103.34,174934,0,0
best,gcc,ev-horizon-1-w1.00,bitty-4x8-ternary,ev-h1,32,1.000,0.2000,1.0000,0.830298,0.007624,6.065,0.154306,0.135834,-6.348,1.356,5.4,29098,24160,4490,3169092,33055,0.009182,9799,9579,1184,137,473956352,385236352,103.88,174934,0,0
best,gcc,ev-horizon-2-w0.05,bitty-4x8-ternary,ev-h2,32,0.050,0.2000,1.0000,0.792067,0.059791,59.006,0.040995,0.296687,-0.525,1.922,8.7,239226,189483,9807,3169092,33055,0.075487,70554,68806,43619,137,473956352,385236352,111.84,174934,0,1
best,gcc,ev-horizon-2-w0.25,bitty-4x8-ternary,ev-h2,32,0.250,0.2000,1.0000,0.798070,0.023744,22.242,0.096442,0.275087,-3.851,1.916,8.3,94285,75246,9093,3169092,33055,0.029751,25867,25211,16599,137,473956352,385236352,112.27,174934,0,0
best,gcc,ev-horizon-2-w1.00,bitty-4x8-ternary,ev-h2,32,1.000,0.2000,1.0000,0.823286,0.008606,6.759,0.256981,0.257540,-5.081,1.936,7.7,33127,27273,8513,3169092,33055,0.010453,7291,7108,6266,137,473956352,385236352,108.54,174934,0,0
best,gcc,ev-horizon-4-w0.05,bitty-4x8-ternary,ev-h4,32,0.050,0.2000,1.0000,0.746003,0.055371,54.429,0.049128,0.349599,0.118,3.217,14.8,235223,175477,11556,3169092,33055,0.074224,47173,46211,78975,137,473956352,385236352,108.77,174934,0,1
best,gcc,ev-horizon-4-w0.25,bitty-4x8-ternary,ev-h4,32,0.250,0.2000,1.0000,0.760646,0.022366,20.607,0.099051,0.279232,-3.710,3.175,14.1,93184,70880,9230,3169092,33055,0.029404,17097,16758,25406,137,473956352,385236352,109.07,174934,0,0
best,gcc,ev-horizon-4-w1.00,bitty-4x8-ternary,ev-h4,32,1.000,0.2000,1.0000,0.793906,0.008336,6.172,0.259647,0.261383,-5.048,3.109,12.7,33276,26418,8640,3169092,33055,0.010500,4806,4714,8582,137,473956352,385236352,112.94,174934,0,0
best,gcc,ev-horizon-8-w0.05,bitty-4x8-ternary,ev-h8,32,0.050,0.2000,1.0000,0.707928,0.049211,48.195,0.026782,0.178490,-1.521,5.793,25.4,220295,155953,5900,3169092,33055,0.069514,34333,33853,111681,137,473956352,385236352,113.07,174934,0,1
best,gcc,ev-horizon-8-w0.25,bitty-4x8-ternary,ev-h8,32,0.250,0.2000,1.0000,0.721789,0.020004,18.076,0.062565,0.166238,-4.761,5.727,24.4,87829,63394,5495,3169092,33055,0.027714,12269,12086,36964,137,473956352,385236352,109.96,174934,0,0
best,gcc,ev-horizon-8-w1.00,bitty-4x8-ternary,ev-h8,32,1.000,0.2000,1.0000,0.752044,0.006936,4.649,0.172751,0.152745,-6.036,5.711,22.7,29227,21980,5049,3169092,33055,0.009223,3439,3378,12610,137,473956352,385236352,109.72,174934,0,0
best,gcc,ev-horizon-16-w0.05,bitty-4x8-ternary,ev-h16,32,0.050,0.2000,1.0000,0.684622,0.046260,45.195,0.023209,0.150355,-1.732,9.571,38.7,214137,146603,4970,3169092,33055,0.067570,31966,31661,133039,137,473956352,385236352,111.77,174934,0,5
best,gcc,ev-horizon-16-w0.25,bitty-4x8-ternary,ev-h16,32,0.250,0.2000,1.0000,0.697301,0.018823,16.780,0.052544,0.135985,-4.976,9.779,38.6,85547,59652,4495,3169092,33055,0.026994,10986,10891,42443,137,473956352,385236352,108.42,174934,0,2
best,gcc,ev-horizon-16-w1.00,bitty-4x8-ternary,ev-h16,32,1.000,0.2000,1.0000,0.722436,0.006449,3.971,0.145534,0.124550,-6.328,10.243,38.4,28289,20437,4117,3169092,33055,0.008927,3056,3030,10933,137,473956352,385236352,107.86,174934,0,0
best,gcc,explicit4-ev-horizon-1-w0.05,explicit-4,ev-h1,32,0.050,0.2000,1.0000,0.742620,0.021092,20.726,0.068939,0.187717,0.636,2.469,8.8,90007,66841,6205,3169092,33055,0.028402,34429,31796,8953,41,473956352,0,33.57,62894,0,0
best,gcc,explicit4-ev-horizon-4-w0.05,explicit-4,ev-h4,32,0.050,0.2000,1.0000,0.656409,0.018611,18.124,0.084671,0.230162,1.103,3.520,14.8,89854,58981,7608,3169092,33055,0.028353,18983,17913,40700,41,473956352,0,35.46,62894,0,0
best,gcc,next-line,-,next-line,32,0.250,0.2000,1.0000,0.292498,0.094184,37.230,0.015254,0.470912,-74.360,9.168,34.5,1020440,298477,15566,3169092,33055,0.321998,0,0,2148652,0,0,0,11.58,0,0,8
best,python,ev-horizon-1-w0.05,bitty-4x8-ternary,ev-h1,32,0.050,0.2000,1.0000,0.665252,0.118921,115.929,0.018637,0.110604,-5.440,1.620,5.8,635144,422531,11837,3553048,107021,0.178760,277133,264831,34005,137,473956352,369878080,131.14,474005,0,2
best,python,ev-horizon-1-w0.25,bitty-4x8-ternary,ev-h1,32,0.250,0.2000,1.0000,0.665613,0.050150,43.851,0.034651,0.086675,-15.572,1.578,5.6,267699,178184,9276,3553048,107021,0.075343,110852,106046,10929,137,473956352,369878080,124.93,474005,0,0
best,python,ev-horizon-1-w1.00,bitty-4x8-ternary,ev-h1,32,1.000,0.2000,1.0000,0.669140,0.015611,7.892,0.064640,0.050065,-20.313,1.545,5.4,82890,55465,5358,3553048,107021,0.023329,32531,31320,2854,137,473956352,369878080,124.53,474005,0,0
best,python,ev-horizon-2-w0.05,bitty-4x8-ternary,ev-h2,32,0.050,0.2000,1.0000,0.602452,0.104340,100.897,0.025341,0.145710,-4.051,2.138,7.9,615360,370725,15594,3553048,107021,0.173192,196360,189083,92573,137,473956352,369878080,128.36,474005,0,3
best,python,ev-horizon-2-w0.25,bitty-4x8-ternary,ev-h2,32,0.250,0.2000,1.0000,0.607956,0.045628,38.272,0.048091,0.119827,-14.251,2.140,7.8,266659,162117,12824,3553048,107021,0.075051,77733,74824,33133,137,473956352,369878080,124.94,474005,0,0
best,python,ev-horizon-2-w1.00,bitty-4x8-ternary,ev-h2,32,1.000,0.2000,1.0000,0.615762,0.014694,5.525,0.088187,0.069865,-19.654,2.206,7.8,84786,52208,7477,3553048,107021,0.023863,22729,21862,9598,137,473956352,369878080,125.98,474005,0,0
best,python,ev-horizon-4-w0.05,bitty-4x8-ternary,ev-h4,32,0.050,0.2000,1.0000,0.549379,0.091427,87.678,0.028580,0.157904,-3.327,3.374,12.5,591297,324846,16899,3553048,107021,0.166420,124224,119032,179990,137,473956352,369878080,130.26,474005,0,5
best,python,ev-horizon-4-w0.25,bitty-4x8-ternary,ev-h4,32,0.250,0.2000,1.0000,0.562151,0.041672,33.557,0.051549,0.126863,-13.756,3.343,12.2,263383,148061,13577,3553048,107021,0.074129,49094,47100,66766,137,473956352,369878080,127.24,474005,0,2
best,python,ev-horizon-4-w1.00,bitty-4x8-ternary,ev-h4,32,1.000,0.2000,1.0000,0.580448,0.014002,3.881,0.098311,0.078732,-19.379,3.500,12.6,85708,49749,8426,3553048,107021,0.024122,14389,13801,18790,137,473956352,369878080,127.40,474005,0,0
best,python,ev-horizon-8-w0.05,bitty-4x8-ternary,ev-h8,32,0.050,0.2000,1.0000,0.486647,0.077717,73.618,0.030531,0.161875,-2.865,6.113,22.2,567415,276131,17324,3553048,107021,0.159698,79566,76688,250283,137,473956352,369878080,136.73,474005,0,6
best,python,ev-horizon-8-w0.25,bitty-4x8-ternary,ev-h8,32,0.250,0.2000,1.0000,0.508563,0.037025,28.080,0.055364,0.133815,-13.162,6.199,22.3,258672,131551,14321,3553048,107021,0.072803,30856,29828,100066,137,473956352,369878080,128.37,474005,0,3
best,python,ev-horizon-8-w1.00,bitty-4x8-ternary,ev-h8,32,1.000,0.2000,1.0000,0.538808,0.013077,1.884,0.105250,0.084806,-19.161,6.393,22.8,86233,46463,9076,3553048,107021,0.024270,8957,8656,29922,137,473956352,369878080,130.60,474005,0,0
best,python,ev-horizon-16-w0.05,bitty-4x8-ternary,ev-h16,32,0.050,0.2000,1.0000,0.460883,0.072709,68.457,0.036688,0.192159,-1.811,10.875,39.7,560530,258339,20565,3553048,107021,0.157760,64193,62309,299595,137,473956352,369878080,134.01,474005,0,4
best,python,ev-horizon-16-w0.25,bitty-4x8-ternary,ev-h16,32,0.250,0.2000,1.0000,0.487848,0.035567,26.233,0.064086,0.155119,-12.386,11.083,40.0,259042,126373,16601,3553048,107021,0.072907,24820,24112,116827,137,473956352,369878080,132.45,474005,0,1
best,python,ev-horizon-16-w1.00,bitty-4x8-ternary,ev-h16,32,1.000,0.2000,1.0000,0.526114,0.013076,1.298,0.124083,0.102382,-18.685,11.316,40.7,88304,46458,10957,3553048,107021,0.024853,7127,6911,30387,137,473956352,369878080,135.21,474005,0,0
best,python,explicit4-ev-horizon-1-w0.05,explicit-4,ev-h1,32,0.050,0.2000,1.0000,0.643834,0.057446,55.857,0.039884,0.118145,-0.725,2.050,7.2,317018,204107,12644,3553048,107021,0.089224,129723,118330,22071,41,473956352,0,45.83,84622,0,0
best,python,explicit4-ev-horizon-4-w0.05,explicit-4,ev-h4,32,0.050,0.2000,1.0000,0.537560,0.046462,44.464,0.055904,0.160417,0.752,3.806,13.6,307097,165083,17168,3553048,107021,0.086432,58612,54342,119331,41,473956352,0,49.04,84622,0,0
best,python,next-line,-,next-line,32,0.250,0.2000,1.0000,0.321187,0.103510,48.819,0.040182,0.429925,-64.381,8.518,31.6,1145053,367776,46011,3553048,107021,0.322273,0,0,2407995,0,0,0,14.57,0,0,10
best,sort,ev-horizon-1-w0.05,bitty-4x8-ternary,ev-h1,32,0.050,0.2000,1.0000,0.351464,0.000307,0.279,0.070749,0.006270,0.021,1.299,6.9,2629,924,186,3010544,29667,0.000873,238,238,1156,137,473956352,391578272,63.47,23259,0,0
best,sort,ev-horizon-1-w0.25,bitty-4x8-ternary,ev-h1,32,0.250,0.2000,1.0000,0.419018,0.000133,0.087,0.194357,0.006270,-0.002,1.212,9.3,957,401,186,3010544,29667,0.000318,68,68,308,137,473956352,391578272,64.49,23259,0,0
best,sort,ev-horizon-1-w1.00,bitty-4x8-ternary,ev-h1,32,1.000,0.2000,1.0000,0.312500,0.000018,-0.022,0.000000,0.000000,-0.058,1.582,6.0,176,55,0,3010544,29667,0.000058,17,17,77,137,473956352,391578272,64.36,23259,0,0
best,sort,ev-horizon-2-w0.05,bitty-4x8-ternary,ev-h2,32,0.050,0.2000,1.0000,0.784901,0.000618,0.610,0.000000,0.000000,-0.039,2.638,11.1,2371,1861,0,3010544,29667,0.000788,1144,1129,122,137,473956352,391578272,61.44,23259,0,0
best,sort,ev-horizon-2-w0.25,bitty-4x8-ternary,ev-h2,32,0.250,0.2000,1.0000,0.781022,0.000178,0.165,0.000000,0.000000,-0.057,2.716,11.4,685,535,0,3010544,29667,0.000228,330,325,34,137,473956352,391578272,60.78,23259,0,0
best,sort,ev-horizon-2-w1.00,bitty-4x8-ternary,ev-h2,32,1.000,0.2000,1.0000,0.769663,0.000046,0.032,0.000000,0.000000,-0.059,2.737,11.5,178,137,0,3010544,29667,0.000059,88,84,8,137,473956352,391578272,61.42,23259,0,0
best,sort,ev-horizon-4-w0.05,bitty-4x8-ternary,ev-h4,32,0.050,0.2000,1.0000,0.734823,0.000579,0.569,0.000000,0.000000,-0.039,2.934,12.3,2372,1743,0,3010544,29667,0.000788,1196,1188,231,137,473956352,391578272,61.69,23259,0,0
best,sort,ev-horizon-4-w0.25,bitty-4x8-ternary,ev-h4,32,0.250,0.2000,1.0000,0.731387,0.000166,0.151,0.000000,0.000000,-0.057,3.058,12.8,685,501,0,3010544,29667,0.000228,342,339,57,137,473956352,391578272,61.98,23259,0,0
best,sort,ev-horizon-4-w1.00,bitty-4x8-ternary,ev-h4,32,1.000,0.2000,1.0000,0.717514,0.000042,0.026,0.000000,0.000000,-0.059,2.882,12.0,177,127,0,3010544,29667,0.000059,89,86,15,137,473956352,391578272,61.77,23259,0,0
best,sort,ev-horizon-8-w0.05,bitty-4x8-ternary,ev-h8,32,0.050,0.2000,1.0000,0.693800,0.000546,0.534,0.000000,0.000000,-0.039,3.970,16.8,2371,1645,0,3010544,29667,0.000788,1024,1020,632,137,473956352,391578272,63.32,23259,0,0
best,sort,ev-horizon-8-w0.25,bitty-4x8-ternary,ev-h8,32,0.250,0.2000,1.0000,0.691520,0.000157,0.140,0.000000,0.000000,-0.057,4.156,17.5,684,473,0,3010544,29667,0.000227,296,294,177,137,473956352,391578272,63.17,23259,0,0
best,sort,ev-horizon-8-w1.00,bitty-4x8-ternary,ev-h8,32,1.000,0.2000,1.0000,0.693182,0.000041,0.023,0.000000,0.000000,-0.058,3.893,16.5,176,122,0,3010544,29667,0.000058,79,77,42,137,473956352,391578272,64.30,23259,0,0
best,sort,ev-horizon-16-w0.05,bitty-4x8-ternary,ev-h16,32,0.050,0.2000,1.0000,0.618044,0.000487,0.472,0.000000,0.000000,-0.039,5.220,22.4,2372,1466,0,3010544,29667,0.000788,747,744,1252,137,473956352,391578272,63.74,23259,0,0
best,sort,ev-horizon-16-w0.25,bitty-4x8-ternary,ev-h16,32,0.250,0.2000,1.0000,0.620438,0.000141,0.120,0.000000,0.000000,-0.057,5.565,23.8,685,425,0,3010544,29667,0.000228,215,214,340,137,473956352,391578272,64.66,23259,0,0
best,sort,ev-horizon-16-w1.00,bitty-4x8-ternary,ev-h16,32,1.000,0.2000,1.0000,0.622857,0.000036,0.014,0.000000,0.000000,-0.058,5.459,23.3,175,109,0,3010544,29667,0.000058,54,53,69,137,473956352,391578272,64.69,23259,0,0
best,sort,explicit4-ev-horizon-1-w0.05,explicit-4,ev-h1,32,0.050,0.2000,1.0000,0.527434,0.000198,0.189,0.164602,0.006270,0.046,1.138,7.3,1130,596,186,3010544,29667,0.000375,154,154,462,41,473956352,0,26.57,7812,0,0
best,sort,explicit4-ev-horizon-4-w0.05,explicit-4,ev-h4,32,0.050,0.2000,1.0000,0.613349,0.000177,0.171,0.000000,0.000000,-0.014,3.242,14.4,869,533,0,3010544,29667,0.000289,281,278,195,41,473956352,0,24.47,7812,0,0
best,sort,next-line,-,next-line,32,0.250,0.2000,1.0000,0.392718,0.101422,62.213,0.015766,0.413186,-59.474,14.028,60.9,777490,305334,12258,3010544,29667,0.258256,0,0,2233054,0,0,0,9.72,0,0,5
best,tsort,ev-horizon-1-w0.05,bitty-4x8-ternary,ev-h1,32,0.050,0.2000,1.0000,0.621451,0.023210,22.503,0.152523,0.185255,4.114,1.127,4.4,118336,73540,18049,3168430,97428,0.037348,24297,23648,1777,137,473956352,385262816,95.56,35949,0,0
best,tsort,ev-horizon-1-w0.25,bitty-4x8-ternary,ev-h1,32,0.250,0.2000,1.0000,0.645104,0.009235,7.965,0.250700,0.116712,0.907,1.083,3.9,45357,29260,11371,3168430,97428,0.014315,8089,7879,457,137,473956352,385262816,95.65,35949,0,0
best,tsort,ev-horizon-1-w1.00,bitty-4x8-ternary,ev-h1,32,1.000,0.2000,1.0000,0.751684,0.003664,2.454,0.459596,0.072854,-0.394,1.044,2.9,15444,11609,7098,3168430,97428,0.004874,2133,2080,95,137,473956352,385262816,91.14,35949,0,0
best,tsort,ev-horizon-2-w0.05,bitty-4x8-ternary,ev-h2,32,0.050,0.2000,1.0000,0.637694,0.016987,16.504,0.005083,0.004403,-1.190,1.754,7.0,84401,53822,429,3168430,97428,0.026638,26212,25478,5489,137,473956352,385262816,93.13,35949,0,0
best,tsort,ev-horizon-2-w0.25,bitty-4x8-ternary,ev-h2,32,0.250,0.2000,1.0000,0.629441,0.005692,4.855,0.001885,0.000554,-2.240,1.739,6.9,28654,18036,54,3168430,97428,0.009044,8873,8634,1476,137,473956352,385262816,88.60,35949,0,0
best,tsort,ev-horizon-2-w1.00,bitty-4x8-ternary,ev-h2,32,1.000,0.2000,1.0000,0.621003,0.001532,0.597,0.003326,0.000267,-2.451,1.741,6.9,7818,4855,26,3168430,97428,0.002467,2385,2314,335,137,473956352,385262816,89.10,35949,0,0
best,tsort,ev-horizon-4-w0.05,bitty-4x8-ternary,ev-h4,32,0.050,0.2000,1.0000,0.719956,0.029213,28.645,0.249125,0.328735,8.585,3.457,16.3,128562,92559,32028,3168430,97428,0.040576,16483,16336,14290,137,473956352,385262816,97.01,35949,0,0
best,tsort,ev-horizon-4-w0.25,bitty-4x8-ternary,ev-h4,32,0.250,0.2000,1.0000,0.794008,0.017885,16.725,0.431600,0.316151,6.521,3.662,18.5,71367,56666,30802,3168430,97428,0.022524,5588,5537,4031,137,473956352,385262816,92.93,35949,0,0
best,tsort,ev-horizon-4-w1.00,bitty-4x8-ternary,ev-h4,32,1.000,0.2000,1.0000,0.732039,0.005579,3.537,0.521595,0.129285,0.329,3.712,20.1,24149,17678,12596,3168430,97428,0.007622,1501,1486,861,137,473956352,385262816,91.03,35949,0,0
best,tsort,ev-horizon-8-w0.05,bitty-4x8-ternary,ev-h8,32,0.050,0.2000,1.0000,0.607130,0.015909,15.394,0.008263,0.007041,-1.083,5.458,21.4,83025,50407,686,3168430,97428,0.026204,16071,15114,20468,137,473956352,385262816,94.17,35949,0,0
best,tsort,ev-horizon-8-w0.25,bitty-4x8-ternary,ev-h8,32,0.250,0.2000,1.0000,0.602904,0.005464,4.564,0.005189,0.001529,-2.207,5.395,21.1,28716,17313,149,3168430,97428,0.009063,5342,5019,5899,137,473956352,385262816,93.28,35949,0,0
best,tsort,ev-horizon-8-w1.00,bitty-4x8-ternary,ev-h8,32,1.000,0.2000,1.0000,0.597388,0.001472,0.480,0.002177,0.000174,-2.454,5.345,20.8,7809,4665,17,3168430,97428,0.002465,1421,1335,1193,137,473956352,385262816,92.83,35949,0,0
best,tsort,ev-horizon-16-w0.05,bitty-4x8-ternary,ev-h16,32,0.050,0.2000,1.0000,0.538375,0.014765,14.132,0.028495,0.025414,-0.551,10.303,40.0,86893,46781,2476,3168430,97428,0.027425,9902,9643,39169,137,473956352,385262816,95.94,35949,0,0
best,tsort,ev-horizon-16-w0.25,bitty-4x8-ternary,ev-h16,32,0.250,0.2000,1.0000,0.537117,0.005131,4.026,0.027123,0.008427,-2.064,10.298,39.5,30269,16258,821,3168430,97428,0.009553,3079,3005,11175,137,473956352,385262816,99.08,35949,0,0
best,tsort,ev-horizon-16-w1.00,bitty-4x8-ternary,ev-h16,32,1.000,0.2000,1.0000,0.533826,0.001345,0.170,0.015535,0.001273,-2.441,10.245,39.1,7982,4261,124,3168430,97428,0.002519,797,777,2192,137,473956352,385262816,99.21,35949,0,0
best,tsort,explicit4-ev-horizon-1-w0.05,explicit-4,ev-h1,32,0.050,0.2000,1.0000,0.599225,0.009957,9.624,0.395134,0.213522,6.063,1.125,4.2,52648,31548,20803,3168430,97428,0.016616,3532,3290,613,41,473956352,0,30.00,8330,0,0
best,tsort,explicit4-ev-horizon-4-w0.05,explicit-4,ev-h4,32,0.050,0.2000,1.0000,0.560964,0.007147,6.867,0.366082,0.151681,4.260,3.860,20.6,40368,22645,14778,3168430,97428,0.012741,2255,2091,2527,41,473956352,0,30.55,8330,0,0
best,tsort,next-line,-,next-line,32,0.250,0.2000,1.0000,0.297912,0.094155,38.681,0.032780,0.336915,-66.062,9.662,44.0,1001382,298324,32825,3168430,97428,0.316050,0,0,2167048,0,0,0,10.40,0,0,9
best,xz,ev-horizon-1-w0.05,bitty-4x8-ternary,ev-h1,32,0.050,0.2000,1.0000,0.812026,0.037013,36.585,0.001523,0.005980,-2.206,1.200,4.1,162879,132262,248,3573355,41473,0.045582,58383,57823,2770,137,473956352,369065824,112.29,46368,0,0
best,xz,ev-horizon-1-w0.25,bitty-4x8-ternary,ev-h1,32,0.250,0.2000,1.0000,0.805885,0.011896,11.179,0.004436,0.005642,-3.608,1.199,4.1,52747,42508,234,3573355,41473,0.014761,18815,18625,732,137,473956352,369065824,111.59,46368,0,0
best,xz,ev-horizon-1-w1.00,bitty-4x8-ternary,ev-h1,32,1.000,0.2000,1.0000,0.805406,0.003185,2.416,0.016204,0.005522,-3.827,1.158,3.9,14132,11382,229,3573355,41473,0.003955,4971,4915,133,137,473956352,369065824,110.45,46368,0,0
best,xz,ev-horizon-2-w0.05,bitty-4x8-ternary,ev-h2,32,0.050,0.2000,1.0000,0.821460,0.037169,36.765,0.003247,0.012659,-2.108,1.766,6.4,161684,132817,525,3573355,41473,0.045247,61680,60881,16237,137,473956352,369065824,113.88,46368,0,0
best,xz,ev-horizon-2-w0.25,bitty-4x8-ternary,ev-h2,32,0.250,0.2000,1.0000,0.820175,0.012143,11.478,0.009640,0.012297,-3.523,1.766,6.4,52907,43393,510,3573355,41473,0.014806,19882,19641,4457,137,473956352,369065824,109.93,46368,0,0
best,xz,ev-horizon-2-w1.00,bitty-4x8-ternary,ev-h2,32,1.000,0.2000,1.0000,0.818693,0.003299,2.569,0.033817,0.011743,-3.758,1.759,6.6,14401,11790,487,3573355,41473,0.004030,5251,5186,1301,137,473956352,369065824,112.04,46368,0,0
best,xz,ev-horizon-4-w0.05,bitty-4x8-ternary,ev-h4,32,0.050,0.2000,1.0000,0.800038,0.035490,35.046,0.001754,0.006703,-2.136,2.926,9.8,158515,126818,278,3573355,41473,0.044360,44836,44291,43728,137,473956352,369065824,113.32,46368,0,1
best,xz,ev-horizon-4-w0.25,bitty-4x8-ternary,ev-h4,32,0.250,0.2000,1.0000,0.798111,0.011708,10.968,0.005017,0.006341,-3.575,2.870,9.7,52420,41837,263,3573355,41473,0.014670,14479,14317,11476,137,473956352,369065824,112.77,46368,0,0
best,xz,ev-horizon-4-w1.00,bitty-4x8-ternary,ev-h4,32,1.000,0.2000,1.0000,0.794662,0.003149,2.336,0.017582,0.006004,-3.824,2.860,10.0,14162,11254,249,3573355,41473,0.003963,3827,3776,2892,137,473956352,369065824,114.89,46368,0,0
best,xz,ev-horizon-8-w0.05,bitty-4x8-ternary,ev-h8,32,0.050,0.2000,1.0000,0.800402,0.035016,34.580,0.003205,0.012080,-2.040,5.147,17.6,156329,125126,501,3573355,41473,0.043749,32876,32608,70620,137,473956352,369065824,115.81,46368,0,2
best,xz,ev-horizon-8-w0.25,bitty-4x8-ternary,ev-h8,32,0.250,0.2000,1.0000,0.803085,0.011774,11.052,0.009353,0.011815,-3.494,5.120,17.7,52388,42072,490,3573355,41473,0.014661,10440,10356,18779,137,473956352,369065824,115.29,46368,0,0
best,xz,ev-horizon-8-w1.00,bitty-4x8-ternary,ev-h8,32,1.000,0.2000,1.0000,0.802146,0.003221,2.427,0.033521,0.011598,-3.746,5.160,18.5,14349,11510,481,3573355,41473,0.004016,2726,2695,4456,137,473956352,369065824,114.07,46368,0,0
best,xz,ev-horizon-16-w0.05,bitty-4x8-ternary,ev-h16,32,0.050,0.2000,1.0000,0.780040,0.034261,33.778,0.003683,0.013937,-2.026,6.748,24.0,156951,122428,578,3573355,41473,0.043923,38410,38214,67154,137,473956352,369065824,122.80,46368,0,1
best,xz,ev-horizon-16-w0.25,bitty-4x8-ternary,ev-h16,32,0.250,0.2000,1.0000,0.781502,0.011483,10.680,0.010323,0.013069,-3.484,6.865,24.5,52504,41032,542,3573355,41473,0.014693,12251,12188,18770,137,473956352,369065824,118.44,46368,0,0
best,xz,ev-horizon-16-w1.00,bitty-4x8-ternary,ev-h16,32,1.000,0.2000,1.0000,0.783581,0.003157,2.285,0.034102,0.011839,-3.754,7.117,26.6,14398,11282,491,3573355,41473,0.004029,3227,3207,4418,137,473956352,369065824,116.21,46368,0,0
best,xz,explicit4-ev-horizon-1-w0.05,explicit-4,ev-h1,32,0.050,0.2000,1.0000,0.716263,0.002940,2.881,0.018207,0.006438,-0.127,1.737,6.6,14665,10504,267,3573355,41473,0.004104,3644,3475,997,41,473956352,0,30.74,9954,0,0
best,xz,explicit4-ev-horizon-4-w0.05,explicit-4,ev-h4,32,0.050,0.2000,1.0000,0.693346,0.002773,2.712,0.018191,0.006269,-0.124,3.356,13.4,14293,9910,260,3573355,41473,0.004000,3090,2949,6517,41,473956352,0,31.47,9954,0,0
best,xz,next-line,-,next-line,32,0.250,0.2000,1.0000,0.359128,0.097679,54.101,0.001375,0.032214,-67.530,8.834,31.5,971911,349040,1336,3573355,41473,0.271988,0,0,2601444,0,0,0,11.70,0,0,4
cost,gcc,null-loop,-,null,32,0.250,0.2000,1.0000,0.000000,0.000000,0.000,0.000000,0.000000,0.000,0.000,0.0,0,0,0,3169092,33055,0.000000,0,0,0,0,0,0,7.61,0,0,0
cost,gcc,next-line,-,next-line,32,0.250,0.2000,1.0000,0.292498,0.094184,37.230,0.015254,0.470912,-74.360,9.168,34.5,1020440,298477,15566,3169092,33055,0.321998,0,0,2148652,0,0,0,12.18,0,0,8
cost,gcc,pc-stride,-,pc-stride,32,0.250,0.2000,1.0000,0.149609,0.001328,-0.559,0.055792,0.047497,-1.601,8.881,42.1,28140,4210,1570,3169092,33055,0.008880,0,0,25951,0,98304,0,8.84,0,0,0
cost,gcc,ghb-gdc,-,ghb-gdc,32,0.250,0.2000,1.0000,0.576568,0.277832,226.822,0.004446,0.205415,-117.790,3.520,14.8,1527097,880475,6790,3169092,33055,0.481872,0,0,154314,0,294912,0,16.03,0,0,7
cost,gcc,prepchef-explicit4,explicit-4,counts-eu,32,0.250,0.2000,1.0000,0.849228,0.665593,636.051,0.003577,0.268794,-192.436,2.290,8.5,2483814,2109325,8885,3169092,33055,0.783762,1575985,1413933,208528,41,457179136,0,44.10,62894,0,2
cost,gcc,prepchef-bitty-4x1,bitty-4x1,counts-eu,32,0.250,0.2000,1.0000,0.823291,0.564897,534.585,0.000185,0.012162,-171.378,3.721,15.0,2174459,1790212,402,3169092,33055,0.686146,2024998,1715789,51679,25,457179136,48154544,43.12,2069,0,6
cost,gcc,prepchef-bitty-4x2,bitty-4x2,counts-eu,32,0.250,0.2000,1.0000,0.834398,0.595753,566.193,0.002752,0.188413,-176.041,2.763,10.7,2262705,1887996,6228,3169092,33055,0.713992,1707418,1516466,185157,41,457179136,96309088,57.98,16120,0,4
cost,gcc,prepchef-bitty-4x4,bitty-4x4,counts-eu,32,0.250,0.2000,1.0000,0.902228,0.700474,681.497,0.003883,0.289064,-190.327,1.573,6.0,2460427,2219866,9555,3169092,33055,0.776382,1351920,1291912,152053,73,457179136,192618176,77.75,85200,0,2
cost,gcc,prepchef-bitty-4x8,bitty-4x8,counts-eu,32,0.250,0.2000,1.0000,0.925329,0.702767,688.589,0.004029,0.293360,-186.045,1.350,5.3,2406855,2227133,9697,3169092,33055,0.759478,1245465,1205938,100959,137,457179136,385236352,114.32,174934,0,1
cost,gcc,prepchef-bitty-4x16,bitty-4x16,counts-eu,32,0.250,0.2000,1.0000,0.941032,0.691777,680.940,0.003890,0.274179,-180.207,1.264,5.0,2329683,2192306,9063,3169092,33055,0.735126,1171100,1142658,77105,265,457179136,770472704,178.52,267952,0,2
cost,gcc,prepchef-bitty-4x32,bitty-4x32,counts-eu,32,0.250,0.2000,1.0000,0.952644,0.671717,663.370,0.003807,0.257359,-172.922,1.157,4.6,2234553,2128734,8507,3169092,33055,0.705108,1088139,1066636,56521,521,457179136,1540945408,293.81,382614,0,1
cost,gcc,prepchef-bitty-4x8-int,bitty-4x8-int,counts-eu,32,0.250,0.2000,1.0000,0.921483,0.701071,686.137,0.003943,0.287642,-186.451,1.371,5.4,2411067,2221758,9508,3169092,33055,0.760807,1254866,1217626,109481,73,457179136,385236352,109.55,165132,0,1
cost,gcc,prepchef-bitty-4x8-distinct,bitty-4x8-distinct,counts-eu,32,0.250,0.2000,1.0000,0.859573,0.635973,609.999,0.003131,0.222084,-182.072,2.164,8.1,2344721,2015458,7341,3169092,33055,0.739872,1392761,1265849,161101,137,457179136,45076320,72.76,230913,0,2
cost,gcc,prepchef-bitty-4x4-distinct,bitty-4x4-distinct,counts-eu,32,0.250,0.2000,1.0000,0.849931,0.662730,633.476,0.002962,0.221419,-192.049,2.309,8.6,2471085,2100251,7319,3169092,33055,0.779745,1524016,1370170,195658,73,457179136,22538160,58.42,106091,0,3
cost,gcc,prepchef-bitty-4x4-distinct-int,bitty-4x4-distinct-int,counts-eu,32,0.250,0.2000,1.0000,0.852665,0.663636,634.968,0.002461,0.183633,-192.183,2.252,8.5,2466528,2103122,6070,3169092,33055,0.778307,1516230,1366756,190595,41,457179136,22538160,56.15,105791,0,4
cost,gcc,prepchef-bitty-4x8-every-2,bitty-4x8-every-2,counts-eu,32,0.250,0.2000,1.0000,0.916882,0.662809,647.788,0.003662,0.253819,-177.414,1.447,5.6,2290920,2100504,8390,3169092,33055,0.722895,1209025,1157363,105819,137,457179136,192618176,101.67,270425,0,2
cost,gcc,prepchef-bitty-4x8-every-4,bitty-4x8-every-4,counts-eu,32,0.250,0.2000,1.0000,0.894057,0.596718,579.041,0.003154,0.201845,-164.225,1.714,6.5,2115139,1891055,6672,3169092,33055,0.667427,1181351,1107064,102693,137,457179136,96309088,95.92,397125,0,2
cost,gcc,prepchef-bitty-4x8-every-8,bitty-4x8-every-8,counts-eu,32,0.250,0.2000,1.0000,0.852587,0.500189,478.568,0.002270,0.127666,-145.004,2.021,7.6,1859218,1585145,4220,3169092,33055,0.586672,1101181,1003365,103206,137,457179136,48154560,94.65,566795,0,1
cost,gcc,prepchef-bitty-4x8-every-16,bitty-4x8-every-16,counts-eu,32,0.250,0.2000,1.0000,0.797170,0.379784,355.626,0.002078,0.094902,-117.867,2.481,9.1,1509805,1203571,3137,3169092,33055,0.476416,970854,858179,95603,137,457179136,24077280,87.71,786246,3,5
cost,gcc,prepchef-selected,bitty-4x4-distinct-int,ev-h4,32,0.050,0.2000,1.0000,0.705459,0.040010,39.175,0.055621,0.302435,0.477,3.527,16.1,179734,126795,9997,3169092,33055,0.056715,41837,38942,78493,41,4259840,22538160,47.78,65155,45112,0
cost,gcc,prepchef-bounded-2^12x4,bitty-4x8-ternary,bounded-2^12x4,32,0.250,0.2000,1.0000,0.912181,0.259611,253.362,0.002998,0.081803,-70.085,1.359,6.2,901937,822730,2704,3169092,33055,0.284604,451496,432661,42553,137,249856,385236352,98.20,4096,1815496,0
cost,gcc,prepchef-bounded-2^14x4,bitty-4x8-ternary,bounded-2^14x4,32,0.250,0.2000,1.0000,0.923745,0.618066,605.310,0.003882,0.249039,-164.025,1.367,5.4,2120399,1958707,8232,3169092,33055,0.669087,1099187,1063461,87832,137,999424,385236352,108.08,16384,424437,1
cost,gcc,prepchef-bounded-2^16x4,bitty-4x8-ternary,bounded-2^16x4,32,0.250,0.2000,1.0000,0.925716,0.698424,684.413,0.004028,0.291363,-184.818,1.351,5.3,2390980,2213369,9631,3169092,33055,0.754468,1238992,1199557,99627,137,3997696,385236352,109.49,65535,126730,1
cost,gcc,prepchef-bounded-2^18x4,bitty-4x8-ternary,bounded-2^18x4,32,0.250,0.2000,1.0000,0.925825,0.701544,687.493,0.004030,0.292785,-185.620,1.350,5.3,2401381,2223258,9678,3169092,33055,0.757750,1244940,1205415,100073,137,15990784,385236352,109.63,171098,3921,1
cost,gcc,prepchef-bounded-2^20x4,bitty-4x8-ternary,bounded-2^20x4,32,0.250,0.2000,1.0000,0.925824,0.701547,687.495,0.004030,0.292785,-185.621,1.350,5.3,2401395,2223268,9678,3169092,33055,0.757755,1244951,1205426,100074,137,63963136,385236352,106.00,174933,1,1
cost,gcc,prepchef-bounded-2^22x4,bitty-4x8-ternary,bounded-2^22x4,32,0.250,0.2000,1.0000,0.925824,0.701547,687.495,0.004030,0.292785,-185.621,1.350,5.3,2401395,2223268,9678,3169092,33055,0.757755,1244951,1205426,100074,137,255852544,385236352,110.23,174934,0,1
cost,python,null-loop,-,null,32,0.250,0.2000,1.0000,0.000000,0.000000,0.000,0.000000,0.000000,0.000,0.000,0.0,0,0,0,3553048,107021,0.000000,0,0,0,0,0,0,8.70,0,0,0
cost,python,next-line,-,next-line,32,0.250,0.2000,1.0000,0.321187,0.103510,48.819,0.040182,0.429925,-64.381,8.518,31.6,1145053,367776,46011,3553048,107021,0.322273,0,0,2407995,0,0,0,15.29,0,0,10
cost,python,pc-stride,-,pc-stride,32,0.250,0.2000,1.0000,0.774886,0.013616,12.628,0.164972,0.096243,-0.769,4.006,18.1,62435,48380,10300,3553048,107021,0.017572,0,0,39514,0,98304,0,10.93,0,0,0
cost,python,ghb-gdc,-,ghb-gdc,32,0.250,0.2000,1.0000,0.416719,0.177486,115.380,0.010392,0.146943,-100.946,4.490,16.6,1513293,630618,15726,3553048,107021,0.425914,0,0,144639,0,294912,0,18.89,0,0,9
cost,python,prepchef-explicit4,explicit-4,counts-eu,32,0.250,0.2000,1.0000,0.818582,0.575923,544.014,0.006557,0.153166,-170.124,2.234,8.0,2499790,2046283,16392,3553048,107021,0.703562,1866628,1675613,134275,41,457179136,0,59.00,84622,0,5
cost,python,prepchef-bitty-4x1,bitty-4x1,counts-eu,32,0.250,0.2000,1.0000,0.800783,0.593526,556.612,0.000897,0.022080,-184.464,3.714,13.5,2633456,2108827,2363,3553048,107021,0.741182,2533763,2064690,46352,25,457179136,46234760,50.90,2782,0,8
cost,python,prepchef-bitty-4x2,bitty-4x2,counts-eu,32,0.250,0.2000,1.0000,0.795184,0.581048,543.633,0.002173,0.052709,-180.693,3.181,11.3,2596242,2064491,5641,3553048,107021,0.730708,2247814,1886430,95108,41,457179136,92469520,72.25,29789,0,6
cost,python,prepchef-bitty-4x4,bitty-4x4,counts-eu,32,0.250,0.2000,1.0000,0.821582,0.522834,494.449,0.005577,0.117818,-154.658,2.048,7.2,2261071,1857656,12609,3553048,107021,0.636375,1616884,1477944,115390,73,457179136,184939040,104.13,210923,0,5
cost,python,prepchef-bitty-4x8,bitty-4x8,counts-eu,32,0.250,0.2000,1.0000,0.839461,0.464595,442.383,0.006678,0.122696,-133.742,1.631,5.7,1966417,1650730,13131,3553048,107021,0.553445,1307715,1233644,96674,137,457179136,369878080,143.64,474005,0,6
cost,python,prepchef-bitty-4x16,bitty-4x16,counts-eu,32,0.250,0.2000,1.0000,0.842891,0.398665,380.088,0.006502,0.102101,-114.399,1.454,5.0,1680497,1416475,10927,3553048,107021,0.472973,1073398,1025109,75701,265,457179136,739756160,215.78,762459,2,6
cost,python,prepchef-bitty-4x32,bitty-4x32,counts-eu,32,0.250,0.2000,1.0000,0.842450,0.332899,317.335,0.006505,0.085338,-95.576,1.354,4.6,1404009,1182807,9133,3553048,107021,0.395156,874593,840429,60163,521,457179136,1479512320,345.76,1082163,64,7
cost,python,prepchef-bitty-4x8-int,bitty-4x8-int,counts-eu,32,0.250,0.2000,1.0000,0.840382,0.469193,446.914,0.006782,0.125704,-134.845,1.693,5.9,1983702,1667067,13453,3553048,107021,0.558310,1332545,1257044,100977,73,457179136,369878080,142.31,446374,1,8
cost,python,prepchef-bitty-4x8-distinct,bitty-4x8-distinct,counts-eu,32,0.250,0.2000,1.0000,0.815909,0.417265,393.729,0.006138,0.104213,-123.929,2.216,7.9,1817070,1482564,11153,3553048,107021,0.511412,1345206,1213469,86440,137,457179136,44015488,98.54,692504,2,1
cost,python,prepchef-bitty-4x4-distinct,bitty-4x4-distinct,counts-eu,32,0.250,0.2000,1.0000,0.795726,0.512415,479.529,0.005507,0.117743,-156.556,2.539,9.1,2288015,1820634,12601,3553048,107021,0.643958,1759228,1541000,115095,73,457179136,22007744,82.96,279070,0,7
cost,python,prepchef-bitty-4x4-distinct-int,bitty-4x4-distinct-int,counts-eu,32,0.250,0.2000,1.0000,0.795993,0.479596,448.866,0.005290,0.105820,-146.644,2.455,8.8,2140754,1704026,11325,3553048,107021,0.602512,1613395,1427092,108440,41,457179136,22007744,85.25,375034,0,2
cost,python,prepchef-bitty-4x8-every-2,bitty-4x8-every-2,counts-eu,32,0.250,0.2000,1.0000,0.833881,0.392966,373.395,0.005716,0.089422,-114.445,1.807,6.4,1674370,1396226,9570,3553048,107021,0.471249,1151164,1074090,83335,137,457179136,184939040,136.08,777081,7,6
cost,python,prepchef-bitty-4x8-every-4,bitty-4x8-every-4,counts-eu,32,0.250,0.2000,1.0000,0.823090,0.317189,300.145,0.004893,0.062595,-93.984,1.998,7.2,1369216,1126988,6699,3553048,107021,0.385364,990612,909667,61867,137,457179136,92469536,130.57,1118461,97,0
cost,python,prepchef-bitty-4x8-every-8,bitty-4x8-every-8,counts-eu,32,0.250,0.2000,1.0000,0.817565,0.243751,230.153,0.004407,0.043618,-72.893,2.238,8.0,1059314,866058,4668,3553048,107021,0.298142,809599,733005,46660,137,457179136,46234784,124.70,1452673,823,0
cost,python,prepchef-bitty-4x8-every-16,bitty-4x8-every-16,counts-eu,32,0.250,0.2000,1.0000,0.821600,0.177899,168.241,0.004189,0.030116,-52.998,2.475,8.8,769331,632082,3223,3553048,107021,0.216527,623881,557580,31574,137,457179136,23117408,112.52,1663055,2031,0
cost,python,prepchef-selected,bitty-4x4-distinct-int,ev-h4,32,0.050,0.2000,1.0000,0.543852,0.076081,72.890,0.028623,0.132937,-2.790,3.822,14.2,497043,270318,14227,3553048,107021,0.139892,126210,113355,202184,41,4259840,22007744,66.16,65536,557971,1
cost,python,prepchef-bounded-2^12x4,bitty-4x8-ternary,bounded-2^12x4,32,0.250,0.2000,1.0000,0.879140,0.203564,196.568,0.005276,0.040562,-56.360,1.652,5.8,822705,723273,4341,3553048,107021,0.231549,611016,571657,38728,137,249856,369878080,104.06,4096,2225595,3
cost,python,prepchef-bounded-2^14x4,bitty-4x8-ternary,bounded-2^14x4,32,0.250,0.2000,1.0000,0.871243,0.329046,316.889,0.005120,0.064193,-92.002,1.623,5.7,1341897,1169118,6870,3553048,107021,0.377675,953330,898030,59791,137,999424,369878080,107.67,16384,1391730,4
cost,python,prepchef-bounded-2^16x4,bitty-4x8-ternary,bounded-2^16x4,32,0.250,0.2000,1.0000,0.854885,0.429912,411.668,0.006126,0.102270,-121.872,1.628,5.7,1786788,1527498,10945,3553048,107021,0.502889,1220518,1151626,81476,137,3997696,369878080,121.14,65536,749911,4
cost,python,prepchef-bounded-2^18x4,bitty-4x8-ternary,bounded-2^18x4,32,0.250,0.2000,1.0000,0.843640,0.461001,439.640,0.006710,0.121724,-132.028,1.632,5.7,1941537,1637958,13027,3553048,107021,0.546443,1300403,1227334,92739,137,15990784,369878080,133.53,261687,249663,6
cost,python,prepchef-bounded-2^20x4,bitty-4x8-ternary,bounded-2^20x4,32,0.250,0.2000,1.0000,0.843326,0.461925,440.471,0.006738,0.122527,-132.322,1.632,5.7,1946156,1641243,13113,3553048,107021,0.547743,1302574,1229459,93240,137,63963136,369878080,132.69,472781,1278,6
cost,python,prepchef-bounded-2^22x4,bitty-4x8-ternary,bounded-2^22x4,32,0.250,0.2000,1.0000,0.843326,0.461927,440.473,0.006738,0.122527,-132.323,1.632,5.7,1946164,1641250,13113,3553048,107021,0.547745,1302577,1229462,93241,137,255852544,369878080,140.14,474005,0,6
cost,tsort,null-loop,-,null,32,0.250,0.2000,1.0000,0.000000,0.000000,0.000,0.000000,0.000000,0.000,0.000,0.0,0,0,0,3168430,97428,0.000000,0,0,0,0,0,0,6.47,0,0,0
cost,tsort,next-line,-,next-line,32,0.250,0.2000,1.0000,0.297912,0.094155,38.681,0.032780,0.336915,-66.062,9.662,44.0,1001382,298324,32825,3168430,97428,0.316050,0,0,2167048,0,0,0,10.67,0,0,9
cost,tsort,pc-stride,-,pc-stride,32,0.250,0.2000,1.0000,0.001318,0.000006,-1.189,0.000132,0.000021,-1.196,3.150,14.2,15170,20,2,3168430,97428,0.004788,0,0,11166,0,98304,0,7.71,0,0,0
cost,tsort,ghb-gdc,-,ghb-gdc,32,0.250,0.2000,1.0000,0.588614,0.314311,259.392,0.001550,0.026912,-132.462,3.800,16.7,1691893,995872,2622,3168430,97428,0.533985,0,0,228805,0,294912,0,15.64,0,0,7
cost,tsort,prepchef-explicit4,explicit-4,counts-eu,32,0.250,0.2000,1.0000,0.896479,0.619575,601.689,0.010341,0.232418,-163.847,1.490,6.4,2189769,1963081,22644,3168430,97428,0.691121,1012779,953676,57943,41,457179136,0,37.82,8330,0,1
cost,tsort,prepchef-bitty-4x1,bitty-4x1,counts-eu,32,0.250,0.2000,1.0000,0.823180,0.487166,461.005,0.007820,0.150511,-142.167,2.457,9.7,1875108,1543552,14664,3168430,97428,0.591810,1274736,1122357,90560,25,457179136,48157852,41.76,1574,0,5
cost,tsort,prepchef-bitty-4x2,bitty-4x2,counts-eu,32,0.250,0.2000,1.0000,0.891612,0.644488,624.901,0.007520,0.176766,-173.914,1.960,8.4,2290251,2042015,17222,3168430,97428,0.722835,1247915,1163148,144606,41,457179136,96315704,52.54,7126,0,6
cost,tsort,prepchef-bitty-4x4,bitty-4x4,counts-eu,32,0.250,0.2000,1.0000,0.937515,0.654810,643.899,0.009384,0.213152,-166.420,1.251,5.1,2213000,2074720,20767,3168430,97428,0.698453,953942,937283,63911,73,457179136,192631408,68.25,20620,0,3
cost,tsort,prepchef-bitty-4x8,bitty-4x8,counts-eu,32,0.250,0.2000,1.0000,0.946741,0.664663,655.316,0.009625,0.219762,-167.066,1.089,4.4,2224408,2105939,21411,3168430,97428,0.702054,951640,934724,33074,137,457179136,385262816,108.41,35949,0,3
cost,tsort,prepchef-bitty-4x16,bitty-4x16,counts-eu,32,0.250,0.2000,1.0000,0.946670,0.667509,658.109,0.009556,0.219136,-167.855,1.066,4.2,2234101,2114957,21350,3168430,97428,0.705113,931017,918067,33091,265,457179136,770525632,183.10,66057,0,1
cost,tsort,prepchef-bitty-4x32,bitty-4x32,counts-eu,32,0.250,0.2000,1.0000,0.940845,0.660679,650.294,0.009844,0.224802,-166.914,1.059,4.2,2224931,2093315,21902,3168430,97428,0.702219,906021,893493,31214,521,457179136,1541051264,327.14,113687,0,2
cost,tsort,prepchef-bitty-4x8-int,bitty-4x8-int,counts-eu,32,0.250,0.2000,1.0000,0.928927,0.662216,649.549,0.011544,0.267623,-167.934,1.208,5.0,2258718,2098184,26074,3168430,97428,0.712882,954431,930330,57747,73,457179136,385262816,104.51,37679,0,5
cost,tsort,prepchef-bitty-4x8-distinct,bitty-4x8-distinct,counts-eu,32,0.250,0.2000,1.0000,0.906833,0.644142,627.597,0.009896,0.228589,-168.794,1.427,6.0,2250599,2040918,22271,3168430,97428,0.710320,1014052,953021,63500,137,457179136,61176704,71.56,40466,0,6
cost,tsort,prepchef-bitty-4x4-distinct,bitty-4x4-distinct,counts-eu,32,0.250,0.2000,1.0000,0.904193,0.635519,618.685,0.009625,0.219998,-167.258,1.483,6.3,2226957,2013599,21434,3168430,97428,0.702858,983719,925103,89961,73,457179136,30588352,52.66,21405,0,6
cost,tsort,prepchef-bitty-4x4-distinct-int,bitty-4x4-distinct-int,counts-eu,32,0.250,0.2000,1.0000,0.894165,0.635018,616.227,0.010007,0.231125,-168.661,1.481,6.3,2250155,2012009,22518,3168430,97428,0.710180,1032032,954770,85306,41,457179136,30588352,49.20,19855,0,7
cost,tsort,prepchef-bitty-4x8-every-2,bitty-4x8-every-2,counts-eu,32,0.250,0.2000,1.0000,0.932693,0.655591,643.764,0.010000,0.228600,-166.939,1.320,5.5,2227095,2077195,22272,3168430,97428,0.702902,965067,941365,59498,137,457179136,192631424,105.30,57686,0,6
cost,tsort,prepchef-bitty-4x8-every-4,bitty-4x8-every-4,counts-eu,32,0.250,0.2000,1.0000,0.916327,0.632717,618.273,0.010274,0.230714,-163.755,1.428,5.9,2187780,2004721,22478,3168430,97428,0.690493,968769,929141,74465,137,457179136,96315712,106.64,103766,0,4
cost,tsort,prepchef-bitty-4x8-every-8,bitty-4x8-every-8,counts-eu,32,0.250,0.2000,1.0000,0.885446,0.583475,564.603,0.009308,0.199460,-157.074,1.561,6.5,2087874,1848699,19433,3168430,97428,0.658962,965192,900019,83586,137,457179136,48157856,108.29,187678,0,4
cost,tsort,prepchef-bitty-4x8-every-16,bitty-4x8-every-16,counts-eu,32,0.250,0.2000,1.0000,0.829503,0.481833,457.074,0.008349,0.157716,-139.155,1.831,7.5,1840446,1526655,15366,3168430,97428,0.580870,883180,806690,101326,137,457179136,24078944,111.17,365921,0,3
cost,tsort,prepchef-selected,bitty-4x4-distinct-int,ev-h4,32,0.050,0.2000,1.0000,0.622930,0.009960,9.658,0.181666,0.094459,2.250,3.510,16.2,50659,31557,9203,3168430,97428,0.015989,6912,6424,7401,41,4259840,30588352,38.12,19850,5,0
cost,tsort,prepchef-bounded-2^12x4,bitty-4x8-ternary,bounded-2^12x4,32,0.250,0.2000,1.0000,0.950874,0.627971,619.860,0.009129,0.196073,-157.567,1.089,4.4,2092476,1989681,19103,3168430,97428,0.660414,900235,884420,28626,137,249856,385262816,102.34,4096,232060,2
cost,tsort,prepchef-bounded-2^14x4,bitty-4x8-ternary,bounded-2^14x4,32,0.250,0.2000,1.0000,0.949186,0.660392,651.554,0.009645,0.218233,-165.548,1.089,4.4,2204422,2092406,21262,3168430,97428,0.695746,950511,933645,31772,137,999424,385262816,105.06,16382,30445,2
cost,tsort,prepchef-bounded-2^16x4,bitty-4x8-ternary,bounded-2^16x4,32,0.250,0.2000,1.0000,0.948958,0.661132,652.241,0.009640,0.218418,-165.778,1.089,4.4,2207421,2094749,21280,3168430,97428,0.696692,951708,934792,31914,137,3997696,385262816,103.72,35679,295,2
cost,tsort,prepchef-bounded-2^18x4,bitty-4x8-ternary,bounded-2^18x4,32,0.250,0.2000,1.0000,0.948958,0.661133,652.243,0.009640,0.218418,-165.778,1.089,4.4,2207425,2094753,21280,3168430,97428,0.696694,951709,934793,31914,137,15990784,385262816,100.22,35949,0,2
cost,tsort,prepchef-bounded-2^20x4,bitty-4x8-ternary,bounded-2^20x4,32,0.250,0.2000,1.0000,0.948958,0.661133,652.243,0.009640,0.218418,-165.778,1.089,4.4,2207425,2094753,21280,3168430,97428,0.696694,951709,934793,31914,137,63963136,385262816,98.70,35949,0,2
cost,tsort,prepchef-bounded-2^22x4,bitty-4x8-ternary,bounded-2^22x4,32,0.250,0.2000,1.0000,0.948958,0.661133,652.243,0.009640,0.218418,-165.778,1.089,4.4,2207425,2094753,21280,3168430,97428,0.696694,951709,934793,31914,137,255852544,385262816,104.69,35949,0,2
drift,drift_gcc_tsort,counts-eu@0.10,bitty-4x8-ternary,counts-eu,32,0.250,0.1000,0.1500,0.929092,0.575988,564.998,0.004044,0.215682,-151.853,1.221,6.1,245558,228146,993,396095,4604,0.619947,122421,116259,19221,137,457179136,770499168,96.62,203030,0,0
drift,drift_gcc_tsort,counts-eu@0.15,bitty-4x8-ternary,counts-eu,32,0.250,0.1500,0.2000,0.927319,0.685942,672.501,0.001382,0.191580,-183.648,1.313,8.3,292993,271698,405,396095,2114,0.739704,117904,111633,24167,137,457179136,770499168,93.46,203030,0,0
drift,drift_gcc_tsort,counts-eu@0.20,bitty-4x8-ternary,counts-eu,32,0.250,0.2000,0.2500,0.902121,0.592565,576.492,0.004824,0.245741,-160.254,1.765,6.2,260178,234712,1255,396095,5107,0.656858,162128,156458,11091,137,457179136,770499168,95.21,203030,0,0
drift,drift_gcc_tsort,counts-eu@0.25,bitty-4x8-ternary,counts-eu,32,0.250,0.2500,0.3000,0.921978,0.736914,721.324,0.004125,0.311175,-195.697,1.325,4.5,316589,291888,1306,396095,4197,0.799275,162798,158894,8832,137,457179136,770499168,94.42,203030,0,0
drift,drift_gcc_tsort,counts-eu@0.30,bitty-4x8-ternary,counts-eu,32,0.250,0.3000,0.3500,0.927208,0.748775,734.079,0.004708,0.336762,-197.137,1.314,4.5,319870,296586,1506,396095,4472,0.807559,169148,164711,8711,137,457179136,770499168,97.26,203030,0,0
drift,drift_gcc_tsort,counts-eu@0.35,bitty-4x8-ternary,counts-eu,32,0.250,0.3500,0.4000,0.929582,0.752643,738.389,0.004521,0.336583,-197.838,1.312,4.5,320701,298118,1450,396095,4308,0.809657,172063,167949,8750,137,457179136,770499168,98.50,203030,0,0
drift,drift_gcc_tsort,counts-eu@0.40,bitty-4x8-ternary,counts-eu,32,0.250,0.4000,0.4500,0.932516,0.762340,748.548,0.004509,0.346546,-199.770,1.321,4.5,323811,301959,1460,396095,4213,0.817508,171014,166578,9655,137,457179136,770499168,98.21,203030,0,0
drift,drift_gcc_tsort,counts-eu@0.45,bitty-4x8-ternary,counts-eu,32,0.250,0.4500,0.5000,0.929246,0.766864,752.267,0.004044,0.327309,-202.142,1.285,4.3,326879,303751,1322,396095,4039,0.825254,167840,163309,10521,137,457179136,770499168,96.44,203030,0,0
drift,drift_gcc_tsort,counts-eu@0.50,bitty-4x8-ternary,counts-eu,32,0.250,0.5000,0.5500,0.909710,0.613078,597.865,0.004784,0.251973,-164.452,1.218,4.9,266939,242837,1277,396095,5068,0.673927,118441,115778,8770,137,457179136,770499168,95.05,203030,0,0
drift,drift_gcc_tsort,counts-eu@0.55,bitty-4x8-ternary,counts-eu,32,0.250,0.5500,0.6000,0.942146,0.674793,664.433,0.007159,0.262743,-172.648,1.072,4.3,283695,267282,2031,396095,7730,0.716230,123829,121124,3109,137,457179136,770499168,95.83,203030,0,0
drift,drift_gcc_tsort,counts-eu@0.60,bitty-4x8-ternary,counts-eu,32,0.250,0.6000,0.6500,0.943994,0.670688,660.740,0.008397,0.242633,-170.162,1.074,4.3,281417,265656,2363,396095,9739,0.710479,121068,118819,3358,137,457179136,770499168,97.97,203030,0,0
drift,drift_gcc_tsort,counts-eu@0.65,bitty-4x8-ternary,counts-eu,32,0.250,0.6500,0.7000,0.948013,0.671097,661.896,0.008920,0.229808,-169.082,1.086,4.3,280395,265818,2501,396095,10883,0.707898,119890,118085,3836,137,457179136,770499168,94.03,203030,0,0
drift,drift_gcc_tsort,counts-eu@0.70,bitty-4x8-ternary,counts-eu,32,0.250,0.7000,0.7500,0.946316,0.667729,658.259,0.009550,0.232390,-167.979,1.079,4.3,279488,264484,2669,396095,11485,0.705609,118900,117011,4014,137,457179136,770499168,96.23,203030,0,0
drift,drift_gcc_tsort,counts-eu@0.75,bitty-4x8-ternary,counts-eu,32,0.250,0.7500,0.8000,0.947907,0.665156,656.017,0.009980,0.227116,-166.673,1.087,4.4,277944,263465,2774,396095,12214,0.701710,118824,116828,4367,137,457179136,770499168,95.56,203030,0,0
drift,drift_gcc_tsort,counts-eu@0.80,bitty-4x8-ternary,counts-eu,32,0.250,0.8000,0.8500,0.947950,0.662750,653.653,0.010389,0.227090,-165.706,1.089,4.4,276926,262512,2877,396095,12669,0.699140,118167,116152,4391,137,457179136,770499168,92.87,203030,0,0
drift,drift_gcc_tsort,counts-eu@0.85,bitty-4x8-ternary,counts-eu,32,0.250,0.8500,0.9000,0.946788,0.661503,652.208,0.010020,0.213078,-165.919,1.096,4.4,276744,262018,2773,396095,13014,0.698681,118255,116125,4519,137,457179136,770499168,94.75,203030,0,0
drift,drift_gcc_tsort,counts-eu@0.90,bitty-4x8-ternary,counts-eu,32,0.250,0.9000,0.9500,0.947464,0.660602,651.444,0.009802,0.200015,-165.765,1.100,4.4,276170,261661,2707,396095,13534,0.697232,118278,116108,4388,137,457179136,770499168,93.87,203030,0,0
drift,drift_gcc_tsort,counts-eu@0.95,bitty-4x8-ternary,counts-eu,32,0.250,0.9500,1.0000,0.945508,0.657793,648.315,0.009976,0.197756,-165.250,1.100,4.4,275565,260549,2749,396096,13901,0.695703,118359,115690,4204,137,457179136,770499168,96.00,203030,0,3
drift,drift_gcc_tsort,decay-0.99@0.10,bitty-4x8-ternary,decay-0.99,32,0.250,0.1000,0.1500,0.907978,0.596264,581.156,0.003698,0.208949,-161.137,1.279,6.4,260113,236177,962,396095,4604,0.656693,121154,115032,38987,137,457179136,770499168,98.16,203030,0,0
drift,drift_gcc_tsort,decay-0.99@0.15,bitty-4x8-ternary,decay-0.99,32,0.250,0.1500,0.2000,0.936155,0.699585,687.657,0.001324,0.185430,-185.587,1.307,8.5,296000,277102,392,396095,2114,0.747295,115865,109670,16662,137,457179136,770499168,98.70,203030,0,0
drift,drift_gcc_tsort,decay-0.99@0.20,bitty-4x8-ternary,decay-0.99,32,0.250,0.2000,0.2500,0.910797,0.586723,572.357,0.004848,0.242217,-157.143,1.709,6.0,255159,232398,1237,396095,5107,0.644186,157014,151538,10204,137,457179136,770499168,96.50,203030,0,0
drift,drift_gcc_tsort,decay-0.99@0.25,bitty-4x8-ternary,decay-0.99,32,0.250,0.2500,0.3000,0.916500,0.728017,711.435,0.004199,0.314749,-194.417,1.373,4.7,314636,288364,1321,396095,4197,0.794345,160789,156695,9911,137,457179136,770499168,99.02,203030,0,0
drift,drift_gcc_tsort,decay-0.99@0.30,bitty-4x8-ternary,decay-0.99,32,0.250,0.3000,0.3500,0.917365,0.741009,724.322,0.004735,0.338775,-197.159,1.364,4.7,319949,293510,1515,396095,4472,0.807758,167626,163184,10165,137,457179136,770499168,97.67,203030,0,0
drift,drift_gcc_tsort,decay-0.99@0.35,bitty-4x8-ternary,decay-0.99,32,0.250,0.3500,0.4000,0.921658,0.752716,736.720,0.004427,0.332405,-199.655,1.371,4.8,323490,298147,1432,396095,4308,0.816698,169985,166112,10151,137,457179136,770499168,95.87,203030,0,0
drift,drift_gcc_tsort,decay-0.99@0.40,bitty-4x8-ternary,decay-0.99,32,0.250,0.4000,0.4500,0.926178,0.759613,744.477,0.004322,0.333254,-200.609,1.368,4.7,324861,300879,1404,396095,4213,0.820159,170618,166020,10308,137,457179136,770499168,95.16,203030,0,0
drift,drift_gcc_tsort,decay-0.99@0.45,bitty-4x8-ternary,decay-0.99,32,0.250,0.4500,0.5000,0.910671,0.755609,737.079,0.003892,0.316663,-203.396,1.336,4.4,328651,299293,1279,396095,4039,0.829728,166878,162291,11315,137,457179136,770499168,99.66,203030,0,0
drift,drift_gcc_tsort,decay-0.99@0.50,bitty-4x8-ternary,decay-0.99,32,0.250,0.5000,0.5500,0.909889,0.613095,597.916,0.004526,0.238358,-164.641,1.219,4.9,266894,242844,1208,396095,5068,0.673813,118436,115637,9558,137,457179136,770499168,99.05,203030,0,0
drift,drift_gcc_tsort,decay-0.99@0.55,bitty-4x8-ternary,decay-0.99,32,0.250,0.5500,0.6000,0.933438,0.675098,663.063,0.006430,0.238292,-174.997,1.098,4.4,286471,267403,1842,396095,7730,0.723238,123443,121135,6793,137,457179136,770499168,97.43,203030,0,0
drift,drift_gcc_tsort,decay-0.99@0.60,bitty-4x8-ternary,decay-0.99,32,0.250,0.6000,0.6500,0.930167,0.671448,658.845,0.008635,0.253517,-172.673,1.094,4.4,285924,265957,2469,396095,9739,0.721857,120716,118584,6372,137,457179136,770499168,98.91,203030,0,0
drift,drift_gcc_tsort,decay-0.99@0.65,bitty-4x8-ternary,decay-0.99,32,0.250,0.6500,0.7000,0.932195,0.671586,659.374,0.009679,0.253790,-171.393,1.101,4.4,285361,266012,2762,396095,10883,0.720436,120249,118029,6843,137,457179136,770499168,98.04,203030,0,0
drift,drift_gcc_tsort,decay-0.99@0.70,bitty-4x8-ternary,decay-0.99,32,0.250,0.7000,0.7500,0.932710,0.668701,656.640,0.009680,0.239356,-170.561,1.097,4.4,283978,264869,2749,396095,11485,0.716944,119950,117498,6731,137,457179136,770499168,97.06,203030,0,0
drift,drift_gcc_tsort,decay-0.99@0.75,bitty-4x8-ternary,decay-0.99,32,0.250,0.7500,0.8000,0.930681,0.667347,654.921,0.009594,0.223105,-170.664,1.106,4.4,284021,264333,2725,396095,12214,0.717053,119866,117326,6518,137,457179136,770499168,96.89,203030,0,0
drift,drift_gcc_tsort,decay-0.99@0.80,bitty-4x8-ternary,decay-0.99,32,0.250,0.8000,0.8500,0.932311,0.664058,652.005,0.010545,0.234825,-168.679,1.103,4.4,282127,263030,2975,396095,12669,0.712271,118296,115923,6969,137,457179136,770499168,98.06,203030,0,0
drift,drift_gcc_tsort,decay-0.99@0.85,bitty-4x8-ternary,decay-0.99,32,0.250,0.8500,0.9000,0.929804,0.662932,650.420,0.010248,0.222376,-169.112,1.105,4.4,282408,262584,2894,396095,13014,0.712980,119275,116411,6519,137,457179136,770499168,98.11,203030,0,0
drift,drift_gcc_tsort,decay-0.99@0.90,bitty-4x8-ternary,decay-0.99,32,0.250,0.9000,0.9500,0.930085,0.662238,649.792,0.010325,0.215162,-168.815,1.112,4.5,282027,262309,2912,396095,13534,0.712019,119058,116056,6407,137,457179136,770499168,98.52,203030,0,0
drift,drift_gcc_tsort,decay-0.99@0.95,bitty-4x8-ternary,decay-0.99,32,0.250,0.9500,1.0000,0.926433,0.660623,647.508,0.010597,0.215308,-168.825,1.104,4.5,282449,261670,2993,396096,13901,0.713082,117879,114932,6255,137,457179136,770499168,97.63,203030,0,7
drift,drift_gcc_tsort,decay-0.999@0.10,bitty-4x8-ternary,decay-0.999,32,0.250,0.1000,0.1500,0.927921,0.567311,556.294,0.003977,0.209166,-149.806,1.225,6.1,242164,224709,963,396095,4604,0.611379,121080,114948,19134,137,457179136,770499168,96.91,203030,0,0
drift,drift_gcc_tsort,decay-0.999@0.15,bitty-4x8-ternary,decay-0.999,32,0.250,0.1500,0.2000,0.929119,0.679675,666.713,0.001349,0.184957,-181.648,1.323,8.4,289754,269216,391,396095,2114,0.731527,116080,109884,22316,137,457179136,770499168,97.04,203030,0,0
drift,drift_gcc_tsort,decay-0.999@0.20,bitty-4x8-ternary,decay-0.999,32,0.250,0.2000,0.2500,0.902379,0.579177,563.513,0.004878,0.242804,-156.545,1.779,6.2,254227,229409,1240,396095,5107,0.641833,157739,152152,10798,137,457179136,770499168,95.36,203030,0,0
drift,drift_gcc_tsort,decay-0.999@0.25,bitty-4x8-ternary,decay-0.999,32,0.250,0.2500,0.3000,0.919313,0.728351,712.369,0.004117,0.307839,-193.992,1.365,4.6,313817,288496,1292,396095,4197,0.792277,160825,156768,9263,137,457179136,770499168,94.43,203030,0,0
drift,drift_gcc_tsort,decay-0.999@0.30,bitty-4x8-ternary,decay-0.999,32,0.250,0.3000,0.3500,0.922355,0.740772,725.182,0.004706,0.334750,-196.058,1.352,4.6,318116,293416,1497,396095,4472,0.803131,168068,163571,9522,137,457179136,770499168,95.04,203030,0,0
drift,drift_gcc_tsort,decay-0.999@0.35,bitty-4x8-ternary,decay-0.999,32,0.250,0.3500,0.4000,0.925376,0.746424,731.376,0.004545,0.337047,-197.072,1.349,4.6,319497,295655,1452,396095,4308,0.806617,171138,167125,9533,137,457179136,770499168,93.86,203030,0,0
drift,drift_gcc_tsort,decay-0.999@0.40,bitty-4x8-ternary,decay-0.999,32,0.250,0.4000,0.4500,0.931770,0.759467,745.564,0.004494,0.344410,-199.191,1.353,4.6,322849,300821,1451,396095,4213,0.815080,170629,166156,10352,137,457179136,770499168,95.78,203030,0,0
drift,drift_gcc_tsort,decay-0.999@0.45,bitty-4x8-ternary,decay-0.999,32,0.250,0.4500,0.5000,0.928190,0.765069,750.271,0.003948,0.319138,-201.997,1.320,4.4,326485,303040,1289,396095,4039,0.824259,167529,162837,11185,137,457179136,770499168,95.78,203030,0,0
drift,drift_gcc_tsort,decay-0.999@0.50,bitty-4x8-ternary,decay-0.999,32,0.250,0.5000,0.5500,0.910906,0.607309,592.459,0.004889,0.254736,-162.603,1.221,4.9,264080,240552,1291,396095,5068,0.666709,117347,114764,9101,137,457179136,770499168,96.44,203030,0,0
drift,drift_gcc_tsort,decay-0.999@0.55,bitty-4x8-ternary,decay-0.999,32,0.250,0.5500,0.6000,0.942168,0.672556,662.235,0.006847,0.250453,-172.350,1.077,4.3,282748,266396,1936,396095,7730,0.713839,123617,120937,3641,137,457179136,770499168,97.43,203030,0,0
drift,drift_gcc_tsort,decay-0.999@0.60,bitty-4x8-ternary,decay-0.999,32,0.250,0.6000,0.6500,0.943123,0.669562,659.467,0.008186,0.236369,-170.221,1.080,4.3,281204,265210,2302,396095,9739,0.709941,120784,118817,5273,137,457179136,770499168,95.42,203030,0,0
drift,drift_gcc_tsort,decay-0.999@0.65,bitty-4x8-ternary,decay-0.999,32,0.250,0.6500,0.7000,0.944380,0.671324,661.439,0.009000,0.232840,-169.719,1.087,4.3,281569,265908,2534,396095,10883,0.710862,119997,118189,5417,137,457179136,770499168,94.62,203030,0,0
drift,drift_gcc_tsort,decay-0.999@0.70,bitty-4x8-ternary,decay-0.999,32,0.250,0.7000,0.7500,0.939250,0.667004,656.219,0.009897,0.242403,-168.751,1.079,4.3,281285,264197,2784,396095,11485,0.710145,118715,116772,5509,137,457179136,770499168,93.40,203030,0,0
drift,drift_gcc_tsort,decay-0.999@0.75,bitty-4x8-ternary,decay-0.999,32,0.250,0.7500,0.8000,0.940933,0.666408,655.950,0.009810,0.225315,-168.376,1.090,4.4,280531,263961,2752,396095,12214,0.708242,119047,116986,5176,137,457179136,770499168,92.88,203030,0,0
drift,drift_gcc_tsort,decay-0.999@0.80,bitty-4x8-ternary,decay-0.999,32,0.250,0.8000,0.8500,0.941381,0.663053,652.731,0.010248,0.225669,-167.063,1.093,4.4,278986,262632,2859,396095,12669,0.704341,119369,116736,5508,137,457179136,770499168,93.40,203030,0,0
drift,drift_gcc_tsort,decay-0.999@0.85,bitty-4x8-ternary,decay-0.999,32,0.250,0.8500,0.9000,0.939197,0.662604,651.880,0.009759,0.209544,-167.769,1.101,4.4,279445,262454,2727,396095,13014,0.705500,120013,117114,5663,137,457179136,770499168,93.56,203030,0,0
drift,drift_gcc_tsort,decay-0.999@0.90,bitty-4x8-ternary,decay-0.999,32,0.250,0.9000,0.9500,0.939210,0.661849,651.139,0.009598,0.197946,-167.717,1.103,4.4,279123,262155,2679,396095,13534,0.704687,119985,117003,5497,137,457179136,770499168,94.38,203030,0,0
drift,drift_gcc_tsort,decay-0.999@0.95,bitty-4x8-ternary,decay-0.999,32,0.250,0.9500,1.0000,0.936134,0.659073,647.832,0.010073,0.202072,-167.144,1.097,4.4,278866,261056,2809,396096,13901,0.704036,118637,115617,5050,137,457179136,770499168,96.80,203030,0,3
drift,drift_gcc_tsort,bandit@0.10,bitty-4x8-ternary,bandit,32,0.250,0.1000,0.1500,0.933397,0.594832,584.221,0.003871,0.212207,-156.236,1.365,6.9,252422,235610,977,396095,4604,0.637276,138219,128631,17308,137,591396864,770499168,94.73,203030,0,0
drift,drift_gcc_tsort,bandit@0.15,bitty-4x8-ternary,bandit,32,0.250,0.1500,0.2000,0.944729,0.669438,659.647,0.001436,0.190634,-175.879,1.349,8.5,280674,265161,403,396095,2114,0.708603,117561,111476,18707,137,591396864,770499168,96.24,203030,0,0
drift,drift_gcc_tsort,bandit@0.20,bitty-4x8-ternary,bandit,32,0.250,0.2000,0.2500,0.947689,0.565771,557.963,0.004783,0.221461,-145.681,1.843,6.7,236469,224099,1131,396095,5107,0.597001,152343,148276,11035,137,591396864,770499168,96.36,203030,0,0
drift,drift_gcc_tsort,bandit@0.25,bitty-4x8-ternary,bandit,32,0.250,0.2500,0.3000,0.949012,0.723642,713.922,0.004072,0.293066,-186.749,1.342,4.5,302031,286631,1230,396095,4197,0.762522,161535,158264,7412,137,591396864,770499168,96.51,203030,0,0
drift,drift_gcc_tsort,bandit@0.30,bitty-4x8-ternary,bandit,32,0.250,0.3000,0.3500,0.959077,0.726525,718.775,0.004586,0.307692,-185.039,1.337,4.5,300052,287773,1376,396095,4472,0.757525,167467,163905,7153,137,591396864,770499168,95.75,203030,0,0
drift,drift_gcc_tsort,bandit@0.35,bitty-4x8-ternary,bandit,32,0.250,0.3500,0.4000,0.963849,0.729931,723.087,0.003690,0.256964,-185.834,1.322,4.5,299966,289122,1107,396095,4308,0.757308,170675,167219,6636,137,591396864,770499168,96.75,203030,0,0
drift,drift_gcc_tsort,bandit@0.40,bitty-4x8-ternary,bandit,32,0.250,0.4000,0.4500,0.957104,0.745021,736.673,0.004012,0.293615,-190.699,1.315,4.5,308325,295099,1237,396095,4213,0.778412,168547,165053,7895,137,591396864,770499168,98.81,203030,0,0
drift,drift_gcc_tsort,bandit@0.45,bitty-4x8-ternary,bandit,32,0.250,0.4500,0.5000,0.953271,0.749262,740.080,0.004388,0.338203,-192.187,1.303,4.4,311327,296779,1366,396095,4039,0.785991,166315,162443,8031,137,591396864,770499168,98.15,203030,0,0
drift,drift_gcc_tsort,bandit@0.50,bitty-4x8-ternary,bandit,32,0.250,0.5000,0.5500,0.961230,0.599079,593.038,0.003585,0.174625,-153.018,1.278,5.2,246863,237292,885,396095,5068,0.623242,120306,118201,5467,137,591396864,770499168,99.06,203030,0,0
drift,drift_gcc_tsort,bandit@0.55,bitty-4x8-ternary,bandit,32,0.250,0.5500,0.6000,0.965440,0.659274,653.374,0.006899,0.241397,-164.830,1.064,4.3,270483,261135,1866,396095,7730,0.682874,120947,119750,2079,137,591396864,770499168,99.51,203030,0,0
drift,drift_gcc_tsort,bandit@0.60,bitty-4x8-ternary,bandit,32,0.250,0.6000,0.6500,0.963370,0.658531,652.272,0.005854,0.162748,-165.891,1.091,4.4,270759,260841,1585,396095,9739,0.683571,119331,118181,2231,137,591396864,770499168,101.50,203030,0,0
drift,drift_gcc_tsort,bandit@0.65,bitty-4x8-ternary,bandit,32,0.250,0.6500,0.7000,0.969262,0.656623,651.417,0.006399,0.157769,-163.943,1.098,4.4,268333,260085,1717,396095,10883,0.677446,119897,118546,2514,137,591396864,770499168,100.52,203030,0,0
drift,drift_gcc_tsort,bandit@0.70,bitty-4x8-ternary,bandit,32,0.250,0.7000,0.7500,0.964084,0.654295,648.201,0.006614,0.154811,-164.057,1.095,4.4,268818,259163,1778,396095,11485,0.678671,118972,117376,2302,137,591396864,770499168,97.60,203030,0,0
drift,drift_gcc_tsort,bandit@0.75,bitty-4x8-ternary,bandit,32,0.250,0.7500,0.8000,0.969636,0.645143,640.093,0.006348,0.136974,-161.057,1.090,4.4,263540,255538,1673,396095,12214,0.665345,117668,116277,2343,137,591396864,770499168,99.42,203030,0,0
drift,drift_gcc_tsort,bandit@0.80,bitty-4x8-ternary,bandit,32,0.250,0.8000,0.8500,0.968100,0.644739,639.428,0.007081,0.147447,-160.601,1.093,4.4,263793,255378,1868,396095,12669,0.665984,115453,114745,2564,137,591396864,770499168,99.29,203030,0,0
drift,drift_gcc_tsort,bandit@0.85,bitty-4x8-ternary,bandit,32,0.250,0.8500,0.9000,0.963062,0.650334,644.098,0.007926,0.162901,-162.129,1.097,4.4,267474,257594,2120,396095,13014,0.675277,117498,115758,3484,137,591396864,770499168,96.28,203030,0,0
drift,drift_gcc_tsort,bandit@0.90,bitty-4x8-ternary,bandit,32,0.250,0.9000,0.9500,0.969136,0.639670,634.577,0.005393,0.104182,-160.561,1.090,4.4,261439,253370,1410,396095,13534,0.660041,117115,115471,2742,137,591396864,770499168,96.67,203030,0,0
drift,drift_gcc_tsort,bandit@0.95,bitty-4x8-ternary,bandit,32,0.250,0.9500,1.0000,0.966210,0.642145,636.531,0.007332,0.138839,-160.060,1.104,4.5,263246,254351,1930,396096,13901,0.664602,115763,114408,2647,137,591396864,770499168,97.22,203030,0,1
drift,drift_gcc_tsort,topk-4@0.10,bitty-4x8-ternary,topk-4,32,0.250,0.1000,0.1500,0.929730,0.575741,564.862,0.004036,0.215030,-151.690,1.222,6.0,245284,228048,990,396095,4604,0.619255,122431,116269,19074,137,255852544,770499168,89.71,203030,0,0
drift,drift_gcc_tsort,topk-4@0.15,bitty-4x8-ternary,topk-4,32,0.250,0.1500,0.2000,0.927663,0.684477,671.134,0.001382,0.191107,-183.188,1.312,8.3,292259,271118,404,396095,2114,0.737851,117885,111612,24259,137,255852544,770499168,90.20,203030,0,0
drift,drift_gcc_tsort,topk-4@0.20,bitty-4x8-ternary,topk-4,32,0.250,0.2000,0.2500,0.901361,0.587114,571.052,0.004853,0.245154,-158.890,1.769,6.2,258002,232553,1252,396095,5107,0.651364,161778,156108,10638,137,255852544,770499168,90.94,203030,0,0
drift,drift_gcc_tsort,topk-4@0.25,bitty-4x8-ternary,topk-4,32,0.250,0.2500,0.3000,0.922591,0.736051,720.611,0.004092,0.308077,-195.372,1.327,4.5,316008,291546,1293,396095,4197,0.797809,162773,158869,8775,137,255852544,770499168,91.70,203030,0,0
drift,drift_gcc_tsort,topk-4@0.30,bitty-4x8-ternary,topk-4,32,0.250,0.3000,0.3500,0.927889,0.748119,733.583,0.004716,0.336762,-196.812,1.314,4.5,319355,296326,1506,396095,4472,0.806259,169093,164656,8670,137,255852544,770499168,93.49,203030,0,0
drift,drift_gcc_tsort,topk-4@0.35,bitty-4x8-ternary,topk-4,32,0.250,0.3500,0.4000,0.930477,0.751974,737.927,0.004536,0.337047,-197.458,1.312,4.5,320108,297853,1452,396095,4308,0.808160,172031,167917,8587,137,255852544,770499168,92.21,203030,0,0
drift,drift_gcc_tsort,topk-4@0.40,bitty-4x8-ternary,topk-4,32,0.250,0.4000,0.4500,0.933293,0.762140,748.522,0.004508,0.346072,-199.553,1.320,4.5,323457,301880,1458,396095,4213,0.816615,170978,166547,9569,137,255852544,770499168,92.19,203030,0,0
drift,drift_gcc_tsort,topk-4@0.45,bitty-4x8-ternary,topk-4,32,0.250,0.4500,0.5000,0.929661,0.766657,752.155,0.004050,0.327556,-201.991,1.285,4.3,326645,303669,1323,396095,4039,0.824663,167833,163301,10492,137,255852544,770499168,92.84,203030,0,0
drift,drift_gcc_tsort,topk-4@0.50,bitty-4x8-ternary,topk-4,32,0.250,0.5000,0.5500,0.915150,0.610301,596.154,0.004831,0.251776,-162.695,1.216,4.9,264150,241737,1276,396095,5068,0.666885,118403,115745,8266,137,255852544,770499168,96.61,203030,0,0
drift,drift_gcc_tsort,topk-4@0.55,bitty-4x8-ternary,topk-4,32,0.250,0.5500,0.6000,0.941650,0.671806,661.399,0.007184,0.262613,-171.952,1.072,4.3,282588,266099,2030,396095,7730,0.713435,123830,121125,3005,137,255852544,770499168,93.83,203030,0,0
drift,drift_gcc_tsort,topk-4@0.60,bitty-4x8-ternary,topk-4,32,0.250,0.6000,0.6500,0.945287,0.667544,657.885,0.008434,0.242222,-169.101,1.074,4.3,279715,264411,2359,396095,9739,0.706182,121088,118839,3209,137,255852544,770499168,89.62,203030,0,0
drift,drift_gcc_tsort,topk-4@0.65,bitty-4x8-ternary,topk-4,32,0.250,0.6500,0.7000,0.950417,0.667671,658.962,0.008938,0.228522,-167.777,1.085,4.3,278258,264461,2487,396095,10883,0.702503,119922,118117,3687,137,255852544,770499168,90.45,203030,0,0
drift,drift_gcc_tsort,topk-4@0.70,bitty-4x8-ternary,topk-4,32,0.250,0.7000,0.7500,0.949183,0.664341,655.449,0.009602,0.231781,-166.576,1.080,4.3,277230,263142,2662,396095,11485,0.699908,118922,117033,3897,137,255852544,770499168,91.59,203030,0,0
drift,drift_gcc_tsort,topk-4@0.75,bitty-4x8-ternary,topk-4,32,0.250,0.7500,0.8000,0.950814,0.661437,652.883,0.009991,0.225397,-165.226,1.087,4.4,275545,261992,2753,396095,12214,0.695654,118824,116828,4215,137,255852544,770499168,90.70,203030,0,0
drift,drift_gcc_tsort,topk-4@0.80,bitty-4x8-ternary,topk-4,32,0.250,0.8000,0.8500,0.950112,0.658958,650.308,0.010374,0.224959,-164.396,1.090,4.4,274715,261010,2850,396095,12669,0.693558,118166,116151,4305,137,255852544,770499168,90.92,203030,0,0
drift,drift_gcc_tsort,topk-4@0.85,bitty-4x8-ternary,topk-4,32,0.250,0.8500,0.9000,0.949185,0.658006,649.200,0.010044,0.211926,-164.604,1.096,4.4,274586,260633,2758,396095,13014,0.693233,118254,116124,4354,137,255852544,770499168,91.79,203030,0,0
drift,drift_gcc_tsort,topk-4@0.90,bitty-4x8-ternary,topk-4,32,0.250,0.9000,0.9500,0.949412,0.656948,648.197,0.009793,0.198315,-164.518,1.100,4.4,274079,260214,2684,396095,13534,0.691953,118277,116107,4201,137,255852544,770499168,90.20,203030,0,0
drift,drift_gcc_tsort,topk-4@0.95,bitty-4x8-ternary,topk-4,32,0.250,0.9500,1.0000,0.947265,0.654165,645.060,0.009977,0.196317,-164.033,1.099,4.4,273537,259112,2729,396096,13901,0.690583,118357,115688,4049,137,255852544,770499168,92.91,203030,0,2
